{"type": "FeatureCollection", "features": [{"type": "Feature", "geometry": {"type": "Point", "coordinates": [130.9271811000001, 33.98705306000005]}, "properties": {"id": "35201-000-001", "city": "下関", "address": "山口県　下関市山の田中央町４番１０", "residence_display": "山の田中央町５－４", "area_m2": 282, "usage": "住宅", "price_2025": 59500, "change_rate": 2.8, "nearest_station": "幡生", "station_distance_m": 1400, "road_width_m": 6.0, "building_coverage": 60, "floor_area_ratio": 200, "surroundings": "中規模一般住宅が多い区画整然とした住宅地域", "history": [{"year": 1983, "price": 69900}, {"year": 1984, "price": 72800}, {"year": 1985, "price": 75700}, {"year": 1986, "price": 77600}, {"year": 1987, "price": 78000}, {"year": 1988, "price": 78000}, {"year": 1989, "price": 78200}, {"year": 1990, "price": 78700}, {"year": 1991, "price": 80600}, {"year": 1992, "price": 85900}, {"year": 1993, "price": 87500}, {"year": 1994, "price": 87500}, {"year": 1995, "price": 87900}, {"year": 1996, "price": 89000}, {"year": 1997, "price": 90300}, {"year": 1998, "price": 90600}, {"year": 1999, "price": 90600}, {"year": 2000, "price": 90600}, {"year": 2001, "price": 90600}, {"year": 2002, "price": 89700}, {"year": 2003, "price": 86100}, {"year": 2004, "price": 80500}, {"year": 2005, "price": 75300}, {"year": 2006, "price": 71500}, {"year": 2007, "price": 68700}, {"year": 2008, "price": 66700}, {"year": 2009, "price": 64000}, {"year": 2010, "price": 60400}, {"year": 2011, "price": 57300}, {"year": 2012, "price": 55100}, {"year": 2013, "price": 53500}, {"year": 2014, "price": 52400}, {"year": 2015, "price": 51800}, {"year": 2016, "price": 51600}, {"year": 2017, "price": 51600}, {"year": 2018, "price": 51100}, {"year": 2019, "price": 52200}, {"year": 2020, "price": 53500}, {"year": 2021, "price": 54100}, {"year": 2022, "price": 55200}, {"year": 2023, "price": 56400}, {"year": 2024, "price": 57900}, {"year": 2025, "price": 59500}]}}, {"type": "Feature", "geometry": {"type": "Point", "coordinates": [130.92644110000003, 33.97149389000003]}, "properties": {"id": "35201-000-002", "city": "下関", "address": "山口県　下関市後田町４丁目１０４番１０７", "residence_display": "後田町４－１７－１９", "area_m2": 182, "usage": "住宅", "price_2025": 41300, "change_rate": 1.2, "nearest_station": "幡生", "station_distance_m": 1900, "road_width_m": 6.0, "building_coverage": 60, "floor_area_ratio": 200, "surroundings": "中規模一般住宅が多い丘陵地の既成住宅地域", "history": [{"year": 1989, "price": 61000}, {"year": 1990, "price": 62000}, {"year": 1991, "price": 64200}, {"year": 1992, "price": 66900}, {"year": 1993, "price": 66900}, {"year": 1994, "price": 66900}, {"year": 1995, "price": 66900}, {"year": 1996, "price": 67200}, {"year": 1997, "price": 67600}, {"year": 1998, "price": 67700}, {"year": 1999, "price": 67700}, {"year": 2000, "price": 67700}, {"year": 2001, "price": 67200}, {"year": 2002, "price": 65800}, {"year": 2003, "price": 62600}, {"year": 2004, "price": 58200}, {"year": 2005, "price": 54500}, {"year": 2006, "price": 52100}, {"year": 2007, "price": 50000}, {"year": 2008, "price": 48300}, {"year": 2009, "price": 46600}, {"year": 2010, "price": 43800}, {"year": 2011, "price": 41500}, {"year": 2012, "price": 39900}, {"year": 2013, "price": 38500}, {"year": 2014, "price": 37700}, {"year": 2015, "price": 37200}, {"year": 2016, "price": 36800}, {"year": 2017, "price": 36800}, {"year": 2018, "price": 37000}, {"year": 2019, "price": 37800}, {"year": 2020, "price": 38800}, {"year": 2021, "price": 39300}, {"year": 2022, "price": 39800}, {"year": 2023, "price": 40300}, {"year": 2024, "price": 40800}, {"year": 2025, "price": 41300}]}}, {"type": "Feature", "geometry": {"type": "Point", "coordinates": [130.93762390000006, 33.96366111000003]}, "properties": {"id": "35201-000-003", "city": "下関", "address": "山口県　下関市上田中町４丁目２８番１２３", "residence_display": "上田中町４－１１－２３", "area_m2": 242, "usage": "住宅", "price_2025": 49600, "change_rate": 0.6, "nearest_station": "下関", "station_distance_m": 2800, "road_width_m": 6.0, "building_coverage": 60, "floor_area_ratio": 200, "surroundings": "中規模一般住宅が建ち並ぶ既成住宅地域", "history": [{"year": 1983, "price": 68100}, {"year": 1984, "price": 70500}, {"year": 1985, "price": 72300}, {"year": 1986, "price": 73900}, {"year": 1987, "price": 75000}, {"year": 1988, "price": 75200}, {"year": 1989, "price": 75400}, {"year": 1990, "price": 76200}, {"year": 1991, "price": 77900}, {"year": 1992, "price": 81000}, {"year": 1993, "price": 82000}, {"year": 1994, "price": 82000}, {"year": 1995, "price": 82000}, {"year": 1996, "price": 82000}, {"year": 1997, "price": 82400}, {"year": 1998, "price": 82400}, {"year": 1999, "price": 82400}, {"year": 2000, "price": 82400}, {"year": 2001, "price": 82400}, {"year": 2002, "price": 81100}, {"year": 2003, "price": 78000}, {"year": 2004, "price": 72500}, {"year": 2005, "price": 67300}, {"year": 2006, "price": 63900}, {"year": 2007, "price": 61100}, {"year": 2008, "price": 60100}, {"year": 2009, "price": 58800}, {"year": 2010, "price": 55600}, {"year": 2011, "price": 53000}, {"year": 2012, "price": 51000}, {"year": 2013, "price": 49500}, {"year": 2014, "price": 48500}, {"year": 2015, "price": 48000}, {"year": 2016, "price": 47700}, {"year": 2017, "price": 47700}, {"year": 2018, "price": 48000}, {"year": 2019, "price": 48800}, {"year": 2020, "price": 48600}, {"year": 2021, "price": 48600}, {"year": 2022, "price": 48700}, {"year": 2023, "price": 48900}, {"year": 2024, "price": 49300}, {"year": 2025, "price": 49600}]}}, {"type": "Feature", "geometry": {"type": "Point", "coordinates": [130.93777610000006, 33.97460889000007]}, "properties": {"id": "35201-000-004", "city": "下関", "address": "山口県　下関市石神町２５番３３", "residence_display": "石神町７－２９", "area_m2": 253, "usage": "住宅", "price_2025": 50500, "change_rate": 1.8, "nearest_station": "幡生", "station_distance_m": 1700, "road_width_m": 6.0, "building_coverage": 40, "floor_area_ratio": 80, "surroundings": "中規模一般住宅が建ち並ぶ環境の良い住宅地域", "history": [{"year": 1983, "price": 57400}, {"year": 1984, "price": 59400}, {"year": 1985, "price": 61000}, {"year": 1986, "price": 62500}, {"year": 1987, "price": 63500}, {"year": 1988, "price": 64000}, {"year": 1989, "price": 64500}, {"year": 1990, "price": 65900}, {"year": 1991, "price": 68800}, {"year": 1992, "price": 72500}, {"year": 1993, "price": 73400}, {"year": 1994, "price": 73400}, {"year": 1995, "price": 73400}, {"year": 1996, "price": 74000}, {"year": 1997, "price": 74500}, {"year": 1998, "price": 75000}, {"year": 1999, "price": 75000}, {"year": 2000, "price": 75000}, {"year": 2001, "price": 75000}, {"year": 2002, "price": 74000}, {"year": 2003, "price": 71700}, {"year": 2004, "price": 67300}, {"year": 2005, "price": 63100}, {"year": 2006, "price": 60100}, {"year": 2007, "price": 57600}, {"year": 2008, "price": 56100}, {"year": 2009, "price": 54600}, {"year": 2010, "price": 51600}, {"year": 2011, "price": 49300}, {"year": 2012, "price": 47600}, {"year": 2013, "price": 46200}, {"year": 2014, "price": 45400}, {"year": 2015, "price": 45000}, {"year": 2016, "price": 44800}, {"year": 2017, "price": 44800}, {"year": 2018, "price": 45100}, {"year": 2019, "price": 46000}, {"year": 2020, "price": 47100}, {"year": 2021, "price": 47400}, {"year": 2022, "price": 48000}, {"year": 2023, "price": 48700}, {"year": 2024, "price": 49600}, {"year": 2025, "price": 50500}]}}, {"type": "Feature", "geometry": {"type": "Point", "coordinates": [130.945415, 33.95994889000008]}, "properties": {"id": "35201-000-005", "city": "下関", "address": "山口県　下関市宮田町１丁目１２番６", "residence_display": "宮田町１－３－１６", "area_m2": 122, "usage": "住宅,事務所", "price_2025": 55900, "change_rate": 0.7, "nearest_station": "下関", "station_distance_m": 2800, "road_width_m": 15.0, "building_coverage": 80, "floor_area_ratio": 400, "surroundings": "一般住宅、事業所等が建ち並ぶ混在住宅地域", "history": [{"year": 2013, "price": 56200}, {"year": 2014, "price": 55000}, {"year": 2015, "price": 54300}, {"year": 2016, "price": 54000}, {"year": 2017, "price": 53800}, {"year": 2018, "price": 53800}, {"year": 2019, "price": 54300}, {"year": 2020, "price": 54700}, {"year": 2021, "price": 54800}, {"year": 2022, "price": 54900}, {"year": 2023, "price": 55100}, {"year": 2024, "price": 55500}, {"year": 2025, "price": 55900}]}}, {"type": "Feature", "geometry": {"type": "Point", "coordinates": [130.97268110000005, 34.10381806000004]}, "properties": {"id": "35201-000-006", "city": "下関", "address": "山口県　下関市大字内日下字河原屋敷９１番", "residence_display": "_", "area_m2": 483, "usage": "住宅", "price_2025": 9400, "change_rate": -0.5, "nearest_station": "新下関", "station_distance_m": 13000, "road_width_m": 5.0, "building_coverage": 70, "floor_area_ratio": 200, "surroundings": "農家住宅、一般住宅等が見られる住宅地域", "history": [{"year": 1994, "price": 15500}, {"year": 1995, "price": 15500}, {"year": 1996, "price": 15500}, {"year": 1997, "price": 15500}, {"year": 1998, "price": 15500}, {"year": 1999, "price": 15500}, {"year": 2000, "price": 15500}, {"year": 2001, "price": 15500}, {"year": 2002, "price": 15300}, {"year": 2003, "price": 14800}, {"year": 2004, "price": 14100}, {"year": 2005, "price": 13400}, {"year": 2006, "price": 13000}, {"year": 2007, "price": 12700}, {"year": 2008, "price": 12500}, {"year": 2009, "price": 12100}, {"year": 2010, "price": 11500}, {"year": 2011, "price": 10900}, {"year": 2012, "price": 10500}, {"year": 2013, "price": 10300}, {"year": 2014, "price": 10100}, {"year": 2015, "price": 10000}, {"year": 2016, "price": 9900}, {"year": 2017, "price": 9800}, {"year": 2018, "price": 9750}, {"year": 2019, "price": 9700}, {"year": 2020, "price": 9650}, {"year": 2021, "price": 9600}, {"year": 2022, "price": 9550}, {"year": 2023, "price": 9500}, {"year": 2024, "price": 9450}, {"year": 2025, "price": 9400}]}}, {"type": "Feature", "geometry": {"type": "Point", "coordinates": [130.898365, 33.939603060000024]}, "properties": {"id": "35201-000-007", "city": "下関", "address": "山口県　下関市彦島迫町３丁目４７番", "residence_display": "彦島迫町３－８－５", "area_m2": 196, "usage": "住宅", "price_2025": 32100, "change_rate": -0.9, "nearest_station": "下関", "station_distance_m": 4000, "road_width_m": 6.0, "building_coverage": 60, "floor_area_ratio": 200, "surroundings": "中規模一般住宅が建ち並ぶ住宅地域", "history": [{"year": 1994, "price": 54100}, {"year": 1995, "price": 55200}, {"year": 1996, "price": 56500}, {"year": 1997, "price": 57500}, {"year": 1998, "price": 58000}, {"year": 1999, "price": 58200}, {"year": 2000, "price": 58200}, {"year": 2001, "price": 58200}, {"year": 2002, "price": 57100}, {"year": 2003, "price": 56000}, {"year": 2004, "price": 53500}, {"year": 2005, "price": 51500}, {"year": 2006, "price": 50000}, {"year": 2007, "price": 48300}, {"year": 2008, "price": 47200}, {"year": 2009, "price": 45300}, {"year": 2010, "price": 42300}, {"year": 2011, "price": 40100}, {"year": 2012, "price": 38600}, {"year": 2013, "price": 37300}, {"year": 2014, "price": 36300}, {"year": 2015, "price": 35500}, {"year": 2016, "price": 35000}, {"year": 2017, "price": 34600}, {"year": 2018, "price": 34400}, {"year": 2019, "price": 34200}, {"year": 2020, "price": 34200}, {"year": 2021, "price": 33700}, {"year": 2022, "price": 33200}, {"year": 2023, "price": 32800}, {"year": 2024, "price": 32400}, {"year": 2025, "price": 32100}]}}, {"type": "Feature", "geometry": {"type": "Point", "coordinates": [130.93872190000002, 33.980356940000036]}, "properties": {"id": "35201-000-008", "city": "下関", "address": "山口県　下関市宝町１４８６番５", "residence_display": "宝町１１－４１", "area_m2": 221, "usage": "住宅", "price_2025": 54300, "change_rate": 2.5, "nearest_station": "幡生", "station_distance_m": 1400, "road_width_m": 6.0, "building_coverage": 60, "floor_area_ratio": 200, "surroundings": "住宅、アパート、店舗等が混在する住宅地域", "history": [{"year": 1983, "price": 58900}, {"year": 1984, "price": 61000}, {"year": 1985, "price": 62900}, {"year": 1986, "price": 64700}, {"year": 1987, "price": 65600}, {"year": 1988, "price": 66200}, {"year": 1989, "price": 67300}, {"year": 1990, "price": 69900}, {"year": 1991, "price": 74800}, {"year": 1992, "price": 79600}, {"year": 1993, "price": 80900}, {"year": 1994, "price": 80900}, {"year": 1995, "price": 81300}, {"year": 1996, "price": 82000}, {"year": 1997, "price": 82800}, {"year": 1998, "price": 82800}, {"year": 1999, "price": 82800}, {"year": 2000, "price": 82800}, {"year": 2001, "price": 82800}, {"year": 2002, "price": 81800}, {"year": 2003, "price": 77200}, {"year": 2004, "price": 70600}, {"year": 2005, "price": 67000}, {"year": 2006, "price": 63100}, {"year": 2007, "price": 60200}, {"year": 2008, "price": 58400}, {"year": 2009, "price": 56000}, {"year": 2010, "price": 52900}, {"year": 2011, "price": 50200}, {"year": 2012, "price": 48400}, {"year": 2013, "price": 46900}, {"year": 2014, "price": 45900}, {"year": 2015, "price": 45400}, {"year": 2016, "price": 45200}, {"year": 2017, "price": 45200}, {"year": 2018, "price": 45700}, {"year": 2019, "price": 47000}, {"year": 2020, "price": 48400}, {"year": 2021, "price": 49400}, {"year": 2022, "price": 50400}, {"year": 2023, "price": 51600}, {"year": 2024, "price": 53000}, {"year": 2025, "price": 54300}]}}, {"type": "Feature", "geometry": {"type": "Point", "coordinates": [130.9288061000001, 33.966321110000024]}, "properties": {"id": "35201-000-009", "city": "下関", "address": "山口県　下関市栄町１２１番４", "residence_display": "栄町１１－５", "area_m2": 101, "usage": "住宅", "price_2025": 32800, "change_rate": 0.0, "nearest_station": "幡生", "station_distance_m": 2300, "road_width_m": 4.5, "building_coverage": 60, "floor_area_ratio": 200, "surroundings": "小規模一般住宅が多い既成住宅地域", "history": [{"year": 1983, "price": 59400}, {"year": 1984, "price": 61300}, {"year": 1985, "price": 63000}, {"year": 1986, "price": 64500}, {"year": 1987, "price": 65500}, {"year": 1988, "price": 66300}, {"year": 1989, "price": 67300}, {"year": 1990, "price": 68300}, {"year": 1991, "price": 69800}, {"year": 1992, "price": 71400}, {"year": 1993, "price": 72000}, {"year": 1994, "price": 72000}, {"year": 1995, "price": 72000}, {"year": 1996, "price": 72000}, {"year": 1997, "price": 72400}, {"year": 1998, "price": 72400}, {"year": 1999, "price": 72400}, {"year": 2000, "price": 72400}, {"year": 2001, "price": 72000}, {"year": 2002, "price": 69100}, {"year": 2003, "price": 65600}, {"year": 2004, "price": 60400}, {"year": 2005, "price": 54500}, {"year": 2006, "price": 51000}, {"year": 2007, "price": 48400}, {"year": 2008, "price": 46600}, {"year": 2009, "price": 44400}, {"year": 2010, "price": 41700}, {"year": 2011, "price": 38900}, {"year": 2012, "price": 37100}, {"year": 2013, "price": 35600}, {"year": 2014, "price": 34600}, {"year": 2015, "price": 33900}, {"year": 2016, "price": 33400}, {"year": 2017, "price": 33200}, {"year": 2018, "price": 33000}, {"year": 2019, "price": 33000}, {"year": 2020, "price": 33000}, {"year": 2021, "price": 32900}, {"year": 2022, "price": 32800}, {"year": 2023, "price": 32800}, {"year": 2024, "price": 32800}, {"year": 2025, "price": 32800}]}}, {"type": "Feature", "geometry": {"type": "Point", "coordinates": [130.994125, 34.009936940000046]}, "properties": {"id": "35201-000-010", "city": "下関", "address": "山口県　下関市長府八幡町５１番２", "residence_display": "長府八幡町３－１４", "area_m2": 333, "usage": "住宅", "price_2025": 46800, "change_rate": 1.5, "nearest_station": "長府", "station_distance_m": 1300, "road_width_m": 6.0, "building_coverage": 60, "floor_area_ratio": 200, "surroundings": "住宅、中層アパート、店舗等が混在する住宅地域", "history": [{"year": 1983, "price": 53000}, {"year": 1984, "price": 55000}, {"year": 1985, "price": 56900}, {"year": 1986, "price": 58600}, {"year": 1987, "price": 59900}, {"year": 1988, "price": 61000}, {"year": 1989, "price": 62200}, {"year": 1990, "price": 64100}, {"year": 1991, "price": 68500}, {"year": 1992, "price": 73500}, {"year": 1993, "price": 74500}, {"year": 1994, "price": 75000}, {"year": 1995, "price": 76700}, {"year": 1996, "price": 79000}, {"year": 1997, "price": 80000}, {"year": 1998, "price": 80200}, {"year": 1999, "price": 80200}, {"year": 2000, "price": 79400}, {"year": 2001, "price": 77800}, {"year": 2002, "price": 74400}, {"year": 2003, "price": 70600}, {"year": 2004, "price": 66300}, {"year": 2005, "price": 61900}, {"year": 2006, "price": 59800}, {"year": 2007, "price": 58100}, {"year": 2008, "price": 57500}, {"year": 2009, "price": 54300}, {"year": 2010, "price": 51400}, {"year": 2011, "price": 49000}, {"year": 2012, "price": 47100}, {"year": 2013, "price": 45500}, {"year": 2014, "price": 44500}, {"year": 2015, "price": 43600}, {"year": 2016, "price": 43000}, {"year": 2017, "price": 42800}, {"year": 2018, "price": 42800}, {"year": 2019, "price": 43200}, {"year": 2020, "price": 43700}, {"year": 2021, "price": 44000}, {"year": 2022, "price": 44500}, {"year": 2023, "price": 45300}, {"year": 2024, "price": 46100}, {"year": 2025, "price": 46800}]}}, {"type": "Feature", "geometry": {"type": "Point", "coordinates": [130.91347, 33.98865306000005]}, "properties": {"id": "35201-000-011", "city": "下関", "address": "山口県　下関市新垢田西町１丁目２番８", "residence_display": "新垢田西町１－２－６", "area_m2": 288, "usage": "住宅", "price_2025": 46000, "change_rate": 1.1, "nearest_station": "幡生", "station_distance_m": 2300, "road_width_m": 6.0, "building_coverage": 60, "floor_area_ratio": 200, "surroundings": "中規模一般住宅が多い区画整然とした住宅地域", "history": [{"year": 1983, "price": 56600}, {"year": 1984, "price": 58200}, {"year": 1985, "price": 60200}, {"year": 1986, "price": 62300}, {"year": 1987, "price": 63300}, {"year": 1988, "price": 63700}, {"year": 1989, "price": 64200}, {"year": 1990, "price": 65500}, {"year": 1991, "price": 67300}, {"year": 1992, "price": 70700}, {"year": 1993, "price": 72000}, {"year": 1994, "price": 72000}, {"year": 1995, "price": 72000}, {"year": 1996, "price": 72700}, {"year": 1997, "price": 73200}, {"year": 1998, "price": 73400}, {"year": 1999, "price": 73400}, {"year": 2000, "price": 73400}, {"year": 2001, "price": 73400}, {"year": 2002, "price": 72700}, {"year": 2003, "price": 69000}, {"year": 2004, "price": 63900}, {"year": 2005, "price": 60500}, {"year": 2006, "price": 57500}, {"year": 2007, "price": 55200}, {"year": 2008, "price": 54000}, {"year": 2009, "price": 51900}, {"year": 2010, "price": 49200}, {"year": 2011, "price": 46800}, {"year": 2012, "price": 45000}, {"year": 2013, "price": 43400}, {"year": 2014, "price": 42500}, {"year": 2015, "price": 42000}, {"year": 2016, "price": 41700}, {"year": 2017, "price": 41700}, {"year": 2018, "price": 42100}, {"year": 2019, "price": 42900}, {"year": 2020, "price": 43800}, {"year": 2021, "price": 44000}, {"year": 2022, "price": 44500}, {"year": 2023, "price": 45000}, {"year": 2024, "price": 45500}, {"year": 2025, "price": 46000}]}}, {"type": "Feature", "geometry": {"type": "Point", "coordinates": [130.91544690000012, 33.95768194000004]}, "properties": {"id": "35201-000-012", "city": "下関", "address": "山口県　下関市上新地町５丁目２５３３番５", "residence_display": "上新地町５－３－２０", "area_m2": 194, "usage": "住宅", "price_2025": 30900, "change_rate": 0.0, "nearest_station": "下関", "station_distance_m": 1400, "road_width_m": 6.0, "building_coverage": 60, "floor_area_ratio": 200, "surroundings": "中規模一般住宅が多い既成住宅地域", "history": [{"year": 2001, "price": 60500}, {"year": 2002, "price": 59200}, {"year": 2003, "price": 56700}, {"year": 2004, "price": 52300}, {"year": 2005, "price": 49000}, {"year": 2006, "price": 46800}, {"year": 2007, "price": 44800}, {"year": 2008, "price": 43200}, {"year": 2009, "price": 41200}, {"year": 2010, "price": 38700}, {"year": 2011, "price": 36300}, {"year": 2012, "price": 34800}, {"year": 2013, "price": 33500}, {"year": 2014, "price": 32600}, {"year": 2015, "price": 31900}, {"year": 2016, "price": 31400}, {"year": 2017, "price": 31100}, {"year": 2018, "price": 31000}, {"year": 2019, "price": 31000}, {"year": 2020, "price": 31000}, {"year": 2021, "price": 30900}, {"year": 2022, "price": 30900}, {"year": 2023, "price": 30900}, {"year": 2024, "price": 30900}, {"year": 2025, "price": 30900}]}}, {"type": "Feature", "geometry": {"type": "Point", "coordinates": [130.9200561, 33.918155]}, "properties": {"id": "35201-000-013", "city": "下関", "address": "山口県　下関市彦島向井町１丁目２４番２", "residence_display": "彦島向井町１－１０－２０", "area_m2": 184, "usage": "住宅", "price_2025": 34900, "change_rate": -0.3, "nearest_station": "下関", "station_distance_m": 4700, "road_width_m": 6.0, "building_coverage": 40, "floor_area_ratio": 80, "surroundings": "中規模一般住宅が多い区画整然とした住宅地域", "history": [{"year": 1983, "price": 46400}, {"year": 1984, "price": 48300}, {"year": 1985, "price": 49700}, {"year": 1986, "price": 50800}, {"year": 1987, "price": 51600}, {"year": 1988, "price": 51700}, {"year": 1989, "price": 51800}, {"year": 1990, "price": 52400}, {"year": 1991, "price": 54400}, {"year": 1992, "price": 56800}, {"year": 1993, "price": 57300}, {"year": 1994, "price": 57300}, {"year": 1995, "price": 57900}, {"year": 1996, "price": 58800}, {"year": 1997, "price": 60000}, {"year": 1998, "price": 60600}, {"year": 1999, "price": 60600}, {"year": 2000, "price": 60600}, {"year": 2001, "price": 60600}, {"year": 2002, "price": 60000}, {"year": 2003, "price": 58500}, {"year": 2004, "price": 56600}, {"year": 2005, "price": 53800}, {"year": 2006, "price": 51600}, {"year": 2007, "price": 49700}, {"year": 2008, "price": 48200}, {"year": 2009, "price": 46200}, {"year": 2010, "price": 43400}, {"year": 2011, "price": 41200}, {"year": 2012, "price": 39700}, {"year": 2013, "price": 38300}, {"year": 2014, "price": 37300}, {"year": 2015, "price": 36600}, {"year": 2016, "price": 36400}, {"year": 2017, "price": 36200}, {"year": 2018, "price": 36100}, {"year": 2019, "price": 36000}, {"year": 2020, "price": 35900}, {"year": 2021, "price": 35600}, {"year": 2022, "price": 35300}, {"year": 2023, "price": 35100}, {"year": 2024, "price": 35000}, {"year": 2025, "price": 34900}]}}, {"type": "Feature", "geometry": {"type": "Point", "coordinates": [130.94143140000006, 33.987125830000025]}, "properties": {"id": "35201-000-014", "city": "下関", "address": "山口県　下関市三河町１０番９", "residence_display": "三河町７－１０", "area_m2": 300, "usage": "住宅", "price_2025": 54500, "change_rate": 0.0, "nearest_station": "幡生", "station_distance_m": 2200, "road_width_m": 6.0, "building_coverage": 40, "floor_area_ratio": 80, "surroundings": "中規模一般住宅を中心に区画整然とした住宅地域", "history": [{"year": 2025, "price": 54500}]}}, {"type": "Feature", "geometry": {"type": "Point", "coordinates": [130.98545500000012, 34.00253694000003]}, "properties": {"id": "35201-000-015", "city": "下関", "address": "山口県　下関市長府安養寺４丁目１３６３番１２", "residence_display": "長府安養寺４－９－９", "area_m2": 153, "usage": "住宅", "price_2025": 56900, "change_rate": 3.6, "nearest_station": "長府", "station_distance_m": 2700, "road_width_m": 6.0, "building_coverage": 60, "floor_area_ratio": 200, "surroundings": "一般住宅が比較的整然と建ち並ぶ住宅地域", "history": [{"year": 1994, "price": 90200}, {"year": 1995, "price": 90200}, {"year": 1996, "price": 90500}, {"year": 1997, "price": 90700}, {"year": 1998, "price": 90700}, {"year": 1999, "price": 90200}, {"year": 2000, "price": 88600}, {"year": 2001, "price": 85300}, {"year": 2002, "price": 81000}, {"year": 2003, "price": 74500}, {"year": 2004, "price": 68500}, {"year": 2005, "price": 63900}, {"year": 2006, "price": 61700}, {"year": 2007, "price": 60000}, {"year": 2008, "price": 59400}, {"year": 2009, "price": 58500}, {"year": 2010, "price": 55400}, {"year": 2011, "price": 52800}, {"year": 2012, "price": 50600}, {"year": 2013, "price": 48700}, {"year": 2014, "price": 47600}, {"year": 2015, "price": 47000}, {"year": 2016, "price": 46600}, {"year": 2017, "price": 46600}, {"year": 2018, "price": 46800}, {"year": 2019, "price": 47600}, {"year": 2020, "price": 49000}, {"year": 2021, "price": 49600}, {"year": 2022, "price": 51200}, {"year": 2023, "price": 52900}, {"year": 2024, "price": 54900}, {"year": 2025, "price": 56900}]}}, {"type": "Feature", "geometry": {"type": "Point", "coordinates": [130.997945, 34.01988611000007]}, "properties": {"id": "35201-000-016", "city": "下関", "address": "山口県　下関市長府松小田中町１１８番３", "residence_display": "長府松小田中町１－２８", "area_m2": 192, "usage": "住宅", "price_2025": 43200, "change_rate": 1.4, "nearest_station": "長府", "station_distance_m": 220, "road_width_m": 6.0, "building_coverage": 60, "floor_area_ratio": 200, "surroundings": "中規模一般住宅が建ち並ぶ住宅地域", "history": [{"year": 1994, "price": 64000}, {"year": 1995, "price": 64700}, {"year": 1996, "price": 66700}, {"year": 1997, "price": 67400}, {"year": 1998, "price": 67800}, {"year": 1999, "price": 67800}, {"year": 2000, "price": 67800}, {"year": 2001, "price": 67100}, {"year": 2002, "price": 64700}, {"year": 2003, "price": 61500}, {"year": 2004, "price": 57500}, {"year": 2005, "price": 53800}, {"year": 2006, "price": 51700}, {"year": 2007, "price": 50000}, {"year": 2008, "price": 48700}, {"year": 2009, "price": 46500}, {"year": 2010, "price": 44000}, {"year": 2011, "price": 42000}, {"year": 2012, "price": 40500}, {"year": 2013, "price": 39700}, {"year": 2014, "price": 39300}, {"year": 2015, "price": 39100}, {"year": 2016, "price": 39000}, {"year": 2017, "price": 39000}, {"year": 2018, "price": 39100}, {"year": 2019, "price": 39500}, {"year": 2020, "price": 40200}, {"year": 2021, "price": 40600}, {"year": 2022, "price": 41200}, {"year": 2023, "price": 41900}, {"year": 2024, "price": 42600}, {"year": 2025, "price": 43200}]}}, {"type": "Feature", "geometry": {"type": "Point", "coordinates": [130.9248239000001, 33.963808060000076]}, "properties": {"id": "35201-000-017", "city": "下関", "address": "山口県　下関市神田町１丁目２０番６", "residence_display": "神田町１－７－１３", "area_m2": 159, "usage": "住宅", "price_2025": 23800, "change_rate": -1.2, "nearest_station": "下関", "station_distance_m": 1700, "road_width_m": 6.0, "building_coverage": 60, "floor_area_ratio": 200, "surroundings": "小規模一般住宅が整然と並ぶ既成住宅地域", "history": [{"year": 1983, "price": 46100}, {"year": 1984, "price": 47600}, {"year": 1985, "price": 49000}, {"year": 1986, "price": 50200}, {"year": 1987, "price": 50200}, {"year": 1988, "price": 50200}, {"year": 1989, "price": 50300}, {"year": 1990, "price": 50800}, {"year": 1991, "price": 51900}, {"year": 1992, "price": 53000}, {"year": 1993, "price": 53000}, {"year": 1994, "price": 53000}, {"year": 1995, "price": 53000}, {"year": 1996, "price": 53000}, {"year": 1997, "price": 53000}, {"year": 1998, "price": 53000}, {"year": 1999, "price": 52800}, {"year": 2000, "price": 52400}, {"year": 2001, "price": 51400}, {"year": 2002, "price": 49400}, {"year": 2003, "price": 47000}, {"year": 2004, "price": 44000}, {"year": 2005, "price": 41000}, {"year": 2006, "price": 39500}, {"year": 2007, "price": 38300}, {"year": 2008, "price": 37400}, {"year": 2009, "price": 35500}, {"year": 2010, "price": 33100}, {"year": 2011, "price": 30900}, {"year": 2012, "price": 29500}, {"year": 2013, "price": 28500}, {"year": 2014, "price": 27800}, {"year": 2015, "price": 27300}, {"year": 2016, "price": 26900}, {"year": 2017, "price": 26600}, {"year": 2018, "price": 26500}, {"year": 2019, "price": 26400}, {"year": 2020, "price": 26000}, {"year": 2021, "price": 25500}, {"year": 2022, "price": 25000}, {"year": 2023, "price": 24500}, {"year": 2024, "price": 24100}, {"year": 2025, "price": 23800}]}}, {"type": "Feature", "geometry": {"type": "Point", "coordinates": [130.92877190000002, 33.996261110000034]}, "properties": {"id": "35201-000-018", "city": "下関", "address": "山口県　下関市稗田中町７番２１", "residence_display": "稗田中町２５－３７", "area_m2": 195, "usage": "住宅", "price_2025": 57400, "change_rate": 2.7, "nearest_station": "綾羅木", "station_distance_m": 1100, "road_width_m": 6.0, "building_coverage": 60, "floor_area_ratio": 200, "surroundings": "中規模一般住宅を中心に区画整然とした住宅地域", "history": [{"year": 1983, "price": 60400}, {"year": 1984, "price": 62800}, {"year": 1985, "price": 65200}, {"year": 1986, "price": 67300}, {"year": 1987, "price": 68000}, {"year": 1988, "price": 68400}, {"year": 1989, "price": 69000}, {"year": 1990, "price": 73000}, {"year": 1991, "price": 76400}, {"year": 1992, "price": 84600}, {"year": 1993, "price": 87200}, {"year": 1994, "price": 87200}, {"year": 1995, "price": 88000}, {"year": 1996, "price": 89500}, {"year": 1997, "price": 89500}, {"year": 1998, "price": 89800}, {"year": 1999, "price": 89800}, {"year": 2000, "price": 89800}, {"year": 2001, "price": 89800}, {"year": 2002, "price": 89000}, {"year": 2003, "price": 84000}, {"year": 2004, "price": 76000}, {"year": 2005, "price": 71400}, {"year": 2006, "price": 67000}, {"year": 2007, "price": 64000}, {"year": 2008, "price": 61800}, {"year": 2009, "price": 58700}, {"year": 2010, "price": 55500}, {"year": 2011, "price": 52500}, {"year": 2012, "price": 50600}, {"year": 2013, "price": 49200}, {"year": 2014, "price": 48200}, {"year": 2015, "price": 47600}, {"year": 2016, "price": 47400}, {"year": 2017, "price": 47600}, {"year": 2018, "price": 48300}, {"year": 2019, "price": 49900}, {"year": 2020, "price": 51400}, {"year": 2021, "price": 52000}, {"year": 2022, "price": 53200}, {"year": 2023, "price": 54500}, {"year": 2024, "price": 55900}, {"year": 2025, "price": 57400}]}}, {"type": "Feature", "geometry": {"type": "Point", "coordinates": [130.92143610000005, 33.929695]}, "properties": {"id": "35201-000-019", "city": "下関", "address": "山口県　下関市彦島江の浦町８丁目５３６６番１０", "residence_display": "彦島江の浦町８－８－５", "area_m2": 215, "usage": "住宅", "price_2025": 32300, "change_rate": -0.6, "nearest_station": "下関", "station_distance_m": 3600, "road_width_m": 4.0, "building_coverage": 60, "floor_area_ratio": 200, "surroundings": "中規模一般住宅が建ち並ぶ既成住宅地域", "history": [{"year": 1994, "price": 57000}, {"year": 1995, "price": 57000}, {"year": 1996, "price": 57300}, {"year": 1997, "price": 57900}, {"year": 1998, "price": 58500}, {"year": 1999, "price": 58500}, {"year": 2000, "price": 58500}, {"year": 2001, "price": 58500}, {"year": 2002, "price": 57600}, {"year": 2003, "price": 56000}, {"year": 2004, "price": 54000}, {"year": 2005, "price": 52000}, {"year": 2006, "price": 50400}, {"year": 2007, "price": 48900}, {"year": 2008, "price": 48000}, {"year": 2009, "price": 46100}, {"year": 2010, "price": 43400}, {"year": 2011, "price": 41000}, {"year": 2012, "price": 39300}, {"year": 2013, "price": 37800}, {"year": 2014, "price": 36700}, {"year": 2015, "price": 36000}, {"year": 2016, "price": 35400}, {"year": 2017, "price": 35000}, {"year": 2018, "price": 34700}, {"year": 2019, "price": 34500}, {"year": 2020, "price": 34400}, {"year": 2021, "price": 33800}, {"year": 2022, "price": 33200}, {"year": 2023, "price": 32800}, {"year": 2024, "price": 32500}, {"year": 2025, "price": 32300}]}}, {"type": "Feature", "geometry": {"type": "Point", "coordinates": [130.94916610000007, 34.01289889000003]}, "properties": {"id": "35201-000-020", "city": "下関", "address": "山口県　下関市秋根新町１７番３８", "residence_display": "秋根新町５－１７", "area_m2": 201, "usage": "住宅", "price_2025": 72600, "change_rate": 2.0, "nearest_station": "新下関", "station_distance_m": 850, "road_width_m": 5.5, "building_coverage": 60, "floor_area_ratio": 200, "surroundings": "中規模一般住宅が区画整然と建ち並ぶ住宅地域", "history": [{"year": 1994, "price": 91000}, {"year": 1995, "price": 91000}, {"year": 1996, "price": 91800}, {"year": 1997, "price": 92100}, {"year": 1998, "price": 92100}, {"year": 1999, "price": 92100}, {"year": 2000, "price": 91500}, {"year": 2001, "price": 90300}, {"year": 2002, "price": 89400}, {"year": 2003, "price": 86500}, {"year": 2004, "price": 80800}, {"year": 2005, "price": 74500}, {"year": 2006, "price": 70000}, {"year": 2007, "price": 67200}, {"year": 2008, "price": 65500}, {"year": 2009, "price": 64000}, {"year": 2010, "price": 61100}, {"year": 2011, "price": 60000}, {"year": 2012, "price": 59300}, {"year": 2013, "price": 58600}, {"year": 2014, "price": 58000}, {"year": 2015, "price": 57900}, {"year": 2016, "price": 57900}, {"year": 2017, "price": 58500}, {"year": 2018, "price": 60000}, {"year": 2019, "price": 62100}, {"year": 2020, "price": 64300}, {"year": 2021, "price": 65700}, {"year": 2022, "price": 68000}, {"year": 2023, "price": 69700}, {"year": 2024, "price": 71200}, {"year": 2025, "price": 72600}]}}, {"type": "Feature", "geometry": {"type": "Point", "coordinates": [130.9121311, 34.02690611000003]}, "properties": {"id": "35201-000-021", "city": "下関", "address": "山口県　下関市安岡本町２丁目１７７４番１０外", "residence_display": "安岡本町２－３－１１", "area_m2": 166, "usage": "住宅", "price_2025": 33000, "change_rate": 0.6, "nearest_station": "安岡", "station_distance_m": 600, "road_width_m": 4.5, "building_coverage": 80, "floor_area_ratio": 200, "surroundings": "一般住宅や併用住宅等が建ち並ぶ混在住宅地域", "history": [{"year": 2013, "price": 34100}, {"year": 2014, "price": 33000}, {"year": 2015, "price": 32200}, {"year": 2016, "price": 31900}, {"year": 2017, "price": 31700}, {"year": 2018, "price": 31500}, {"year": 2019, "price": 31500}, {"year": 2020, "price": 32000}, {"year": 2021, "price": 32200}, {"year": 2022, "price": 32400}, {"year": 2023, "price": 32600}, {"year": 2024, "price": 32800}, {"year": 2025, "price": 33000}]}}, {"type": "Feature", "geometry": {"type": "Point", "coordinates": [130.9453400000001, 33.97161889000006]}, "properties": {"id": "35201-000-022", "city": "下関", "address": "山口県　下関市椋野町１丁目１０１３４番３８", "residence_display": "椋野町１－３２－１０", "area_m2": 405, "usage": "住宅", "price_2025": 39100, "change_rate": 0.3, "nearest_station": "幡生", "station_distance_m": 3300, "road_width_m": 6.0, "building_coverage": 40, "floor_area_ratio": 80, "surroundings": "中規模一般住宅が建ち並ぶ高台の閑静な住宅地域", "history": [{"year": 2019, "price": 38900}, {"year": 2020, "price": 38900}, {"year": 2021, "price": 38800}, {"year": 2022, "price": 38800}, {"year": 2023, "price": 38900}, {"year": 2024, "price": 39000}, {"year": 2025, "price": 39100}]}}, {"type": "Feature", "geometry": {"type": "Point", "coordinates": [130.9588069, 34.008368060000066]}, "properties": {"id": "35201-000-023", "city": "下関", "address": "山口県　下関市秋根上町３丁目３７９番１９", "residence_display": "秋根上町３－２－１４", "area_m2": 226, "usage": "住宅", "price_2025": 76100, "change_rate": 2.0, "nearest_station": "新下関", "station_distance_m": 1000, "road_width_m": 5.0, "building_coverage": 60, "floor_area_ratio": 200, "surroundings": "中規模一般住宅が建ち並ぶ区画整理済の住宅地域", "history": [{"year": 2019, "price": 65000}, {"year": 2020, "price": 67200}, {"year": 2021, "price": 68800}, {"year": 2022, "price": 71000}, {"year": 2023, "price": 72900}, {"year": 2024, "price": 74600}, {"year": 2025, "price": 76100}]}}, {"type": "Feature", "geometry": {"type": "Point", "coordinates": [130.92490310000005, 33.925163060000045]}, "properties": {"id": "35201-000-024", "city": "下関", "address": "山口県　下関市彦島弟子待町２丁目１３８５番７", "residence_display": "彦島弟子待町２－１１－３２", "area_m2": 145, "usage": "住宅", "price_2025": 20100, "change_rate": -1.5, "nearest_station": "下関", "station_distance_m": 4400, "road_width_m": 3.0, "building_coverage": 60, "floor_area_ratio": 200, "surroundings": "小規模一般住宅が比較的多い既成住宅地域", "history": [{"year": 1983, "price": 38100}, {"year": 1984, "price": 39400}, {"year": 1985, "price": 40200}, {"year": 1986, "price": 40800}, {"year": 1987, "price": 40800}, {"year": 1988, "price": 40800}, {"year": 1989, "price": 40800}, {"year": 1990, "price": 41100}, {"year": 1991, "price": 41800}, {"year": 1992, "price": 42600}, {"year": 1993, "price": 42600}, {"year": 1994, "price": 42600}, {"year": 1995, "price": 43000}, {"year": 1996, "price": 43000}, {"year": 1997, "price": 43100}, {"year": 1998, "price": 43100}, {"year": 1999, "price": 43100}, {"year": 2000, "price": 43100}, {"year": 2001, "price": 43100}, {"year": 2002, "price": 42800}, {"year": 2003, "price": 42100}, {"year": 2004, "price": 40200}, {"year": 2005, "price": 38200}, {"year": 2006, "price": 36500}, {"year": 2007, "price": 35100}, {"year": 2008, "price": 34000}, {"year": 2009, "price": 32300}, {"year": 2010, "price": 30000}, {"year": 2011, "price": 28000}, {"year": 2012, "price": 26500}, {"year": 2013, "price": 25200}, {"year": 2014, "price": 24400}, {"year": 2015, "price": 23800}, {"year": 2016, "price": 23300}, {"year": 2017, "price": 22900}, {"year": 2018, "price": 22600}, {"year": 2019, "price": 22300}, {"year": 2020, "price": 22000}, {"year": 2021, "price": 21600}, {"year": 2022, "price": 21200}, {"year": 2023, "price": 20800}, {"year": 2024, "price": 20400}, {"year": 2025, "price": 20100}]}}, {"type": "Feature", "geometry": {"type": "Point", "coordinates": [131.00854390000006, 34.04837611000005]}, "properties": {"id": "35201-000-026", "city": "下関", "address": "山口県　下関市東観音町２番１１", "residence_display": "東観音町１８－１０", "area_m2": 291, "usage": "住宅", "price_2025": 28400, "change_rate": 1.4, "nearest_station": "小月", "station_distance_m": 4200, "road_width_m": 5.0, "building_coverage": 60, "floor_area_ratio": 200, "surroundings": "一般住宅が建ち並ぶ区画整然とした住宅地域", "history": [{"year": 1995, "price": 50000}, {"year": 1996, "price": 51400}, {"year": 1997, "price": 52100}, {"year": 1998, "price": 52500}, {"year": 1999, "price": 52900}, {"year": 2000, "price": 52900}, {"year": 2001, "price": 52900}, {"year": 2002, "price": 52000}, {"year": 2003, "price": 49900}, {"year": 2004, "price": 46300}, {"year": 2005, "price": 43000}, {"year": 2006, "price": 40700}, {"year": 2007, "price": 38700}, {"year": 2008, "price": 37300}, {"year": 2009, "price": 35600}, {"year": 2010, "price": 33500}, {"year": 2011, "price": 31800}, {"year": 2012, "price": 30200}, {"year": 2013, "price": 29100}, {"year": 2014, "price": 28300}, {"year": 2015, "price": 27800}, {"year": 2016, "price": 27400}, {"year": 2017, "price": 27100}, {"year": 2018, "price": 26900}, {"year": 2019, "price": 26900}, {"year": 2020, "price": 27300}, {"year": 2021, "price": 27300}, {"year": 2022, "price": 27500}, {"year": 2023, "price": 27700}, {"year": 2024, "price": 28000}, {"year": 2025, "price": 28400}]}}, {"type": "Feature", "geometry": {"type": "Point", "coordinates": [130.8976461000001, 34.070511940000074]}, "properties": {"id": "35201-000-027", "city": "下関", "address": "山口県　下関市吉見新町２丁目３０３０番４７", "residence_display": "吉見新町２－９－２１", "area_m2": 252, "usage": "住宅", "price_2025": 21300, "change_rate": -0.5, "nearest_station": "吉見", "station_distance_m": 700, "road_width_m": 4.5, "building_coverage": 60, "floor_area_ratio": 200, "surroundings": "一般住宅が建ち並ぶ区画整然とした住宅地域", "history": [{"year": 1994, "price": 41500}, {"year": 1995, "price": 41500}, {"year": 1996, "price": 41500}, {"year": 1997, "price": 41500}, {"year": 1998, "price": 41500}, {"year": 1999, "price": 41500}, {"year": 2000, "price": 41500}, {"year": 2001, "price": 41300}, {"year": 2002, "price": 40500}, {"year": 2003, "price": 39000}, {"year": 2004, "price": 37400}, {"year": 2005, "price": 35200}, {"year": 2006, "price": 33500}, {"year": 2007, "price": 32300}, {"year": 2008, "price": 31300}, {"year": 2009, "price": 30200}, {"year": 2010, "price": 28200}, {"year": 2011, "price": 26500}, {"year": 2012, "price": 25300}, {"year": 2013, "price": 24300}, {"year": 2014, "price": 23700}, {"year": 2015, "price": 23300}, {"year": 2016, "price": 22900}, {"year": 2017, "price": 22600}, {"year": 2018, "price": 22400}, {"year": 2019, "price": 22300}, {"year": 2020, "price": 22200}, {"year": 2021, "price": 22000}, {"year": 2022, "price": 21800}, {"year": 2023, "price": 21600}, {"year": 2024, "price": 21400}, {"year": 2025, "price": 21300}]}}, {"type": "Feature", "geometry": {"type": "Point", "coordinates": [130.98989310000002, 33.99211]}, "properties": {"id": "35201-000-028", "city": "下関", "address": "山口県　下関市長府新松原町４５番", "residence_display": "長府新松原町３－３７", "area_m2": 279, "usage": "住宅", "price_2025": 54800, "change_rate": 1.5, "nearest_station": "長府", "station_distance_m": 3500, "road_width_m": 8.0, "building_coverage": 60, "floor_area_ratio": 200, "surroundings": "中規模一般住宅が建ち並ぶ既成住宅地域", "history": [{"year": 2015, "price": 50000}, {"year": 2016, "price": 49800}, {"year": 2017, "price": 49800}, {"year": 2018, "price": 50000}, {"year": 2019, "price": 51000}, {"year": 2020, "price": 52100}, {"year": 2021, "price": 52300}, {"year": 2022, "price": 52800}, {"year": 2023, "price": 53300}, {"year": 2024, "price": 54000}, {"year": 2025, "price": 54800}]}}, {"type": "Feature", "geometry": {"type": "Point", "coordinates": [130.921305, 34.162433890000045]}, "properties": {"id": "35201-000-029", "city": "下関", "address": "山口県　下関市豊浦町大字川棚字三の浜１１５３４番２８", "residence_display": "_", "area_m2": 220, "usage": "住宅", "price_2025": 17000, "change_rate": 0.0, "nearest_station": "小串", "station_distance_m": 1300, "road_width_m": 6.0, "building_coverage": 60, "floor_area_ratio": 200, "surroundings": "中規模一般住宅が建ち並ぶ新興住宅地域", "history": [{"year": 2019, "price": 17500}, {"year": 2020, "price": 17400}, {"year": 2021, "price": 17200}, {"year": 2022, "price": 17100}, {"year": 2023, "price": 17000}, {"year": 2024, "price": 17000}, {"year": 2025, "price": 17000}]}}, {"type": "Feature", "geometry": {"type": "Point", "coordinates": [131.02546310000002, 34.05905111000004]}, "properties": {"id": "35201-000-030", "city": "下関", "address": "山口県　下関市清末中町１丁目１２００番４", "residence_display": "清末中町１－４－３８", "area_m2": 197, "usage": "住宅", "price_2025": 32500, "change_rate": 2.8, "nearest_station": "小月", "station_distance_m": 1500, "road_width_m": 4.5, "building_coverage": 60, "floor_area_ratio": 200, "surroundings": "中規模一般住宅が多い既成住宅地域", "history": [{"year": 1995, "price": 61000}, {"year": 1996, "price": 61400}, {"year": 1997, "price": 62200}, {"year": 1998, "price": 62800}, {"year": 1999, "price": 62800}, {"year": 2000, "price": 62800}, {"year": 2001, "price": 62800}, {"year": 2002, "price": 61500}, {"year": 2003, "price": 58400}, {"year": 2004, "price": 53500}, {"year": 2005, "price": 49000}, {"year": 2006, "price": 46200}, {"year": 2007, "price": 44200}, {"year": 2008, "price": 43000}, {"year": 2009, "price": 41000}, {"year": 2010, "price": 38100}, {"year": 2011, "price": 35800}, {"year": 2012, "price": 34000}, {"year": 2013, "price": 32500}, {"year": 2014, "price": 31400}, {"year": 2015, "price": 30600}, {"year": 2016, "price": 29900}, {"year": 2017, "price": 29600}, {"year": 2018, "price": 29400}, {"year": 2019, "price": 29300}, {"year": 2020, "price": 29700}, {"year": 2021, "price": 29700}, {"year": 2022, "price": 30100}, {"year": 2023, "price": 30800}, {"year": 2024, "price": 31600}, {"year": 2025, "price": 32500}]}}, {"type": "Feature", "geometry": {"type": "Point", "coordinates": [130.93138810000005, 34.006495280000024]}, "properties": {"id": "35201-000-031", "city": "下関", "address": "山口県　下関市伊倉新町３丁目３０１２番１２", "residence_display": "伊倉新町３－３－１７", "area_m2": 243, "usage": "住宅", "price_2025": 90700, "change_rate": 0.8, "nearest_station": "綾羅木", "station_distance_m": 800, "road_width_m": 6.0, "building_coverage": 60, "floor_area_ratio": 200, "surroundings": "戸建住宅やアパートが混在しＳＣに近い住宅地域", "history": [{"year": 2018, "price": 81000}, {"year": 2019, "price": 84000}, {"year": 2020, "price": 87100}, {"year": 2021, "price": 87900}, {"year": 2022, "price": 88300}, {"year": 2023, "price": 89100}, {"year": 2024, "price": 90000}, {"year": 2025, "price": 90700}]}}, {"type": "Feature", "geometry": {"type": "Point", "coordinates": [131.01280110000005, 34.032536110000024]}, "properties": {"id": "35201-000-032", "city": "下関", "address": "山口県　下関市王司南町２２０５番１４", "residence_display": "王司南町３－７", "area_m2": 211, "usage": "住宅", "price_2025": 41800, "change_rate": 1.2, "nearest_station": "長府", "station_distance_m": 2100, "road_width_m": 6.0, "building_coverage": 60, "floor_area_ratio": 200, "surroundings": "中規模一般住宅が建ち並ぶ利便性の良い住宅地域", "history": [{"year": 1995, "price": 68100}, {"year": 1996, "price": 70100}, {"year": 1997, "price": 71000}, {"year": 1998, "price": 71400}, {"year": 1999, "price": 71700}, {"year": 2000, "price": 71700}, {"year": 2001, "price": 71700}, {"year": 2002, "price": 70200}, {"year": 2003, "price": 66100}, {"year": 2004, "price": 62200}, {"year": 2005, "price": 58500}, {"year": 2006, "price": 55600}, {"year": 2007, "price": 53000}, {"year": 2008, "price": 51300}, {"year": 2009, "price": 49000}, {"year": 2010, "price": 46100}, {"year": 2011, "price": 43600}, {"year": 2012, "price": 41700}, {"year": 2013, "price": 40300}, {"year": 2014, "price": 39600}, {"year": 2015, "price": 39100}, {"year": 2016, "price": 38800}, {"year": 2017, "price": 38700}, {"year": 2018, "price": 38700}, {"year": 2019, "price": 39100}, {"year": 2020, "price": 39800}, {"year": 2021, "price": 40100}, {"year": 2022, "price": 40400}, {"year": 2023, "price": 40800}, {"year": 2024, "price": 41300}, {"year": 2025, "price": 41800}]}}, {"type": "Feature", "geometry": {"type": "Point", "coordinates": [130.9086989000001, 33.93973028000005]}, "properties": {"id": "35201-000-033", "city": "下関", "address": "山口県　下関市彦島本村町５丁目６０２番１０外", "residence_display": "彦島本村町５－１５－２", "area_m2": 269, "usage": "住宅", "price_2025": 23900, "change_rate": -0.8, "nearest_station": "下関", "station_distance_m": 2700, "road_width_m": 5.0, "building_coverage": 60, "floor_area_ratio": 200, "surroundings": "中規模一般住宅が建ち並ぶ既成住宅地域", "history": [{"year": 2017, "price": 26100}, {"year": 2018, "price": 25900}, {"year": 2019, "price": 25700}, {"year": 2020, "price": 25500}, {"year": 2021, "price": 25100}, {"year": 2022, "price": 24700}, {"year": 2023, "price": 24300}, {"year": 2024, "price": 24100}, {"year": 2025, "price": 23900}]}}, {"type": "Feature", "geometry": {"type": "Point", "coordinates": [130.9872981000001, 33.99650389000004]}, "properties": {"id": "35201-000-034", "city": "下関", "address": "山口県　下関市長府惣社町２１１０番３", "residence_display": "長府惣社町２－７", "area_m2": 309, "usage": "住宅", "price_2025": 78800, "change_rate": 1.2, "nearest_station": "長府", "station_distance_m": 3000, "road_width_m": 5.5, "building_coverage": 60, "floor_area_ratio": 200, "surroundings": "中規模一般住宅が多い閑静な住宅地域", "history": [{"year": 2008, "price": 90000}, {"year": 2009, "price": 86100}, {"year": 2010, "price": 81800}, {"year": 2011, "price": 77700}, {"year": 2012, "price": 75400}, {"year": 2013, "price": 73400}, {"year": 2014, "price": 72800}, {"year": 2015, "price": 72500}, {"year": 2016, "price": 72500}, {"year": 2017, "price": 72500}, {"year": 2018, "price": 72500}, {"year": 2019, "price": 73000}, {"year": 2020, "price": 74000}, {"year": 2021, "price": 74900}, {"year": 2022, "price": 75800}, {"year": 2023, "price": 76800}, {"year": 2024, "price": 77900}, {"year": 2025, "price": 78800}]}}, {"type": "Feature", "geometry": {"type": "Point", "coordinates": [130.920005, 34.029996940000046]}, "properties": {"id": "35201-000-035", "city": "下関", "address": "山口県　下関市安岡町３丁目４２８番１", "residence_display": "安岡町３－３－２９", "area_m2": 257, "usage": "住宅", "price_2025": 41900, "change_rate": 1.0, "nearest_station": "安岡", "station_distance_m": 1400, "road_width_m": 7.5, "building_coverage": 60, "floor_area_ratio": 200, "surroundings": "一般住宅の中に店舗等が見られる住宅地域", "history": [{"year": 1994, "price": 61000}, {"year": 1995, "price": 61000}, {"year": 1996, "price": 61400}, {"year": 1997, "price": 61700}, {"year": 1998, "price": 61700}, {"year": 1999, "price": 61700}, {"year": 2000, "price": 61700}, {"year": 2001, "price": 61700}, {"year": 2002, "price": 61400}, {"year": 2003, "price": 58600}, {"year": 2004, "price": 56100}, {"year": 2005, "price": 52900}, {"year": 2006, "price": 50400}, {"year": 2007, "price": 48800}, {"year": 2008, "price": 47500}, {"year": 2009, "price": 46100}, {"year": 2010, "price": 43700}, {"year": 2011, "price": 41700}, {"year": 2012, "price": 40100}, {"year": 2013, "price": 38800}, {"year": 2014, "price": 37800}, {"year": 2015, "price": 37200}, {"year": 2016, "price": 37000}, {"year": 2017, "price": 37100}, {"year": 2018, "price": 37600}, {"year": 2019, "price": 38300}, {"year": 2020, "price": 39100}, {"year": 2021, "price": 39600}, {"year": 2022, "price": 40200}, {"year": 2023, "price": 40900}, {"year": 2024, "price": 41500}, {"year": 2025, "price": 41900}]}}, {"type": "Feature", "geometry": {"type": "Point", "coordinates": [130.91765390000012, 33.98432111000005]}, "properties": {"id": "35201-000-036", "city": "下関", "address": "山口県　下関市武久町２丁目１０４２番１２", "residence_display": "武久町２－６２－２６", "area_m2": 324, "usage": "住宅", "price_2025": 45200, "change_rate": 1.1, "nearest_station": "幡生", "station_distance_m": 1400, "road_width_m": 6.0, "building_coverage": 60, "floor_area_ratio": 200, "surroundings": "中規模一般住宅が建ち並ぶ住宅地域", "history": [{"year": 1994, "price": 67000}, {"year": 1995, "price": 67000}, {"year": 1996, "price": 67400}, {"year": 1997, "price": 68300}, {"year": 1998, "price": 69100}, {"year": 1999, "price": 70500}, {"year": 2000, "price": 70500}, {"year": 2001, "price": 70500}, {"year": 2002, "price": 70200}, {"year": 2003, "price": 67200}, {"year": 2004, "price": 64400}, {"year": 2005, "price": 61500}, {"year": 2006, "price": 58900}, {"year": 2007, "price": 57300}, {"year": 2008, "price": 56300}, {"year": 2009, "price": 53300}, {"year": 2010, "price": 49500}, {"year": 2011, "price": 46600}, {"year": 2012, "price": 44600}, {"year": 2013, "price": 43200}, {"year": 2014, "price": 42300}, {"year": 2015, "price": 41800}, {"year": 2016, "price": 41700}, {"year": 2017, "price": 41700}, {"year": 2018, "price": 42000}, {"year": 2019, "price": 42500}, {"year": 2020, "price": 43000}, {"year": 2021, "price": 43300}, {"year": 2022, "price": 43700}, {"year": 2023, "price": 44200}, {"year": 2024, "price": 44700}, {"year": 2025, "price": 45200}]}}, {"type": "Feature", "geometry": {"type": "Point", "coordinates": [131.0390661, 34.07426694000003]}, "properties": {"id": "35201-000-037", "city": "下関", "address": "山口県　下関市小月宮の町１８６１番１３", "residence_display": "小月宮の町４－１９", "area_m2": 152, "usage": "住宅", "price_2025": 22200, "change_rate": -0.9, "nearest_station": "小月", "station_distance_m": 1300, "road_width_m": 4.0, "building_coverage": 60, "floor_area_ratio": 200, "surroundings": "中規模一般住宅が多い既成住宅地域", "history": [{"year": 1995, "price": 52800}, {"year": 1996, "price": 53500}, {"year": 1997, "price": 54200}, {"year": 1998, "price": 54900}, {"year": 1999, "price": 54900}, {"year": 2000, "price": 54900}, {"year": 2001, "price": 54600}, {"year": 2002, "price": 53800}, {"year": 2003, "price": 50100}, {"year": 2004, "price": 46000}, {"year": 2005, "price": 42300}, {"year": 2006, "price": 39900}, {"year": 2007, "price": 38200}, {"year": 2008, "price": 37000}, {"year": 2009, "price": 35300}, {"year": 2010, "price": 32000}, {"year": 2011, "price": 29500}, {"year": 2012, "price": 27900}, {"year": 2013, "price": 26500}, {"year": 2014, "price": 25500}, {"year": 2015, "price": 24800}, {"year": 2016, "price": 24200}, {"year": 2017, "price": 23800}, {"year": 2018, "price": 23500}, {"year": 2019, "price": 23300}, {"year": 2020, "price": 23200}, {"year": 2021, "price": 23000}, {"year": 2022, "price": 22800}, {"year": 2023, "price": 22600}, {"year": 2024, "price": 22400}, {"year": 2025, "price": 22200}]}}, {"type": "Feature", "geometry": {"type": "Point", "coordinates": [131.06956190000005, 34.08989889000003]}, "properties": {"id": "35201-000-038", "city": "下関", "address": "山口県　下関市大字吉田字高原１２１８番１１", "residence_display": "_", "area_m2": 270, "usage": "住宅", "price_2025": 18500, "change_rate": -0.5, "nearest_station": "小月", "station_distance_m": 5100, "road_width_m": 6.0, "building_coverage": 60, "floor_area_ratio": 200, "surroundings": "中規模一般住宅が多い郊外の住宅地域", "history": [{"year": 1983, "price": 23000}, {"year": 1984, "price": 24000}, {"year": 1985, "price": 24700}, {"year": 1986, "price": 25300}, {"year": 1987, "price": 26000}, {"year": 1988, "price": 26500}, {"year": 1989, "price": 27100}, {"year": 1990, "price": 27800}, {"year": 1991, "price": 29200}, {"year": 1992, "price": 32000}, {"year": 1993, "price": 32600}, {"year": 1994, "price": 33000}, {"year": 1995, "price": 33500}, {"year": 1996, "price": 33900}, {"year": 1997, "price": 34300}, {"year": 1998, "price": 34600}, {"year": 1999, "price": 34600}, {"year": 2000, "price": 34600}, {"year": 2001, "price": 34600}, {"year": 2002, "price": 34300}, {"year": 2003, "price": 33300}, {"year": 2004, "price": 32300}, {"year": 2005, "price": 31400}, {"year": 2006, "price": 30400}, {"year": 2007, "price": 29400}, {"year": 2008, "price": 28500}, {"year": 2009, "price": 27400}, {"year": 2010, "price": 25600}, {"year": 2011, "price": 24100}, {"year": 2012, "price": 22700}, {"year": 2013, "price": 21800}, {"year": 2014, "price": 21200}, {"year": 2015, "price": 20700}, {"year": 2016, "price": 20300}, {"year": 2017, "price": 20000}, {"year": 2018, "price": 19700}, {"year": 2019, "price": 19500}, {"year": 2020, "price": 19300}, {"year": 2021, "price": 19100}, {"year": 2022, "price": 18900}, {"year": 2023, "price": 18700}, {"year": 2024, "price": 18600}, {"year": 2025, "price": 18500}]}}, {"type": "Feature", "geometry": {"type": "Point", "coordinates": [131.0100139000001, 34.03948889000003]}, "properties": {"id": "35201-000-039", "city": "下関", "address": "山口県　下関市王司上町２丁目３８２番２外", "residence_display": "王司上町２－７－２１", "area_m2": 429, "usage": "住宅", "price_2025": 23400, "change_rate": 2.6, "nearest_station": "長府", "station_distance_m": 2800, "road_width_m": 5.0, "building_coverage": 70, "floor_area_ratio": 200, "surroundings": "一般住宅、農家住宅等が混在する郊外の住宅地域", "history": [{"year": 1995, "price": 34000}, {"year": 1996, "price": 34400}, {"year": 1997, "price": 34500}, {"year": 1998, "price": 34500}, {"year": 1999, "price": 34500}, {"year": 2000, "price": 34500}, {"year": 2001, "price": 34500}, {"year": 2002, "price": 34300}, {"year": 2003, "price": 33700}, {"year": 2004, "price": 32300}, {"year": 2005, "price": 30800}, {"year": 2006, "price": 29900}, {"year": 2007, "price": 29400}, {"year": 2008, "price": 28900}, {"year": 2009, "price": 28000}, {"year": 2010, "price": 26300}, {"year": 2011, "price": 24700}, {"year": 2012, "price": 23500}, {"year": 2013, "price": 22800}, {"year": 2014, "price": 22300}, {"year": 2015, "price": 21900}, {"year": 2016, "price": 21700}, {"year": 2017, "price": 21600}, {"year": 2018, "price": 21500}, {"year": 2019, "price": 21400}, {"year": 2020, "price": 21300}, {"year": 2021, "price": 21200}, {"year": 2022, "price": 21500}, {"year": 2023, "price": 22200}, {"year": 2024, "price": 22800}, {"year": 2025, "price": 23400}]}}, {"type": "Feature", "geometry": {"type": "Point", "coordinates": [130.88184310000008, 33.94655889000006]}, "properties": {"id": "35201-000-040", "city": "下関", "address": "山口県　下関市彦島西山町４丁目３８２３番５", "residence_display": "彦島西山町４－２－４", "area_m2": 267, "usage": "住宅", "price_2025": 21000, "change_rate": -0.9, "nearest_station": "下関", "station_distance_m": 6000, "road_width_m": 3.5, "building_coverage": 60, "floor_area_ratio": 200, "surroundings": "一般住宅等が建ち並ぶ既成住宅地域", "history": [{"year": 1995, "price": 44000}, {"year": 1996, "price": 44700}, {"year": 1997, "price": 45100}, {"year": 1998, "price": 45100}, {"year": 1999, "price": 45100}, {"year": 2000, "price": 45100}, {"year": 2001, "price": 44600}, {"year": 2002, "price": 43600}, {"year": 2003, "price": 41900}, {"year": 2004, "price": 40200}, {"year": 2005, "price": 38200}, {"year": 2006, "price": 36500}, {"year": 2007, "price": 35000}, {"year": 2008, "price": 33800}, {"year": 2009, "price": 32200}, {"year": 2010, "price": 30100}, {"year": 2011, "price": 28100}, {"year": 2012, "price": 26800}, {"year": 2013, "price": 25700}, {"year": 2014, "price": 24900}, {"year": 2015, "price": 24300}, {"year": 2016, "price": 23800}, {"year": 2017, "price": 23400}, {"year": 2018, "price": 23100}, {"year": 2019, "price": 22900}, {"year": 2020, "price": 22700}, {"year": 2021, "price": 22300}, {"year": 2022, "price": 21900}, {"year": 2023, "price": 21500}, {"year": 2024, "price": 21200}, {"year": 2025, "price": 21000}]}}, {"type": "Feature", "geometry": {"type": "Point", "coordinates": [130.92156390000002, 34.002471110000045]}, "properties": {"id": "35201-000-041", "city": "下関", "address": "山口県　下関市綾羅木南町１丁目８８９番１９", "residence_display": "綾羅木南町１－５－２", "area_m2": 238, "usage": "住宅", "price_2025": 48200, "change_rate": 2.8, "nearest_station": "綾羅木", "station_distance_m": 600, "road_width_m": 4.5, "building_coverage": 40, "floor_area_ratio": 80, "surroundings": "中規模の一般戸建住宅が建ち並ぶ住宅地域", "history": [{"year": 1994, "price": 68600}, {"year": 1995, "price": 69400}, {"year": 1996, "price": 70000}, {"year": 1997, "price": 71000}, {"year": 1998, "price": 71700}, {"year": 1999, "price": 72000}, {"year": 2000, "price": 72000}, {"year": 2001, "price": 72000}, {"year": 2002, "price": 71000}, {"year": 2003, "price": 67500}, {"year": 2004, "price": 62600}, {"year": 2005, "price": 58100}, {"year": 2006, "price": 54600}, {"year": 2007, "price": 51900}, {"year": 2008, "price": 50200}, {"year": 2009, "price": 48200}, {"year": 2010, "price": 45500}, {"year": 2011, "price": 43000}, {"year": 2012, "price": 41300}, {"year": 2013, "price": 40100}, {"year": 2014, "price": 39400}, {"year": 2015, "price": 39100}, {"year": 2016, "price": 39100}, {"year": 2017, "price": 39400}, {"year": 2018, "price": 40200}, {"year": 2019, "price": 41400}, {"year": 2020, "price": 42700}, {"year": 2021, "price": 43300}, {"year": 2022, "price": 44400}, {"year": 2023, "price": 45600}, {"year": 2024, "price": 46900}, {"year": 2025, "price": 48200}]}}, {"type": "Feature", "geometry": {"type": "Point", "coordinates": [130.9469011000001, 34.00374]}, "properties": {"id": "35201-000-042", "city": "下関", "address": "山口県　下関市一の宮町１丁目３１４番２", "residence_display": "一の宮町１－６－６", "area_m2": 310, "usage": "住宅", "price_2025": 58100, "change_rate": 2.8, "nearest_station": "新下関", "station_distance_m": 330, "road_width_m": 4.0, "building_coverage": 60, "floor_area_ratio": 200, "surroundings": "一般住宅、低層アパート等が建ち並ぶ住宅地域", "history": [{"year": 2008, "price": 52500}, {"year": 2009, "price": 52000}, {"year": 2010, "price": 50800}, {"year": 2011, "price": 49700}, {"year": 2012, "price": 48600}, {"year": 2013, "price": 47700}, {"year": 2014, "price": 47200}, {"year": 2015, "price": 47000}, {"year": 2016, "price": 47000}, {"year": 2017, "price": 47400}, {"year": 2018, "price": 48500}, {"year": 2019, "price": 50000}, {"year": 2020, "price": 51600}, {"year": 2021, "price": 52400}, {"year": 2022, "price": 53500}, {"year": 2023, "price": 54900}, {"year": 2024, "price": 56500}, {"year": 2025, "price": 58100}]}}, {"type": "Feature", "geometry": {"type": "Point", "coordinates": [130.945775, 33.99348111000006]}, "properties": {"id": "35201-000-043", "city": "下関", "address": "山口県　下関市熊野町３丁目１３番１４", "residence_display": "熊野町３－８－９", "area_m2": 188, "usage": "住宅", "price_2025": 54900, "change_rate": 1.9, "nearest_station": "新下関", "station_distance_m": 2300, "road_width_m": 6.0, "building_coverage": 40, "floor_area_ratio": 80, "surroundings": "中規模一般住宅が多い区画整然とした住宅地域", "history": [{"year": 1995, "price": 93000}, {"year": 1996, "price": 93600}, {"year": 1997, "price": 93800}, {"year": 1998, "price": 94000}, {"year": 1999, "price": 94000}, {"year": 2000, "price": 94000}, {"year": 2001, "price": 92600}, {"year": 2002, "price": 89800}, {"year": 2003, "price": 85100}, {"year": 2004, "price": 78300}, {"year": 2005, "price": 72300}, {"year": 2006, "price": 67500}, {"year": 2007, "price": 64600}, {"year": 2008, "price": 62600}, {"year": 2009, "price": 60400}, {"year": 2010, "price": 57000}, {"year": 2011, "price": 54000}, {"year": 2012, "price": 51500}, {"year": 2013, "price": 49900}, {"year": 2014, "price": 48900}, {"year": 2015, "price": 48400}, {"year": 2016, "price": 48400}, {"year": 2017, "price": 48500}, {"year": 2018, "price": 49000}, {"year": 2019, "price": 49800}, {"year": 2020, "price": 50900}, {"year": 2021, "price": 51500}, {"year": 2022, "price": 52200}, {"year": 2023, "price": 53000}, {"year": 2024, "price": 53900}, {"year": 2025, "price": 54900}]}}, {"type": "Feature", "geometry": {"type": "Point", "coordinates": [130.92705190000004, 33.95707806000007]}, "properties": {"id": "35201-000-044", "city": "下関", "address": "山口県　下関市関西町２２０２番１１外", "residence_display": "関西町１１－２", "area_m2": 229, "usage": "住宅", "price_2025": 34100, "change_rate": 0.0, "nearest_station": "下関", "station_distance_m": 1200, "road_width_m": 6.0, "building_coverage": 60, "floor_area_ratio": 200, "surroundings": "中規模一般住宅を中心とした既成住宅地域", "history": [{"year": 1993, "price": 69000}, {"year": 1994, "price": 69000}, {"year": 1995, "price": 69000}, {"year": 1996, "price": 69000}, {"year": 1997, "price": 69300}, {"year": 1998, "price": 69400}, {"year": 1999, "price": 69400}, {"year": 2000, "price": 69400}, {"year": 2001, "price": 68700}, {"year": 2002, "price": 67200}, {"year": 2003, "price": 64300}, {"year": 2004, "price": 59400}, {"year": 2005, "price": 54400}, {"year": 2006, "price": 51300}, {"year": 2007, "price": 49000}, {"year": 2008, "price": 47500}, {"year": 2009, "price": 46000}, {"year": 2010, "price": 42500}, {"year": 2011, "price": 40000}, {"year": 2012, "price": 38300}, {"year": 2013, "price": 36800}, {"year": 2014, "price": 36000}, {"year": 2015, "price": 35500}, {"year": 2016, "price": 35200}, {"year": 2017, "price": 34900}, {"year": 2018, "price": 34800}, {"year": 2019, "price": 34700}, {"year": 2020, "price": 34600}, {"year": 2021, "price": 34400}, {"year": 2022, "price": 34300}, {"year": 2023, "price": 34200}, {"year": 2024, "price": 34100}, {"year": 2025, "price": 34100}]}}, {"type": "Feature", "geometry": {"type": "Point", "coordinates": [130.97123610000006, 34.00174]}, "properties": {"id": "35201-000-045", "city": "下関", "address": "山口県　下関市楠乃５丁目４１番３９", "residence_display": "楠乃５－２－８", "area_m2": 200, "usage": "住宅", "price_2025": 33200, "change_rate": 1.2, "nearest_station": "新下関", "station_distance_m": 3100, "road_width_m": 5.0, "building_coverage": 40, "floor_area_ratio": 80, "surroundings": "中規模の一般住宅が建ち並ぶ郊外の住宅地域", "history": [{"year": 1993, "price": 61000}, {"year": 1994, "price": 61000}, {"year": 1995, "price": 61400}, {"year": 1996, "price": 62100}, {"year": 1997, "price": 62500}, {"year": 1998, "price": 63100}, {"year": 1999, "price": 63100}, {"year": 2000, "price": 62500}, {"year": 2001, "price": 61700}, {"year": 2002, "price": 59800}, {"year": 2003, "price": 56800}, {"year": 2004, "price": 52700}, {"year": 2005, "price": 49000}, {"year": 2006, "price": 46600}, {"year": 2007, "price": 44700}, {"year": 2008, "price": 43000}, {"year": 2009, "price": 41300}, {"year": 2010, "price": 38800}, {"year": 2011, "price": 36900}, {"year": 2012, "price": 35300}, {"year": 2013, "price": 34000}, {"year": 2014, "price": 33000}, {"year": 2015, "price": 32500}, {"year": 2016, "price": 32200}, {"year": 2017, "price": 32000}, {"year": 2018, "price": 31900}, {"year": 2019, "price": 31900}, {"year": 2020, "price": 32100}, {"year": 2021, "price": 32200}, {"year": 2022, "price": 32300}, {"year": 2023, "price": 32500}, {"year": 2024, "price": 32800}, {"year": 2025, "price": 33200}]}}, {"type": "Feature", "geometry": {"type": "Point", "coordinates": [130.95338440000012, 33.97306444000003]}, "properties": {"id": "35201-000-046", "city": "下関", "address": "山口県　下関市椋野上町３９０番１", "residence_display": "椋野上町５－２７", "area_m2": 172, "usage": "住宅", "price_2025": 37400, "change_rate": 0.0, "nearest_station": "幡生", "station_distance_m": 3000, "road_width_m": 7.5, "building_coverage": 40, "floor_area_ratio": 80, "surroundings": "中規模一般住宅が建ち並ぶ傾斜地の既成住宅地域", "history": [{"year": 2022, "price": 37400}, {"year": 2023, "price": 37400}, {"year": 2024, "price": 37400}, {"year": 2025, "price": 37400}]}}, {"type": "Feature", "geometry": {"type": "Point", "coordinates": [130.9695650000001, 33.974811110000076]}, "properties": {"id": "35201-000-047", "city": "下関", "address": "山口県　下関市前田１丁目１７３番７", "residence_display": "前田１－９－１６", "area_m2": 199, "usage": "住宅", "price_2025": 30200, "change_rate": 0.0, "nearest_station": "下関", "station_distance_m": 5700, "road_width_m": 6.0, "building_coverage": 60, "floor_area_ratio": 200, "surroundings": "中規模一般住宅、アパート等が混在する住宅地域", "history": [{"year": 1993, "price": 66500}, {"year": 1994, "price": 66500}, {"year": 1995, "price": 66600}, {"year": 1996, "price": 66700}, {"year": 1997, "price": 66700}, {"year": 1998, "price": 66700}, {"year": 1999, "price": 66700}, {"year": 2000, "price": 66000}, {"year": 2001, "price": 64500}, {"year": 2002, "price": 62500}, {"year": 2003, "price": 60000}, {"year": 2004, "price": 56000}, {"year": 2005, "price": 52100}, {"year": 2006, "price": 48500}, {"year": 2007, "price": 46000}, {"year": 2008, "price": 43800}, {"year": 2009, "price": 41200}, {"year": 2010, "price": 38700}, {"year": 2011, "price": 36300}, {"year": 2012, "price": 34500}, {"year": 2013, "price": 33300}, {"year": 2014, "price": 32500}, {"year": 2015, "price": 31900}, {"year": 2016, "price": 31400}, {"year": 2017, "price": 31000}, {"year": 2018, "price": 30800}, {"year": 2019, "price": 30700}, {"year": 2020, "price": 30600}, {"year": 2021, "price": 30400}, {"year": 2022, "price": 30300}, {"year": 2023, "price": 30200}, {"year": 2024, "price": 30200}, {"year": 2025, "price": 30200}]}}, {"type": "Feature", "geometry": {"type": "Point", "coordinates": [130.92611390000002, 34.03225389000005]}, "properties": {"id": "35201-000-048", "city": "下関", "address": "山口県　下関市安岡町６丁目５９４番３", "residence_display": "安岡町６－４－２９", "area_m2": 458, "usage": "住宅", "price_2025": 15800, "change_rate": 2.6, "nearest_station": "安岡", "station_distance_m": 2300, "road_width_m": 5.0, "building_coverage": 70, "floor_area_ratio": 200, "surroundings": "一般住宅のほか、農家住宅等も見られる住宅地域", "history": [{"year": 1983, "price": 18800}, {"year": 1984, "price": 19300}, {"year": 1985, "price": 19700}, {"year": 1986, "price": 20100}, {"year": 1987, "price": 20300}, {"year": 1988, "price": 20500}, {"year": 1989, "price": 20700}, {"year": 1990, "price": 21100}, {"year": 1991, "price": 21500}, {"year": 1992, "price": 22000}, {"year": 1993, "price": 22100}, {"year": 1994, "price": 22100}, {"year": 1995, "price": 22100}, {"year": 1996, "price": 22200}, {"year": 1997, "price": 22300}, {"year": 1998, "price": 22400}, {"year": 1999, "price": 22400}, {"year": 2000, "price": 22400}, {"year": 2001, "price": 22400}, {"year": 2002, "price": 22300}, {"year": 2003, "price": 21900}, {"year": 2004, "price": 21200}, {"year": 2005, "price": 20600}, {"year": 2006, "price": 20100}, {"year": 2007, "price": 19700}, {"year": 2008, "price": 19300}, {"year": 2009, "price": 18600}, {"year": 2010, "price": 17500}, {"year": 2011, "price": 16600}, {"year": 2012, "price": 15800}, {"year": 2013, "price": 15200}, {"year": 2014, "price": 14800}, {"year": 2015, "price": 14600}, {"year": 2016, "price": 14400}, {"year": 2017, "price": 14300}, {"year": 2018, "price": 14300}, {"year": 2019, "price": 14400}, {"year": 2020, "price": 14500}, {"year": 2021, "price": 14500}, {"year": 2022, "price": 14700}, {"year": 2023, "price": 15000}, {"year": 2024, "price": 15400}, {"year": 2025, "price": 15800}]}}, {"type": "Feature", "geometry": {"type": "Point", "coordinates": [131.0424111000001, 34.06287306000007]}, "properties": {"id": "35201-000-049", "city": "下関", "address": "山口県　下関市王喜宇津井１丁目１６３８番１", "residence_display": "王喜宇津井１－８－４６", "area_m2": 459, "usage": "住宅", "price_2025": 13500, "change_rate": -0.7, "nearest_station": "小月", "station_distance_m": 2300, "road_width_m": 3.0, "building_coverage": 70, "floor_area_ratio": 200, "surroundings": "一般住宅、農漁家住宅が混在する住宅地域", "history": [{"year": 1991, "price": 22000}, {"year": 1992, "price": 22600}, {"year": 1993, "price": 22700}, {"year": 1994, "price": 22700}, {"year": 1995, "price": 22700}, {"year": 1996, "price": 22700}, {"year": 1997, "price": 22700}, {"year": 1998, "price": 22700}, {"year": 1999, "price": 22700}, {"year": 2000, "price": 22700}, {"year": 2001, "price": 22700}, {"year": 2002, "price": 22500}, {"year": 2003, "price": 22000}, {"year": 2004, "price": 21200}, {"year": 2005, "price": 20600}, {"year": 2006, "price": 20100}, {"year": 2007, "price": 19700}, {"year": 2008, "price": 19300}, {"year": 2009, "price": 18600}, {"year": 2010, "price": 17500}, {"year": 2011, "price": 16500}, {"year": 2012, "price": 15800}, {"year": 2013, "price": 15300}, {"year": 2014, "price": 14900}, {"year": 2015, "price": 14600}, {"year": 2016, "price": 14400}, {"year": 2017, "price": 14300}, {"year": 2018, "price": 14200}, {"year": 2019, "price": 14100}, {"year": 2020, "price": 14000}, {"year": 2021, "price": 13900}, {"year": 2022, "price": 13800}, {"year": 2023, "price": 13700}, {"year": 2024, "price": 13600}, {"year": 2025, "price": 13500}]}}, {"type": "Feature", "geometry": {"type": "Point", "coordinates": [130.9269581000001, 33.982236940000064]}, "properties": {"id": "35201-000-050", "city": "下関", "address": "山口県　下関市武久町１丁目９１３番２０", "residence_display": "武久町１－２５－５", "area_m2": 204, "usage": "住宅", "price_2025": 40900, "change_rate": 1.0, "nearest_station": "幡生", "station_distance_m": 1000, "road_width_m": 6.5, "building_coverage": 60, "floor_area_ratio": 200, "surroundings": "中規模一般住宅、アパ－ト等が建ち並ぶ住宅地域", "history": [{"year": 2016, "price": 37500}, {"year": 2017, "price": 37500}, {"year": 2018, "price": 37700}, {"year": 2019, "price": 38100}, {"year": 2020, "price": 38800}, {"year": 2021, "price": 39200}, {"year": 2022, "price": 39600}, {"year": 2023, "price": 40000}, {"year": 2024, "price": 40500}, {"year": 2025, "price": 40900}]}}, {"type": "Feature", "geometry": {"type": "Point", "coordinates": [130.91221890000008, 33.91727056000008]}, "properties": {"id": "35201-000-052", "city": "下関", "address": "山口県　下関市彦島塩浜町３丁目２０８５番８４", "residence_display": "彦島塩浜町３－２０－１４", "area_m2": 250, "usage": "住宅", "price_2025": 30100, "change_rate": -0.7, "nearest_station": "下関", "station_distance_m": 4500, "road_width_m": 6.0, "building_coverage": 40, "floor_area_ratio": 80, "surroundings": "中規模一般住宅が多い区画整然とした住宅地域", "history": [{"year": 2016, "price": 32100}, {"year": 2017, "price": 31800}, {"year": 2018, "price": 31600}, {"year": 2019, "price": 31500}, {"year": 2020, "price": 31400}, {"year": 2021, "price": 31100}, {"year": 2022, "price": 30800}, {"year": 2023, "price": 30500}, {"year": 2024, "price": 30300}, {"year": 2025, "price": 30100}]}}, {"type": "Feature", "geometry": {"type": "Point", "coordinates": [130.96321690000002, 34.01385]}, "properties": {"id": "35201-000-053", "city": "下関", "address": "山口県　下関市大字田倉字風け尾７２４番", "residence_display": "_", "area_m2": 252, "usage": "住宅", "price_2025": 58300, "change_rate": 1.6, "nearest_station": "新下関", "station_distance_m": 1900, "road_width_m": 6.0, "building_coverage": 60, "floor_area_ratio": 200, "surroundings": "中規模一般住宅が多い区画整理済の住宅地域", "history": [{"year": 2021, "price": 55000}, {"year": 2022, "price": 55700}, {"year": 2023, "price": 56500}, {"year": 2024, "price": 57400}, {"year": 2025, "price": 58300}]}}, {"type": "Feature", "geometry": {"type": "Point", "coordinates": [131.0385639000001, 34.079730280000035]}, "properties": {"id": "35201-003-001", "city": "下関", "address": "山口県　下関市大字小月町字岡２１４０番", "residence_display": "_", "area_m2": 594, "usage": "農地", "price_2025": 5800, "change_rate": -0.9, "nearest_station": "小月", "station_distance_m": 1800, "road_width_m": 0.0, "building_coverage": 60, "floor_area_ratio": 200, "surroundings": "周辺に小規模住宅団地も見られる宅地見込地地域", "history": [{"year": 2017, "price": 6200}, {"year": 2018, "price": 6150}, {"year": 2019, "price": 6100}, {"year": 2020, "price": 6050}, {"year": 2021, "price": 6000}, {"year": 2022, "price": 5950}, {"year": 2023, "price": 5900}, {"year": 2024, "price": 5850}, {"year": 2025, "price": 5800}]}}, {"type": "Feature", "geometry": {"type": "Point", "coordinates": [130.92477310000004, 33.95056389000007]}, "properties": {"id": "35201-005-001", "city": "下関", "address": "山口県　下関市竹崎町４丁目３０番３", "residence_display": "竹崎町４－２－３３", "area_m2": 700, "usage": "商業地", "price_2025": 185000, "change_rate": 2.2, "nearest_station": "下関", "station_distance_m": 260, "road_width_m": 36.0, "building_coverage": 80, "floor_area_ratio": 600, "surroundings": "ホテル、銀行等が建ち並ぶ駅前の商業地域", "history": [{"year": 2001, "price": 620000}, {"year": 2002, "price": 510000}, {"year": 2003, "price": 413000}, {"year": 2004, "price": 334000}, {"year": 2005, "price": 270000}, {"year": 2006, "price": 243000}, {"year": 2007, "price": 233000}, {"year": 2008, "price": 227000}, {"year": 2009, "price": 220000}, {"year": 2010, "price": 213000}, {"year": 2011, "price": 205000}, {"year": 2012, "price": 198000}, {"year": 2013, "price": 192000}, {"year": 2014, "price": 190000}, {"year": 2015, "price": 190000}, {"year": 2016, "price": 190000}, {"year": 2017, "price": 190000}, {"year": 2018, "price": 190000}, {"year": 2019, "price": 190000}, {"year": 2020, "price": 190000}, {"year": 2021, "price": 186000}, {"year": 2022, "price": 182000}, {"year": 2023, "price": 179000}, {"year": 2024, "price": 181000}, {"year": 2025, "price": 185000}]}}, {"type": "Feature", "geometry": {"type": "Point", "coordinates": [130.92001, 33.95556194000005]}, "properties": {"id": "35201-005-002", "city": "下関", "address": "山口県　下関市新地西町１１８番１外", "residence_display": "新地西町１０－１７", "area_m2": 238, "usage": "商業地", "price_2025": 61200, "change_rate": -0.5, "nearest_station": "下関", "station_distance_m": 650, "road_width_m": 23.0, "building_coverage": 80, "floor_area_ratio": 600, "surroundings": "店舗、事務所等が建ち並ぶ国道沿いの商業地域", "history": [{"year": 1993, "price": 300000}, {"year": 1994, "price": 290000}, {"year": 1995, "price": 284000}, {"year": 1996, "price": 273000}, {"year": 1997, "price": 270000}, {"year": 1998, "price": 268000}, {"year": 1999, "price": 266000}, {"year": 2000, "price": 255000}, {"year": 2001, "price": 237000}, {"year": 2002, "price": 210000}, {"year": 2003, "price": 184000}, {"year": 2004, "price": 155000}, {"year": 2005, "price": 131000}, {"year": 2006, "price": 118000}, {"year": 2007, "price": 110000}, {"year": 2008, "price": 106000}, {"year": 2009, "price": 100000}, {"year": 2010, "price": 92800}, {"year": 2011, "price": 84900}, {"year": 2012, "price": 80100}, {"year": 2013, "price": 76000}, {"year": 2014, "price": 72800}, {"year": 2015, "price": 70500}, {"year": 2016, "price": 68700}, {"year": 2017, "price": 67400}, {"year": 2018, "price": 66300}, {"year": 2019, "price": 65400}, {"year": 2020, "price": 64800}, {"year": 2021, "price": 64000}, {"year": 2022, "price": 63200}, {"year": 2023, "price": 62200}, {"year": 2024, "price": 61500}, {"year": 2025, "price": 61200}]}}, {"type": "Feature", "geometry": {"type": "Point", "coordinates": [131.0110069000001, 34.03016611000004]}, "properties": {"id": "35201-005-003", "city": "下関", "address": "山口県　下関市長府才川１丁目８１１番４外", "residence_display": "長府才川１－１－３０", "area_m2": 1304, "usage": "商業地", "price_2025": 58000, "change_rate": 0.5, "nearest_station": "長府", "station_distance_m": 1700, "road_width_m": 30.0, "building_coverage": 80, "floor_area_ratio": 200, "surroundings": "低層店舗等が建ち並ぶ国道沿いの路線商業地域", "history": [{"year": 2007, "price": 80000}, {"year": 2008, "price": 78000}, {"year": 2009, "price": 75500}, {"year": 2010, "price": 71800}, {"year": 2011, "price": 67700}, {"year": 2012, "price": 64400}, {"year": 2013, "price": 61700}, {"year": 2014, "price": 60000}, {"year": 2015, "price": 58400}, {"year": 2016, "price": 57500}, {"year": 2017, "price": 57100}, {"year": 2018, "price": 57100}, {"year": 2019, "price": 57300}, {"year": 2020, "price": 57700}, {"year": 2021, "price": 57700}, {"year": 2022, "price": 57700}, {"year": 2023, "price": 57700}, {"year": 2024, "price": 57700}, {"year": 2025, "price": 58000}]}}, {"type": "Feature", "geometry": {"type": "Point", "coordinates": [130.9455819000001, 34.008171110000035]}, "properties": {"id": "35201-005-004", "city": "下関", "address": "山口県　下関市秋根西町１丁目６番６", "residence_display": "秋根西町１－７－１３", "area_m2": 427, "usage": "商業地", "price_2025": 103000, "change_rate": 3.0, "nearest_station": "新下関", "station_distance_m": 450, "road_width_m": 32.0, "building_coverage": 80, "floor_area_ratio": 200, "surroundings": "低層店舗、営業所等が多い駅に近い路線商業地域", "history": [{"year": 2009, "price": 102000}, {"year": 2010, "price": 100000}, {"year": 2011, "price": 98000}, {"year": 2012, "price": 95500}, {"year": 2013, "price": 93100}, {"year": 2014, "price": 91200}, {"year": 2015, "price": 90300}, {"year": 2016, "price": 90300}, {"year": 2017, "price": 90800}, {"year": 2018, "price": 91700}, {"year": 2019, "price": 94000}, {"year": 2020, "price": 96500}, {"year": 2021, "price": 96500}, {"year": 2022, "price": 96500}, {"year": 2023, "price": 97900}, {"year": 2024, "price": 100000}, {"year": 2025, "price": 103000}]}}, {"type": "Feature", "geometry": {"type": "Point", "coordinates": [130.9891669000001, 33.998818060000076]}, "properties": {"id": "35201-005-005", "city": "下関", "address": "山口県　下関市長府土居の内町１６４番１", "residence_display": "長府土居の内町３－１０", "area_m2": 87, "usage": "商業地", "price_2025": 63300, "change_rate": 1.3, "nearest_station": "長府", "station_distance_m": 2900, "road_width_m": 12.0, "building_coverage": 80, "floor_area_ratio": 400, "surroundings": "店舗ビル、小売店等が建ち並ぶ商業地域", "history": [{"year": 2017, "price": 63000}, {"year": 2018, "price": 62900}, {"year": 2019, "price": 62900}, {"year": 2020, "price": 62900}, {"year": 2021, "price": 62500}, {"year": 2022, "price": 62200}, {"year": 2023, "price": 62200}, {"year": 2024, "price": 62500}, {"year": 2025, "price": 63300}]}}, {"type": "Feature", "geometry": {"type": "Point", "coordinates": [130.94025110000007, 33.95701111000005]}, "properties": {"id": "35201-005-006", "city": "下関", "address": "山口県　下関市南部町１８番６", "residence_display": "南部町３－１５", "area_m2": 96, "usage": "商業地", "price_2025": 68500, "change_rate": 1.0, "nearest_station": "下関", "station_distance_m": 2200, "road_width_m": 18.0, "building_coverage": 80, "floor_area_ratio": 400, "surroundings": "店舗、事務所等が混在する市役所背後の商業地域", "history": [{"year": 1983, "price": 112000}, {"year": 1984, "price": 115000}, {"year": 1985, "price": 118000}, {"year": 1986, "price": 121000}, {"year": 1987, "price": 123000}, {"year": 1988, "price": 126000}, {"year": 1989, "price": 129000}, {"year": 1990, "price": 134000}, {"year": 1991, "price": 141000}, {"year": 1992, "price": 152000}, {"year": 1993, "price": 152000}, {"year": 1994, "price": 152000}, {"year": 1995, "price": 152000}, {"year": 1996, "price": 152000}, {"year": 1997, "price": 152000}, {"year": 1998, "price": 152000}, {"year": 1999, "price": 152000}, {"year": 2000, "price": 152000}, {"year": 2001, "price": 146000}, {"year": 2002, "price": 135000}, {"year": 2003, "price": 124000}, {"year": 2004, "price": 116000}, {"year": 2005, "price": 108000}, {"year": 2006, "price": 102000}, {"year": 2007, "price": 97000}, {"year": 2008, "price": 94100}, {"year": 2009, "price": 90300}, {"year": 2010, "price": 84500}, {"year": 2011, "price": 78500}, {"year": 2012, "price": 74000}, {"year": 2013, "price": 70500}, {"year": 2014, "price": 68600}, {"year": 2015, "price": 68000}, {"year": 2016, "price": 67600}, {"year": 2017, "price": 67400}, {"year": 2018, "price": 67400}, {"year": 2019, "price": 67400}, {"year": 2020, "price": 67400}, {"year": 2021, "price": 67300}, {"year": 2022, "price": 67300}, {"year": 2023, "price": 67400}, {"year": 2024, "price": 67800}, {"year": 2025, "price": 68500}]}}, {"type": "Feature", "geometry": {"type": "Point", "coordinates": [130.92519190000007, 34.00332]}, "properties": {"id": "35201-005-007", "city": "下関", "address": "山口県　下関市綾羅木本町３丁目１７番２", "residence_display": "綾羅木本町３－１－２", "area_m2": 121, "usage": "商業地", "price_2025": 67500, "change_rate": 0.7, "nearest_station": "綾羅木", "station_distance_m": 150, "road_width_m": 16.0, "building_coverage": 80, "floor_area_ratio": 200, "surroundings": "低層の小売店舗が建ち並ぶ県道沿いの商業地域", "history": [{"year": 2004, "price": 124000}, {"year": 2005, "price": 117000}, {"year": 2006, "price": 111000}, {"year": 2007, "price": 106000}, {"year": 2008, "price": 102000}, {"year": 2009, "price": 96400}, {"year": 2010, "price": 89600}, {"year": 2011, "price": 82900}, {"year": 2012, "price": 79200}, {"year": 2013, "price": 75900}, {"year": 2014, "price": 73600}, {"year": 2015, "price": 72000}, {"year": 2016, "price": 70500}, {"year": 2017, "price": 69200}, {"year": 2018, "price": 68300}, {"year": 2019, "price": 67700}, {"year": 2020, "price": 67500}, {"year": 2021, "price": 67100}, {"year": 2022, "price": 66700}, {"year": 2023, "price": 66700}, {"year": 2024, "price": 67000}, {"year": 2025, "price": 67500}]}}, {"type": "Feature", "geometry": {"type": "Point", "coordinates": [130.9430261000001, 33.95813306000008]}, "properties": {"id": "35201-005-008", "city": "下関", "address": "山口県　下関市唐戸町６番１２", "residence_display": "唐戸町１－１９", "area_m2": 99, "usage": "商業地", "price_2025": 73800, "change_rate": 0.0, "nearest_station": "下関", "station_distance_m": 2400, "road_width_m": 15.0, "building_coverage": 80, "floor_area_ratio": 600, "surroundings": "各種店舗が建ち並ぶ市役所前のアーケード商店街", "history": [{"year": 2009, "price": 135000}, {"year": 2010, "price": 125000}, {"year": 2011, "price": 115000}, {"year": 2012, "price": 107000}, {"year": 2013, "price": 100000}, {"year": 2014, "price": 92300}, {"year": 2015, "price": 87000}, {"year": 2016, "price": 83600}, {"year": 2017, "price": 81400}, {"year": 2018, "price": 79500}, {"year": 2019, "price": 78500}, {"year": 2020, "price": 77600}, {"year": 2021, "price": 76200}, {"year": 2022, "price": 74800}, {"year": 2023, "price": 73800}, {"year": 2024, "price": 73800}, {"year": 2025, "price": 73800}]}}, {"type": "Feature", "geometry": {"type": "Point", "coordinates": [130.92917110000008, 33.987928890000035]}, "properties": {"id": "35201-005-009", "city": "下関", "address": "山口県　下関市山の田本町１１番４", "residence_display": "山の田本町２－７", "area_m2": 161, "usage": "商業地", "price_2025": 67900, "change_rate": 1.0, "nearest_station": "幡生", "station_distance_m": 1600, "road_width_m": 18.0, "building_coverage": 80, "floor_area_ratio": 300, "surroundings": "中層ビル、小売店、事業所が建ち並ぶ商業地域", "history": [{"year": 1983, "price": 200000}, {"year": 1984, "price": 206000}, {"year": 1985, "price": 213000}, {"year": 1986, "price": 221000}, {"year": 1987, "price": 229000}, {"year": 1988, "price": 237000}, {"year": 1989, "price": 244000}, {"year": 1990, "price": 254000}, {"year": 1991, "price": 280000}, {"year": 1992, "price": 310000}, {"year": 1993, "price": 312000}, {"year": 1994, "price": 310000}, {"year": 1995, "price": 310000}, {"year": 1996, "price": 310000}, {"year": 1997, "price": 310000}, {"year": 1998, "price": 310000}, {"year": 1999, "price": 304000}, {"year": 2000, "price": 295000}, {"year": 2001, "price": 272000}, {"year": 2002, "price": 230000}, {"year": 2003, "price": 188000}, {"year": 2004, "price": 159000}, {"year": 2005, "price": 138000}, {"year": 2006, "price": 127000}, {"year": 2007, "price": 123000}, {"year": 2008, "price": 120000}, {"year": 2009, "price": 111000}, {"year": 2010, "price": 99000}, {"year": 2011, "price": 90000}, {"year": 2012, "price": 84500}, {"year": 2013, "price": 79600}, {"year": 2014, "price": 75000}, {"year": 2015, "price": 72300}, {"year": 2016, "price": 70600}, {"year": 2017, "price": 69400}, {"year": 2018, "price": 68200}, {"year": 2019, "price": 67300}, {"year": 2020, "price": 67300}, {"year": 2021, "price": 67000}, {"year": 2022, "price": 66900}, {"year": 2023, "price": 66900}, {"year": 2024, "price": 67200}, {"year": 2025, "price": 67900}]}}, {"type": "Feature", "geometry": {"type": "Point", "coordinates": [130.91327, 33.92934]}, "properties": {"id": "35201-005-010", "city": "下関", "address": "山口県　下関市彦島江の浦町３丁目１１番１", "residence_display": "彦島江の浦町３－６－２６", "area_m2": 301, "usage": "商業地", "price_2025": 45100, "change_rate": -0.7, "nearest_station": "下関", "station_distance_m": 2900, "road_width_m": 15.0, "building_coverage": 80, "floor_area_ratio": 200, "surroundings": "低層店舗、一般住宅等が混在する近隣商業地域", "history": [{"year": 2022, "price": 46600}, {"year": 2023, "price": 45900}, {"year": 2024, "price": 45400}, {"year": 2025, "price": 45100}]}}, {"type": "Feature", "geometry": {"type": "Point", "coordinates": [130.94183, 33.96329306000007]}, "properties": {"id": "35201-005-011", "city": "下関", "address": "山口県　下関市上田中町２丁目１１番２４", "residence_display": "上田中町２－７－５", "area_m2": 133, "usage": "商業地", "price_2025": 62500, "change_rate": 0.0, "nearest_station": "下関", "station_distance_m": 2900, "road_width_m": 36.0, "building_coverage": 80, "floor_area_ratio": 400, "surroundings": "店舗、事務所等が混在する県道沿いの商業地域", "history": [{"year": 1989, "price": 152000}, {"year": 1990, "price": 156000}, {"year": 1991, "price": 167000}, {"year": 1992, "price": 176000}, {"year": 1993, "price": 176000}, {"year": 1994, "price": 176000}, {"year": 1995, "price": 176000}, {"year": 1996, "price": 176000}, {"year": 1997, "price": 176000}, {"year": 1998, "price": 176000}, {"year": 1999, "price": 176000}, {"year": 2000, "price": 176000}, {"year": 2001, "price": 167000}, {"year": 2002, "price": 153000}, {"year": 2003, "price": 134000}, {"year": 2004, "price": 122000}, {"year": 2005, "price": 114000}, {"year": 2006, "price": 108000}, {"year": 2007, "price": 104000}, {"year": 2008, "price": 101000}, {"year": 2009, "price": 97000}, {"year": 2010, "price": 91000}, {"year": 2011, "price": 84500}, {"year": 2012, "price": 79500}, {"year": 2013, "price": 76200}, {"year": 2014, "price": 74100}, {"year": 2015, "price": 72000}, {"year": 2016, "price": 70400}, {"year": 2017, "price": 69000}, {"year": 2018, "price": 67700}, {"year": 2019, "price": 66600}, {"year": 2020, "price": 65800}, {"year": 2021, "price": 64800}, {"year": 2022, "price": 63800}, {"year": 2023, "price": 62900}, {"year": 2024, "price": 62500}, {"year": 2025, "price": 62500}]}}, {"type": "Feature", "geometry": {"type": "Point", "coordinates": [131.0327439, 34.06989889000005]}, "properties": {"id": "35201-005-012", "city": "下関", "address": "山口県　下関市小月茶屋１丁目１１５７番５", "residence_display": "小月茶屋１－３－１１", "area_m2": 254, "usage": "商業地", "price_2025": 42700, "change_rate": -0.5, "nearest_station": "小月", "station_distance_m": 230, "road_width_m": 12.0, "building_coverage": 80, "floor_area_ratio": 400, "surroundings": "中層事務所ビル、小売店舗等の混在する商業地域", "history": [{"year": 1983, "price": 93700}, {"year": 1984, "price": 95500}, {"year": 1985, "price": 97400}, {"year": 1986, "price": 99500}, {"year": 1987, "price": 102000}, {"year": 1988, "price": 103000}, {"year": 1989, "price": 104000}, {"year": 1990, "price": 107000}, {"year": 1991, "price": 112000}, {"year": 1992, "price": 117000}, {"year": 1993, "price": 118000}, {"year": 1994, "price": 118000}, {"year": 1995, "price": 118000}, {"year": 1996, "price": 118000}, {"year": 1997, "price": 118000}, {"year": 1998, "price": 118000}, {"year": 1999, "price": 118000}, {"year": 2000, "price": 115000}, {"year": 2001, "price": 106000}, {"year": 2002, "price": 95000}, {"year": 2003, "price": 89000}, {"year": 2004, "price": 82000}, {"year": 2005, "price": 75400}, {"year": 2006, "price": 70900}, {"year": 2007, "price": 68000}, {"year": 2008, "price": 65500}, {"year": 2009, "price": 62500}, {"year": 2010, "price": 58400}, {"year": 2011, "price": 54500}, {"year": 2012, "price": 51300}, {"year": 2013, "price": 48800}, {"year": 2014, "price": 47100}, {"year": 2015, "price": 45700}, {"year": 2016, "price": 44700}, {"year": 2017, "price": 44200}, {"year": 2018, "price": 44000}, {"year": 2019, "price": 44000}, {"year": 2020, "price": 44000}, {"year": 2021, "price": 43700}, {"year": 2022, "price": 43400}, {"year": 2023, "price": 43100}, {"year": 2024, "price": 42900}, {"year": 2025, "price": 42700}]}}, {"type": "Feature", "geometry": {"type": "Point", "coordinates": [130.9307169000001, 33.96875194000006]}, "properties": {"id": "35201-005-013", "city": "下関", "address": "山口県　下関市後田町１丁目１０１７３番９", "residence_display": "後田町１－８－１６", "area_m2": 72, "usage": "商業地", "price_2025": 59300, "change_rate": 1.0, "nearest_station": "幡生", "station_distance_m": 2100, "road_width_m": 11.8, "building_coverage": 80, "floor_area_ratio": 300, "surroundings": "小売店舗、飲食店等が建ち並ぶ既成商業地域", "history": [{"year": 1993, "price": 165000}, {"year": 1994, "price": 165000}, {"year": 1995, "price": 165000}, {"year": 1996, "price": 165000}, {"year": 1997, "price": 165000}, {"year": 1998, "price": 165000}, {"year": 1999, "price": 165000}, {"year": 2000, "price": 159000}, {"year": 2001, "price": 153000}, {"year": 2002, "price": 145000}, {"year": 2003, "price": 127000}, {"year": 2004, "price": 114000}, {"year": 2005, "price": 106000}, {"year": 2006, "price": 100000}, {"year": 2007, "price": 96300}, {"year": 2008, "price": 93400}, {"year": 2009, "price": 89300}, {"year": 2010, "price": 81800}, {"year": 2011, "price": 74300}, {"year": 2012, "price": 69500}, {"year": 2013, "price": 67100}, {"year": 2014, "price": 65200}, {"year": 2015, "price": 63600}, {"year": 2016, "price": 61700}, {"year": 2017, "price": 59600}, {"year": 2018, "price": 57900}, {"year": 2019, "price": 57100}, {"year": 2020, "price": 57800}, {"year": 2021, "price": 57700}, {"year": 2022, "price": 57800}, {"year": 2023, "price": 58100}, {"year": 2024, "price": 58700}, {"year": 2025, "price": 59300}]}}, {"type": "Feature", "geometry": {"type": "Point", "coordinates": [130.90357110000002, 34.069285]}, "properties": {"id": "35201-005-014", "city": "下関", "address": "山口県　下関市吉見本町１丁目１４１７番外", "residence_display": "吉見本町１－２－２２", "area_m2": 135, "usage": "商業地", "price_2025": 32000, "change_rate": -0.9, "nearest_station": "吉見", "station_distance_m": 110, "road_width_m": 12.0, "building_coverage": 80, "floor_area_ratio": 200, "surroundings": "低層店舗、一般住宅の混在する駅前の商業地域", "history": [{"year": 1993, "price": 75000}, {"year": 1994, "price": 75000}, {"year": 1995, "price": 75000}, {"year": 1996, "price": 75000}, {"year": 1997, "price": 75000}, {"year": 1998, "price": 75000}, {"year": 1999, "price": 75000}, {"year": 2000, "price": 75000}, {"year": 2001, "price": 75000}, {"year": 2002, "price": 73900}, {"year": 2003, "price": 70100}, {"year": 2004, "price": 66600}, {"year": 2005, "price": 63300}, {"year": 2006, "price": 60800}, {"year": 2007, "price": 58900}, {"year": 2008, "price": 57300}, {"year": 2009, "price": 54700}, {"year": 2010, "price": 51000}, {"year": 2011, "price": 47500}, {"year": 2012, "price": 44400}, {"year": 2013, "price": 41400}, {"year": 2014, "price": 39700}, {"year": 2015, "price": 38400}, {"year": 2016, "price": 37500}, {"year": 2017, "price": 36800}, {"year": 2018, "price": 36100}, {"year": 2019, "price": 35400}, {"year": 2020, "price": 34800}, {"year": 2021, "price": 34100}, {"year": 2022, "price": 33400}, {"year": 2023, "price": 32800}, {"year": 2024, "price": 32300}, {"year": 2025, "price": 32000}]}}, {"type": "Feature", "geometry": {"type": "Point", "coordinates": [131.00079110000001, 34.019461110000066]}, "properties": {"id": "35201-005-015", "city": "下関", "address": "山口県　下関市長府松小田本町６９４番９", "residence_display": "長府松小田本町５－１６", "area_m2": 98, "usage": "商業地", "price_2025": 66500, "change_rate": 1.2, "nearest_station": "長府", "station_distance_m": 130, "road_width_m": 16.0, "building_coverage": 80, "floor_area_ratio": 400, "surroundings": "小売店舗、医院等が混在する駅前の商業地域", "history": [{"year": 1993, "price": 150000}, {"year": 1994, "price": 150000}, {"year": 1995, "price": 150000}, {"year": 1996, "price": 150000}, {"year": 1997, "price": 150000}, {"year": 1998, "price": 152000}, {"year": 1999, "price": 152000}, {"year": 2000, "price": 152000}, {"year": 2001, "price": 152000}, {"year": 2002, "price": 139000}, {"year": 2003, "price": 118000}, {"year": 2004, "price": 101000}, {"year": 2005, "price": 90300}, {"year": 2006, "price": 86000}, {"year": 2007, "price": 83500}, {"year": 2008, "price": 81900}, {"year": 2009, "price": 79500}, {"year": 2010, "price": 75000}, {"year": 2011, "price": 72300}, {"year": 2012, "price": 70900}, {"year": 2013, "price": 69100}, {"year": 2014, "price": 67800}, {"year": 2015, "price": 66800}, {"year": 2016, "price": 66300}, {"year": 2017, "price": 66000}, {"year": 2018, "price": 66000}, {"year": 2019, "price": 66000}, {"year": 2020, "price": 66000}, {"year": 2021, "price": 65700}, {"year": 2022, "price": 65500}, {"year": 2023, "price": 65300}, {"year": 2024, "price": 65700}, {"year": 2025, "price": 66500}]}}, {"type": "Feature", "geometry": {"type": "Point", "coordinates": [130.921355, 34.014033890000064]}, "properties": {"id": "35201-005-016", "city": "下関", "address": "山口県　下関市梶栗町３丁目９７９番４", "residence_display": "梶栗町３－７－３", "area_m2": 495, "usage": "商業地", "price_2025": 52200, "change_rate": 0.6, "nearest_station": "梶栗郷台地", "station_distance_m": 250, "road_width_m": 19.0, "building_coverage": 60, "floor_area_ratio": 200, "surroundings": "医院、店舗等が見られる駅に近い商業地域", "history": [{"year": 2004, "price": 77000}, {"year": 2005, "price": 72000}, {"year": 2006, "price": 68100}, {"year": 2007, "price": 66200}, {"year": 2008, "price": 65300}, {"year": 2009, "price": 63000}, {"year": 2010, "price": 59200}, {"year": 2011, "price": 56300}, {"year": 2012, "price": 54300}, {"year": 2013, "price": 52400}, {"year": 2014, "price": 51300}, {"year": 2015, "price": 50400}, {"year": 2016, "price": 50000}, {"year": 2017, "price": 50000}, {"year": 2018, "price": 50200}, {"year": 2019, "price": 50300}, {"year": 2020, "price": 50200}, {"year": 2021, "price": 51000}, {"year": 2022, "price": 51300}, {"year": 2023, "price": 51600}, {"year": 2024, "price": 51900}, {"year": 2025, "price": 52200}]}}, {"type": "Feature", "geometry": {"type": "Point", "coordinates": [130.94502390000002, 33.95801806000003]}, "properties": {"id": "35201-005-017", "city": "下関", "address": "山口県　下関市中之町５番２", "residence_display": "中之町５－９", "area_m2": 257, "usage": "商業地", "price_2025": 58900, "change_rate": 0.0, "nearest_station": "下関", "station_distance_m": 2500, "road_width_m": 12.0, "building_coverage": 80, "floor_area_ratio": 600, "surroundings": "事務所ビル、営業所が多い既成商業地域", "history": [{"year": 1994, "price": 189000}, {"year": 1995, "price": 189000}, {"year": 1996, "price": 190000}, {"year": 1997, "price": 191000}, {"year": 1998, "price": 191000}, {"year": 1999, "price": 189000}, {"year": 2000, "price": 185000}, {"year": 2001, "price": 171000}, {"year": 2002, "price": 158000}, {"year": 2003, "price": 141000}, {"year": 2004, "price": 130000}, {"year": 2005, "price": 117000}, {"year": 2006, "price": 110000}, {"year": 2007, "price": 106000}, {"year": 2008, "price": 103000}, {"year": 2009, "price": 97700}, {"year": 2010, "price": 90800}, {"year": 2011, "price": 83800}, {"year": 2012, "price": 77900}, {"year": 2013, "price": 73300}, {"year": 2014, "price": 68900}, {"year": 2015, "price": 65700}, {"year": 2016, "price": 63500}, {"year": 2017, "price": 62100}, {"year": 2018, "price": 61300}, {"year": 2019, "price": 60900}, {"year": 2020, "price": 60600}, {"year": 2021, "price": 60000}, {"year": 2022, "price": 59400}, {"year": 2023, "price": 59100}, {"year": 2024, "price": 58900}, {"year": 2025, "price": 58900}]}}, {"type": "Feature", "geometry": {"type": "Point", "coordinates": [130.93371, 33.952668060000065]}, "properties": {"id": "35201-005-018", "city": "下関", "address": "山口県　下関市細江町１丁目７番１１外", "residence_display": "細江町１－１－５", "area_m2": 402, "usage": "商業地", "price_2025": 122000, "change_rate": 2.5, "nearest_station": "下関", "station_distance_m": 1200, "road_width_m": 36.0, "building_coverage": 80, "floor_area_ratio": 600, "surroundings": "中高層の事務所ビルが多い国道沿いの商業地域", "history": [{"year": 1994, "price": 852000}, {"year": 1995, "price": 810000}, {"year": 1996, "price": 765000}, {"year": 1997, "price": 740000}, {"year": 1998, "price": 716000}, {"year": 1999, "price": 657000}, {"year": 2000, "price": 559000}, {"year": 2001, "price": 459000}, {"year": 2002, "price": 376000}, {"year": 2003, "price": 306000}, {"year": 2004, "price": 242000}, {"year": 2005, "price": 201000}, {"year": 2006, "price": 181000}, {"year": 2007, "price": 171000}, {"year": 2008, "price": 166000}, {"year": 2009, "price": 157000}, {"year": 2010, "price": 147000}, {"year": 2011, "price": 137000}, {"year": 2012, "price": 130000}, {"year": 2013, "price": 124000}, {"year": 2014, "price": 121000}, {"year": 2015, "price": 119000}, {"year": 2016, "price": 118000}, {"year": 2017, "price": 118000}, {"year": 2018, "price": 118000}, {"year": 2019, "price": 118000}, {"year": 2020, "price": 118000}, {"year": 2021, "price": 118000}, {"year": 2022, "price": 118000}, {"year": 2023, "price": 118000}, {"year": 2024, "price": 119000}, {"year": 2025, "price": 122000}]}}, {"type": "Feature", "geometry": {"type": "Point", "coordinates": [130.92106690000003, 33.93389306000006]}, "properties": {"id": "35201-005-019", "city": "下関", "address": "山口県　下関市彦島江の浦町５丁目５３５０番９外", "residence_display": "彦島江の浦町５－５－１４", "area_m2": 214, "usage": "商業地", "price_2025": 34300, "change_rate": -0.9, "nearest_station": "下関", "station_distance_m": 2800, "road_width_m": 15.0, "building_coverage": 80, "floor_area_ratio": 400, "surroundings": "店舗併用住宅が多い県道沿いの商業地域", "history": [{"year": 2006, "price": 64500}, {"year": 2007, "price": 62000}, {"year": 2008, "price": 60400}, {"year": 2009, "price": 57600}, {"year": 2010, "price": 53500}, {"year": 2011, "price": 49700}, {"year": 2012, "price": 47000}, {"year": 2013, "price": 44900}, {"year": 2014, "price": 43400}, {"year": 2015, "price": 42000}, {"year": 2016, "price": 40800}, {"year": 2017, "price": 39700}, {"year": 2018, "price": 38700}, {"year": 2019, "price": 37800}, {"year": 2020, "price": 37000}, {"year": 2021, "price": 36200}, {"year": 2022, "price": 35400}, {"year": 2023, "price": 34900}, {"year": 2024, "price": 34600}, {"year": 2025, "price": 34300}]}}, {"type": "Feature", "geometry": {"type": "Point", "coordinates": [130.9448039, 33.96342694000003]}, "properties": {"id": "35201-005-020", "city": "下関", "address": "山口県　下関市貴船町１丁目２９番２外", "residence_display": "貴船町１－１５－１３", "area_m2": 138, "usage": "商業地", "price_2025": 51000, "change_rate": 0.2, "nearest_station": "下関", "station_distance_m": 3200, "road_width_m": 18.0, "building_coverage": 80, "floor_area_ratio": 400, "surroundings": "低層の店舗併用住宅等が建ち並ぶ商業地域", "history": [{"year": 1995, "price": 139000}, {"year": 1996, "price": 140000}, {"year": 1997, "price": 140000}, {"year": 1998, "price": 140000}, {"year": 1999, "price": 140000}, {"year": 2000, "price": 137000}, {"year": 2001, "price": 132000}, {"year": 2002, "price": 126000}, {"year": 2003, "price": 115000}, {"year": 2004, "price": 105000}, {"year": 2005, "price": 96000}, {"year": 2006, "price": 90000}, {"year": 2007, "price": 86600}, {"year": 2008, "price": 83900}, {"year": 2009, "price": 79000}, {"year": 2010, "price": 71500}, {"year": 2011, "price": 65700}, {"year": 2012, "price": 61300}, {"year": 2013, "price": 58600}, {"year": 2014, "price": 56600}, {"year": 2015, "price": 54800}, {"year": 2016, "price": 53300}, {"year": 2017, "price": 52200}, {"year": 2018, "price": 51700}, {"year": 2019, "price": 51400}, {"year": 2020, "price": 51300}, {"year": 2021, "price": 51100}, {"year": 2022, "price": 51000}, {"year": 2023, "price": 50900}, {"year": 2024, "price": 50900}, {"year": 2025, "price": 51000}]}}, {"type": "Feature", "geometry": {"type": "Point", "coordinates": [130.92547690000004, 33.99565889000007]}, "properties": {"id": "35201-005-021", "city": "下関", "address": "山口県　下関市稗田西町１番７外", "residence_display": "稗田西町１２－１３", "area_m2": 1824, "usage": "商業地", "price_2025": 61400, "change_rate": 2.5, "nearest_station": "綾羅木", "station_distance_m": 1000, "road_width_m": 16.4, "building_coverage": 60, "floor_area_ratio": 200, "surroundings": "店舗等が建ち並ぶ県道沿いの路線商業地域", "history": [{"year": 1998, "price": 135000}, {"year": 1999, "price": 135000}, {"year": 2000, "price": 135000}, {"year": 2001, "price": 135000}, {"year": 2002, "price": 129000}, {"year": 2003, "price": 121000}, {"year": 2004, "price": 108000}, {"year": 2005, "price": 98000}, {"year": 2006, "price": 90500}, {"year": 2007, "price": 86800}, {"year": 2008, "price": 84000}, {"year": 2009, "price": 79500}, {"year": 2010, "price": 73200}, {"year": 2011, "price": 67400}, {"year": 2012, "price": 63500}, {"year": 2013, "price": 61100}, {"year": 2014, "price": 59800}, {"year": 2015, "price": 59000}, {"year": 2016, "price": 58200}, {"year": 2017, "price": 57500}, {"year": 2018, "price": 57100}, {"year": 2019, "price": 57200}, {"year": 2020, "price": 57500}, {"year": 2021, "price": 57500}, {"year": 2022, "price": 57500}, {"year": 2023, "price": 58500}, {"year": 2024, "price": 59900}, {"year": 2025, "price": 61400}]}}, {"type": "Feature", "geometry": {"type": "Point", "coordinates": [130.9526131, 33.99678]}, "properties": {"id": "35201-005-022", "city": "下関", "address": "山口県　下関市一の宮町３丁目１０番３", "residence_display": "一の宮町３－１０－５", "area_m2": 556, "usage": "商業地", "price_2025": 68900, "change_rate": 2.5, "nearest_station": "新下関", "station_distance_m": 1100, "road_width_m": 24.0, "building_coverage": 60, "floor_area_ratio": 200, "surroundings": "店舗、事務所が建ち並ぶ路線商業地域", "history": [{"year": 1995, "price": 168000}, {"year": 1996, "price": 168000}, {"year": 1997, "price": 168000}, {"year": 1998, "price": 168000}, {"year": 1999, "price": 168000}, {"year": 2000, "price": 168000}, {"year": 2001, "price": 168000}, {"year": 2002, "price": 167000}, {"year": 2003, "price": 152000}, {"year": 2004, "price": 134000}, {"year": 2005, "price": 118000}, {"year": 2006, "price": 107000}, {"year": 2007, "price": 101000}, {"year": 2008, "price": 97900}, {"year": 2009, "price": 93300}, {"year": 2010, "price": 85900}, {"year": 2011, "price": 79900}, {"year": 2012, "price": 74800}, {"year": 2013, "price": 71300}, {"year": 2014, "price": 68600}, {"year": 2015, "price": 66300}, {"year": 2016, "price": 65000}, {"year": 2017, "price": 64100}, {"year": 2018, "price": 63600}, {"year": 2019, "price": 63600}, {"year": 2020, "price": 64000}, {"year": 2021, "price": 64000}, {"year": 2022, "price": 64300}, {"year": 2023, "price": 65500}, {"year": 2024, "price": 67200}, {"year": 2025, "price": 68900}]}}, {"type": "Feature", "geometry": {"type": "Point", "coordinates": [130.90116390000003, 33.93191389000003]}, "properties": {"id": "35201-009-001", "city": "下関", "address": "山口県　下関市彦島迫町７丁目２９００番１９外", "residence_display": "彦島迫町７－４－１", "area_m2": 3635, "usage": "調整区域内宅地", "price_2025": 14100, "change_rate": 0.0, "nearest_station": "下関", "station_distance_m": 3200, "road_width_m": 8.5, "building_coverage": 60, "floor_area_ratio": 200, "surroundings": "中規模工場等が見られる臨海工業地域", "history": [{"year": 1992, "price": 30000}, {"year": 1993, "price": 30000}, {"year": 1994, "price": 30000}, {"year": 1995, "price": 30000}, {"year": 1996, "price": 30000}, {"year": 1997, "price": 30000}, {"year": 1998, "price": 30000}, {"year": 1999, "price": 30000}, {"year": 2000, "price": 30000}, {"year": 2001, "price": 29900}, {"year": 2002, "price": 29600}, {"year": 2003, "price": 28600}, {"year": 2004, "price": 27000}, {"year": 2005, "price": 25500}, {"year": 2006, "price": 24300}, {"year": 2007, "price": 23400}, {"year": 2008, "price": 22800}, {"year": 2009, "price": 21700}, {"year": 2010, "price": 20000}, {"year": 2011, "price": 18500}, {"year": 2012, "price": 17400}, {"year": 2013, "price": 16500}, {"year": 2014, "price": 15900}, {"year": 2015, "price": 15500}, {"year": 2016, "price": 15200}, {"year": 2017, "price": 14900}, {"year": 2018, "price": 14700}, {"year": 2019, "price": 14600}, {"year": 2020, "price": 14500}, {"year": 2021, "price": 14400}, {"year": 2022, "price": 14300}, {"year": 2023, "price": 14200}, {"year": 2024, "price": 14100}, {"year": 2025, "price": 14100}]}}, {"type": "Feature", "geometry": {"type": "Point", "coordinates": [131.01517690000003, 34.01763194000006]}, "properties": {"id": "35201-009-002", "city": "下関", "address": "山口県　下関市長府扇町５番５３", "residence_display": "長府扇町９－２３", "area_m2": 4950, "usage": "調整区域内宅地", "price_2025": 14900, "change_rate": 2.8, "nearest_station": "長府", "station_distance_m": 1900, "road_width_m": 12.0, "building_coverage": 60, "floor_area_ratio": 200, "surroundings": "大中規模工場、事業所等が建ち並ぶ臨海工業団地", "history": [{"year": 2012, "price": 15900}, {"year": 2013, "price": 15200}, {"year": 2014, "price": 14800}, {"year": 2015, "price": 14500}, {"year": 2016, "price": 14300}, {"year": 2017, "price": 14200}, {"year": 2018, "price": 14200}, {"year": 2019, "price": 14200}, {"year": 2020, "price": 14200}, {"year": 2021, "price": 14100}, {"year": 2022, "price": 14100}, {"year": 2023, "price": 14200}, {"year": 2024, "price": 14500}, {"year": 2025, "price": 14900}]}}, {"type": "Feature", "geometry": {"type": "Point", "coordinates": [130.88031890000002, 33.947616940000046]}, "properties": {"id": "35201-009-003", "city": "下関", "address": "山口県　下関市彦島西山町４丁目３８３６番１４１", "residence_display": "彦島西山町４－９－１１", "area_m2": 988, "usage": "調整区域内宅地", "price_2025": 16700, "change_rate": 0.6, "nearest_station": "下関", "station_distance_m": 5900, "road_width_m": 10.0, "building_coverage": 60, "floor_area_ratio": 200, "surroundings": "中小規模の水産物加工場が多い工業団地", "history": [{"year": 1995, "price": 47000}, {"year": 1996, "price": 47000}, {"year": 1997, "price": 47000}, {"year": 1998, "price": 47000}, {"year": 1999, "price": 47000}, {"year": 2000, "price": 46600}, {"year": 2001, "price": 43000}, {"year": 2002, "price": 39600}, {"year": 2003, "price": 36200}, {"year": 2004, "price": 33300}, {"year": 2005, "price": 30700}, {"year": 2006, "price": 28900}, {"year": 2007, "price": 27600}, {"year": 2008, "price": 26700}, {"year": 2009, "price": 25300}, {"year": 2010, "price": 23400}, {"year": 2011, "price": 21700}, {"year": 2012, "price": 20500}, {"year": 2013, "price": 19400}, {"year": 2014, "price": 18700}, {"year": 2015, "price": 18200}, {"year": 2016, "price": 17800}, {"year": 2017, "price": 17400}, {"year": 2018, "price": 17100}, {"year": 2019, "price": 17000}, {"year": 2020, "price": 16900}, {"year": 2021, "price": 16700}, {"year": 2022, "price": 16600}, {"year": 2023, "price": 16600}, {"year": 2024, "price": 16600}, {"year": 2025, "price": 16700}]}}, {"type": "Feature", "geometry": {"type": "Point", "coordinates": [131.28161190000003, 33.944675]}, "properties": {"id": "35202-000-001", "city": "宇部", "address": "山口県　宇部市則貞３丁目７１４番１１", "residence_display": "則貞３－９－１８－２", "area_m2": 169, "usage": "住宅", "price_2025": 31000, "change_rate": 0.6, "nearest_station": "常盤", "station_distance_m": 1400, "road_width_m": 5.0, "building_coverage": 60, "floor_area_ratio": 200, "surroundings": "中規模一般住宅が多い国道背後の住宅地域", "history": [{"year": 1998, "price": 61000}, {"year": 1999, "price": 61000}, {"year": 2000, "price": 61000}, {"year": 2001, "price": 60300}, {"year": 2002, "price": 58500}, {"year": 2003, "price": 55700}, {"year": 2004, "price": 51000}, {"year": 2005, "price": 47100}, {"year": 2006, "price": 44500}, {"year": 2007, "price": 42800}, {"year": 2008, "price": 41800}, {"year": 2009, "price": 40600}, {"year": 2010, "price": 38200}, {"year": 2011, "price": 36300}, {"year": 2012, "price": 34500}, {"year": 2013, "price": 33100}, {"year": 2014, "price": 32100}, {"year": 2015, "price": 31300}, {"year": 2016, "price": 30800}, {"year": 2017, "price": 30500}, {"year": 2018, "price": 30400}, {"year": 2019, "price": 30300}, {"year": 2020, "price": 30500}, {"year": 2021, "price": 30500}, {"year": 2022, "price": 30500}, {"year": 2023, "price": 30600}, {"year": 2024, "price": 30800}, {"year": 2025, "price": 31000}]}}, {"type": "Feature", "geometry": {"type": "Point", "coordinates": [131.22257, 34.04359389000007]}, "properties": {"id": "35202-000-002", "city": "宇部", "address": "山口県　宇部市大字船木字市後７４２番１", "residence_display": "_", "area_m2": 234, "usage": "住宅", "price_2025": 11100, "change_rate": -0.9, "nearest_station": "厚東", "station_distance_m": 5100, "road_width_m": 4.5, "building_coverage": 60, "floor_area_ratio": 200, "surroundings": "中規模一般住宅が多い既成住宅地域", "history": [{"year": 1994, "price": 18000}, {"year": 1995, "price": 18400}, {"year": 1996, "price": 18800}, {"year": 1997, "price": 19200}, {"year": 1998, "price": 19600}, {"year": 1999, "price": 19800}, {"year": 2000, "price": 19800}, {"year": 2001, "price": 19800}, {"year": 2002, "price": 19600}, {"year": 2003, "price": 19300}, {"year": 2004, "price": 19000}, {"year": 2005, "price": 18600}, {"year": 2006, "price": 18200}, {"year": 2007, "price": 17800}, {"year": 2008, "price": 17400}, {"year": 2009, "price": 16900}, {"year": 2010, "price": 15900}, {"year": 2011, "price": 15000}, {"year": 2012, "price": 14300}, {"year": 2013, "price": 13700}, {"year": 2014, "price": 13300}, {"year": 2015, "price": 13000}, {"year": 2016, "price": 12700}, {"year": 2017, "price": 12400}, {"year": 2018, "price": 12200}, {"year": 2019, "price": 12000}, {"year": 2020, "price": 11800}, {"year": 2021, "price": 11600}, {"year": 2022, "price": 11400}, {"year": 2023, "price": 11300}, {"year": 2024, "price": 11200}, {"year": 2025, "price": 11100}]}}, {"type": "Feature", "geometry": {"type": "Point", "coordinates": [131.20669110000006, 33.98275111000004]}, "properties": {"id": "35202-000-003", "city": "宇部", "address": "山口県　宇部市大字妻崎開作字崎拾拾壱ノは４９８番１１", "residence_display": "_", "area_m2": 200, "usage": "住宅", "price_2025": 38300, "change_rate": 1.1, "nearest_station": "妻崎", "station_distance_m": 2100, "road_width_m": 6.0, "building_coverage": 60, "floor_area_ratio": 200, "surroundings": "中規模一般住宅が建ち並ぶ住宅地域", "history": [{"year": 2019, "price": 34100}, {"year": 2020, "price": 35300}, {"year": 2021, "price": 36000}, {"year": 2022, "price": 36700}, {"year": 2023, "price": 37300}, {"year": 2024, "price": 37900}, {"year": 2025, "price": 38300}]}}, {"type": "Feature", "geometry": {"type": "Point", "coordinates": [131.28067190000002, 33.972188060000065]}, "properties": {"id": "35202-000-004", "city": "宇部", "address": "山口県　宇部市大字上宇部字小荷倉１５１番２０", "residence_display": "_", "area_m2": 200, "usage": "住宅", "price_2025": 27300, "change_rate": 0.7, "nearest_station": "琴芝", "station_distance_m": 4300, "road_width_m": 6.0, "building_coverage": 60, "floor_area_ratio": 200, "surroundings": "中規模一般住宅が多い郊外の閑静な住宅地域", "history": [{"year": 1998, "price": 53000}, {"year": 1999, "price": 53000}, {"year": 2000, "price": 52500}, {"year": 2001, "price": 51600}, {"year": 2002, "price": 49500}, {"year": 2003, "price": 47000}, {"year": 2004, "price": 42800}, {"year": 2005, "price": 40200}, {"year": 2006, "price": 38300}, {"year": 2007, "price": 36800}, {"year": 2008, "price": 35800}, {"year": 2009, "price": 34700}, {"year": 2010, "price": 32500}, {"year": 2011, "price": 30700}, {"year": 2012, "price": 29200}, {"year": 2013, "price": 28000}, {"year": 2014, "price": 27300}, {"year": 2015, "price": 26800}, {"year": 2016, "price": 26400}, {"year": 2017, "price": 26200}, {"year": 2018, "price": 26100}, {"year": 2019, "price": 26100}, {"year": 2020, "price": 26300}, {"year": 2021, "price": 26500}, {"year": 2022, "price": 26700}, {"year": 2023, "price": 26900}, {"year": 2024, "price": 27100}, {"year": 2025, "price": 27300}]}}, {"type": "Feature", "geometry": {"type": "Point", "coordinates": [131.25249810000003, 33.942028890000074]}, "properties": {"id": "35202-000-005", "city": "宇部", "address": "山口県　宇部市明治町２丁目４番３", "residence_display": "明治町２－７－２", "area_m2": 175, "usage": "住宅", "price_2025": 32500, "change_rate": 0.6, "nearest_station": "東新川", "station_distance_m": 1000, "road_width_m": 6.0, "building_coverage": 80, "floor_area_ratio": 400, "surroundings": "一般住宅等が建ち並ぶ既成住宅地域", "history": [{"year": 2013, "price": 35500}, {"year": 2014, "price": 34400}, {"year": 2015, "price": 33600}, {"year": 2016, "price": 33000}, {"year": 2017, "price": 32500}, {"year": 2018, "price": 32300}, {"year": 2019, "price": 32200}, {"year": 2020, "price": 32100}, {"year": 2021, "price": 32000}, {"year": 2022, "price": 32000}, {"year": 2023, "price": 32100}, {"year": 2024, "price": 32300}, {"year": 2025, "price": 32500}]}}, {"type": "Feature", "geometry": {"type": "Point", "coordinates": [131.30830390000006, 33.959851110000045]}, "properties": {"id": "35202-000-006", "city": "宇部", "address": "山口県　宇部市今村北４丁目３５５６番７", "residence_display": "今村北４－２２－１６", "area_m2": 194, "usage": "住宅", "price_2025": 22000, "change_rate": 0.9, "nearest_station": "床波", "station_distance_m": 1300, "road_width_m": 4.0, "building_coverage": 60, "floor_area_ratio": 200, "surroundings": "一般住宅が多い郊外の区画整然とした住宅地域", "history": [{"year": 1998, "price": 44000}, {"year": 1999, "price": 44300}, {"year": 2000, "price": 44400}, {"year": 2001, "price": 44400}, {"year": 2002, "price": 43800}, {"year": 2003, "price": 42400}, {"year": 2004, "price": 39800}, {"year": 2005, "price": 37100}, {"year": 2006, "price": 35200}, {"year": 2007, "price": 33900}, {"year": 2008, "price": 33000}, {"year": 2009, "price": 31700}, {"year": 2010, "price": 29800}, {"year": 2011, "price": 28200}, {"year": 2012, "price": 26800}, {"year": 2013, "price": 25700}, {"year": 2014, "price": 24900}, {"year": 2015, "price": 24100}, {"year": 2016, "price": 23500}, {"year": 2017, "price": 23000}, {"year": 2018, "price": 22600}, {"year": 2019, "price": 22300}, {"year": 2020, "price": 22000}, {"year": 2021, "price": 21700}, {"year": 2022, "price": 21600}, {"year": 2023, "price": 21600}, {"year": 2024, "price": 21800}, {"year": 2025, "price": 22000}]}}, {"type": "Feature", "geometry": {"type": "Point", "coordinates": [131.24803810000003, 33.950666940000076]}, "properties": {"id": "35202-005-001", "city": "宇部", "address": "山口県　宇部市常盤町１丁目８番５", "residence_display": "常盤町１－６－３４", "area_m2": 833, "usage": "商業地", "price_2025": 83500, "change_rate": 1.0, "nearest_station": "琴芝", "station_distance_m": 600, "road_width_m": 50.0, "building_coverage": 80, "floor_area_ratio": 400, "surroundings": "中低層の店舗、事務所ビルが建ち並ぶ商業地域", "history": [{"year": 2013, "price": 99000}, {"year": 2014, "price": 94100}, {"year": 2015, "price": 90600}, {"year": 2016, "price": 88400}, {"year": 2017, "price": 87200}, {"year": 2018, "price": 86500}, {"year": 2019, "price": 85600}, {"year": 2020, "price": 84900}, {"year": 2021, "price": 84000}, {"year": 2022, "price": 83200}, {"year": 2023, "price": 82700}, {"year": 2024, "price": 82700}, {"year": 2025, "price": 83500}]}}, {"type": "Feature", "geometry": {"type": "Point", "coordinates": [131.25458190000006, 33.943735]}, "properties": {"id": "35202-005-002", "city": "宇部", "address": "山口県　宇部市松山町２丁目３番３", "residence_display": "松山町２－４－５３", "area_m2": 340, "usage": "商業地", "price_2025": 44800, "change_rate": 0.9, "nearest_station": "東新川", "station_distance_m": 700, "road_width_m": 36.0, "building_coverage": 80, "floor_area_ratio": 400, "surroundings": "低層店舗等が見られる国道沿いの商業地域", "history": [{"year": 1995, "price": 130000}, {"year": 1996, "price": 130000}, {"year": 1997, "price": 130000}, {"year": 1998, "price": 130000}, {"year": 1999, "price": 130000}, {"year": 2000, "price": 127000}, {"year": 2001, "price": 119000}, {"year": 2002, "price": 109000}, {"year": 2003, "price": 98500}, {"year": 2004, "price": 87900}, {"year": 2005, "price": 81000}, {"year": 2006, "price": 76100}, {"year": 2007, "price": 71900}, {"year": 2008, "price": 69100}, {"year": 2009, "price": 65900}, {"year": 2010, "price": 61700}, {"year": 2011, "price": 57300}, {"year": 2012, "price": 53200}, {"year": 2013, "price": 50000}, {"year": 2014, "price": 48200}, {"year": 2015, "price": 46700}, {"year": 2016, "price": 45600}, {"year": 2017, "price": 44900}, {"year": 2018, "price": 44500}, {"year": 2019, "price": 44300}, {"year": 2020, "price": 44100}, {"year": 2021, "price": 43900}, {"year": 2022, "price": 43900}, {"year": 2023, "price": 44100}, {"year": 2024, "price": 44400}, {"year": 2025, "price": 44800}]}}, {"type": "Feature", "geometry": {"type": "Point", "coordinates": [131.26419610000005, 33.964063890000034]}, "properties": {"id": "35202-005-003", "city": "宇部", "address": "山口県　宇部市沼１丁目１９３５番１", "residence_display": "沼１－１－２３", "area_m2": 567, "usage": "商業地", "price_2025": 41700, "change_rate": 0.7, "nearest_station": "琴芝", "station_distance_m": 2000, "road_width_m": 25.0, "building_coverage": 60, "floor_area_ratio": 200, "surroundings": "店舗、一般住宅等が混在する国道沿いの商業地域", "history": [{"year": 2018, "price": 42900}, {"year": 2019, "price": 42600}, {"year": 2020, "price": 42400}, {"year": 2021, "price": 42100}, {"year": 2022, "price": 41700}, {"year": 2023, "price": 41400}, {"year": 2024, "price": 41400}, {"year": 2025, "price": 41700}]}}, {"type": "Feature", "geometry": {"type": "Point", "coordinates": [131.23714610000002, 33.96631]}, "properties": {"id": "35202-005-004", "city": "宇部", "address": "山口県　宇部市浜町１丁目２番３", "residence_display": "浜町１－２－１０", "area_m2": 550, "usage": "商業地", "price_2025": 49600, "change_rate": 0.6, "nearest_station": "宇部新川", "station_distance_m": 1400, "road_width_m": 27.0, "building_coverage": 60, "floor_area_ratio": 200, "surroundings": "低層店舗、事務所等が建ち並ぶ路線商業地域", "history": [{"year": 1999, "price": 126000}, {"year": 2000, "price": 126000}, {"year": 2001, "price": 126000}, {"year": 2002, "price": 121000}, {"year": 2003, "price": 116000}, {"year": 2004, "price": 110000}, {"year": 2005, "price": 105000}, {"year": 2006, "price": 101000}, {"year": 2007, "price": 98000}, {"year": 2008, "price": 95300}, {"year": 2009, "price": 92200}, {"year": 2010, "price": 86000}, {"year": 2011, "price": 79000}, {"year": 2012, "price": 72700}, {"year": 2013, "price": 67100}, {"year": 2014, "price": 62000}, {"year": 2015, "price": 58500}, {"year": 2016, "price": 56100}, {"year": 2017, "price": 54000}, {"year": 2018, "price": 52800}, {"year": 2019, "price": 51700}, {"year": 2020, "price": 51000}, {"year": 2021, "price": 50200}, {"year": 2022, "price": 49600}, {"year": 2023, "price": 49300}, {"year": 2024, "price": 49300}, {"year": 2025, "price": 49600}]}}, {"type": "Feature", "geometry": {"type": "Point", "coordinates": [131.23879390000002, 33.96195806000003]}, "properties": {"id": "35202-005-005", "city": "宇部", "address": "山口県　宇部市鵜の島町６番７", "residence_display": "鵜の島町６－２８", "area_m2": 708, "usage": "商業地", "price_2025": 54300, "change_rate": 0.9, "nearest_station": "宇部新川", "station_distance_m": 700, "road_width_m": 16.0, "building_coverage": 80, "floor_area_ratio": 300, "surroundings": "店舗、営業所、マンション等が混在する商業地域", "history": [{"year": 2004, "price": 114000}, {"year": 2005, "price": 106000}, {"year": 2006, "price": 98800}, {"year": 2007, "price": 92800}, {"year": 2008, "price": 88200}, {"year": 2009, "price": 83000}, {"year": 2010, "price": 77200}, {"year": 2011, "price": 71000}, {"year": 2012, "price": 64400}, {"year": 2013, "price": 60500}, {"year": 2014, "price": 58000}, {"year": 2015, "price": 56100}, {"year": 2016, "price": 54900}, {"year": 2017, "price": 54200}, {"year": 2018, "price": 53800}, {"year": 2019, "price": 53600}, {"year": 2020, "price": 53500}, {"year": 2021, "price": 53200}, {"year": 2022, "price": 53200}, {"year": 2023, "price": 53500}, {"year": 2024, "price": 53800}, {"year": 2025, "price": 54300}]}}, {"type": "Feature", "geometry": {"type": "Point", "coordinates": [131.30630110000004, 33.95236306000004]}, "properties": {"id": "35202-005-006", "city": "宇部", "address": "山口県　宇部市床波１丁目３３６２番３", "residence_display": "床波１－６－２", "area_m2": 128, "usage": "商業地", "price_2025": 30000, "change_rate": 0.0, "nearest_station": "床波", "station_distance_m": 90, "road_width_m": 9.0, "building_coverage": 80, "floor_area_ratio": 200, "surroundings": "小売店舗等が建ち並ぶ古くからの商業地域", "history": [{"year": 1998, "price": 76500}, {"year": 1999, "price": 76500}, {"year": 2000, "price": 76500}, {"year": 2001, "price": 76000}, {"year": 2002, "price": 74500}, {"year": 2003, "price": 71800}, {"year": 2004, "price": 67800}, {"year": 2005, "price": 63800}, {"year": 2006, "price": 60300}, {"year": 2007, "price": 57800}, {"year": 2008, "price": 55200}, {"year": 2009, "price": 52100}, {"year": 2010, "price": 47500}, {"year": 2011, "price": 43500}, {"year": 2012, "price": 40000}, {"year": 2013, "price": 37400}, {"year": 2014, "price": 35700}, {"year": 2015, "price": 34200}, {"year": 2016, "price": 33000}, {"year": 2017, "price": 32100}, {"year": 2018, "price": 31500}, {"year": 2019, "price": 31100}, {"year": 2020, "price": 30800}, {"year": 2021, "price": 30400}, {"year": 2022, "price": 30100}, {"year": 2023, "price": 30000}, {"year": 2024, "price": 30000}, {"year": 2025, "price": 30000}]}}, {"type": "Feature", "geometry": {"type": "Point", "coordinates": [131.3542331000001, 33.99800889000005]}, "properties": {"id": "35203-000-001", "city": "山口", "address": "山口県　山口市阿知須字前山１０６０２番２８", "residence_display": "_", "area_m2": 264, "usage": "住宅", "price_2025": 23400, "change_rate": 0.0, "nearest_station": "阿知須", "station_distance_m": 1700, "road_width_m": 6.0, "building_coverage": 40, "floor_area_ratio": 60, "surroundings": "一般住宅の中に空地等が見られる住宅地域", "history": [{"year": 1994, "price": 34000}, {"year": 1995, "price": 34100}, {"year": 1996, "price": 34300}, {"year": 1997, "price": 34500}, {"year": 1998, "price": 34700}, {"year": 1999, "price": 35200}, {"year": 2000, "price": 35600}, {"year": 2001, "price": 35800}, {"year": 2002, "price": 35800}, {"year": 2003, "price": 34700}, {"year": 2004, "price": 33400}, {"year": 2005, "price": 32100}, {"year": 2006, "price": 31000}, {"year": 2007, "price": 30000}, {"year": 2008, "price": 29100}, {"year": 2009, "price": 27700}, {"year": 2010, "price": 26400}, {"year": 2011, "price": 25100}, {"year": 2012, "price": 24200}, {"year": 2013, "price": 23900}, {"year": 2014, "price": 23700}, {"year": 2015, "price": 23600}, {"year": 2016, "price": 23500}, {"year": 2017, "price": 23400}, {"year": 2018, "price": 23400}, {"year": 2019, "price": 23400}, {"year": 2020, "price": 23400}, {"year": 2021, "price": 23400}, {"year": 2022, "price": 23400}, {"year": 2023, "price": 23400}, {"year": 2024, "price": 23400}, {"year": 2025, "price": 23400}]}}, {"type": "Feature", "geometry": {"type": "Point", "coordinates": [131.50500390000002, 34.153898060000074]}, "properties": {"id": "35203-000-002", "city": "山口", "address": "山口県　山口市大内矢田南３丁目６１８番１０", "residence_display": "大内矢田南３－１４－１０", "area_m2": 327, "usage": "住宅", "price_2025": 27700, "change_rate": 1.1, "nearest_station": "山口", "station_distance_m": 4000, "road_width_m": 4.0, "building_coverage": 50, "floor_area_ratio": 80, "surroundings": "一般住宅、アパート等が混在する郊外の住宅地域", "history": [{"year": 1983, "price": 33000}, {"year": 1984, "price": 34400}, {"year": 1985, "price": 35700}, {"year": 1986, "price": 37000}, {"year": 1987, "price": 38200}, {"year": 1988, "price": 39500}, {"year": 1989, "price": 40900}, {"year": 1990, "price": 42400}, {"year": 1991, "price": 44100}, {"year": 1992, "price": 45800}, {"year": 1993, "price": 47200}, {"year": 1994, "price": 48400}, {"year": 1995, "price": 49400}, {"year": 1996, "price": 50300}, {"year": 1997, "price": 51200}, {"year": 1998, "price": 51600}, {"year": 1999, "price": 52000}, {"year": 2000, "price": 52000}, {"year": 2001, "price": 52000}, {"year": 2002, "price": 51200}, {"year": 2003, "price": 50300}, {"year": 2004, "price": 48600}, {"year": 2005, "price": 46500}, {"year": 2006, "price": 44000}, {"year": 2007, "price": 41800}, {"year": 2008, "price": 39900}, {"year": 2009, "price": 37800}, {"year": 2010, "price": 35000}, {"year": 2011, "price": 32600}, {"year": 2012, "price": 30600}, {"year": 2013, "price": 29200}, {"year": 2014, "price": 28300}, {"year": 2015, "price": 27600}, {"year": 2016, "price": 27200}, {"year": 2017, "price": 27000}, {"year": 2018, "price": 27000}, {"year": 2019, "price": 27000}, {"year": 2020, "price": 27000}, {"year": 2021, "price": 27000}, {"year": 2022, "price": 27100}, {"year": 2023, "price": 27200}, {"year": 2024, "price": 27400}, {"year": 2025, "price": 27700}]}}, {"type": "Feature", "geometry": {"type": "Point", "coordinates": [131.47029610000004, 34.17763694000007]}, "properties": {"id": "35203-000-003", "city": "山口", "address": "山口県　山口市白石１丁目２３０１番４", "residence_display": "白石１－１１－９", "area_m2": 326, "usage": "住宅", "price_2025": 72300, "change_rate": 2.0, "nearest_station": "山口", "station_distance_m": 1300, "road_width_m": 5.5, "building_coverage": 60, "floor_area_ratio": 200, "surroundings": "中規模一般住宅が多い利便性の良い住宅地域", "history": [{"year": 2014, "price": 63100}, {"year": 2015, "price": 62700}, {"year": 2016, "price": 62700}, {"year": 2017, "price": 62700}, {"year": 2018, "price": 63400}, {"year": 2019, "price": 64600}, {"year": 2020, "price": 66200}, {"year": 2021, "price": 67100}, {"year": 2022, "price": 68200}, {"year": 2023, "price": 69500}, {"year": 2024, "price": 70900}, {"year": 2025, "price": 72300}]}}, {"type": "Feature", "geometry": {"type": "Point", "coordinates": [131.44200890000002, 34.158931110000026]}, "properties": {"id": "35203-000-004", "city": "山口", "address": "山口県　山口市維新公園２丁目４０７２番３", "residence_display": "維新公園２－３－８", "area_m2": 336, "usage": "住宅", "price_2025": 37100, "change_rate": 1.4, "nearest_station": "矢原", "station_distance_m": 1300, "road_width_m": 3.4, "building_coverage": 60, "floor_area_ratio": 200, "surroundings": "一般住宅の中にアパート等が混在する住宅地域", "history": [{"year": 2001, "price": 58000}, {"year": 2002, "price": 57300}, {"year": 2003, "price": 56300}, {"year": 2004, "price": 54500}, {"year": 2005, "price": 52200}, {"year": 2006, "price": 50100}, {"year": 2007, "price": 48300}, {"year": 2008, "price": 46900}, {"year": 2009, "price": 44600}, {"year": 2010, "price": 42300}, {"year": 2011, "price": 40100}, {"year": 2012, "price": 38400}, {"year": 2013, "price": 36900}, {"year": 2014, "price": 35900}, {"year": 2015, "price": 35400}, {"year": 2016, "price": 35400}, {"year": 2017, "price": 35400}, {"year": 2018, "price": 35500}, {"year": 2019, "price": 35600}, {"year": 2020, "price": 35700}, {"year": 2021, "price": 35800}, {"year": 2022, "price": 35900}, {"year": 2023, "price": 36200}, {"year": 2024, "price": 36600}, {"year": 2025, "price": 37100}]}}, {"type": "Feature", "geometry": {"type": "Point", "coordinates": [131.48904390000007, 34.15777611000004]}, "properties": {"id": "35203-000-006", "city": "山口", "address": "山口県　山口市大内千坊３丁目１８７１番２６", "residence_display": "大内千坊３－１０－１６", "area_m2": 269, "usage": "住宅", "price_2025": 34800, "change_rate": 0.6, "nearest_station": "山口", "station_distance_m": 2700, "road_width_m": 6.0, "building_coverage": 40, "floor_area_ratio": 60, "surroundings": "一般住宅が建ち並ぶ区画整然とした住宅地域", "history": [{"year": 1998, "price": 56000}, {"year": 1999, "price": 56000}, {"year": 2000, "price": 56000}, {"year": 2001, "price": 56000}, {"year": 2002, "price": 55300}, {"year": 2003, "price": 54300}, {"year": 2004, "price": 52500}, {"year": 2005, "price": 50200}, {"year": 2006, "price": 48800}, {"year": 2007, "price": 47500}, {"year": 2008, "price": 46200}, {"year": 2009, "price": 44300}, {"year": 2010, "price": 42000}, {"year": 2011, "price": 39700}, {"year": 2012, "price": 37500}, {"year": 2013, "price": 35800}, {"year": 2014, "price": 34800}, {"year": 2015, "price": 34300}, {"year": 2016, "price": 34200}, {"year": 2017, "price": 34200}, {"year": 2018, "price": 34200}, {"year": 2019, "price": 34200}, {"year": 2020, "price": 34200}, {"year": 2021, "price": 34200}, {"year": 2022, "price": 34300}, {"year": 2023, "price": 34400}, {"year": 2024, "price": 34600}, {"year": 2025, "price": 34800}]}}, {"type": "Feature", "geometry": {"type": "Point", "coordinates": [131.4569861000001, 34.15620306000005]}, "properties": {"id": "35203-000-007", "city": "山口", "address": "山口県　山口市穂積町３４６番２", "residence_display": "穂積町２－４２", "area_m2": 330, "usage": "住宅", "price_2025": 29900, "change_rate": 0.0, "nearest_station": "湯田温泉", "station_distance_m": 850, "road_width_m": 4.5, "building_coverage": 60, "floor_area_ratio": 200, "surroundings": "中規模一般住宅が建ち並ぶ既成住宅地域", "history": [{"year": 2025, "price": 29900}]}}, {"type": "Feature", "geometry": {"type": "Point", "coordinates": [131.37860690000002, 34.07541]}, "properties": {"id": "35203-000-008", "city": "山口", "address": "山口県　山口市嘉川字新市５０６３番１６", "residence_display": "_", "area_m2": 209, "usage": "住宅", "price_2025": 29200, "change_rate": 2.1, "nearest_station": "上嘉川", "station_distance_m": 550, "road_width_m": 5.0, "building_coverage": 60, "floor_area_ratio": 200, "surroundings": "中規模一般住宅が建ち並ぶ郊外の住宅地域", "history": [{"year": 2019, "price": 27000}, {"year": 2020, "price": 27200}, {"year": 2021, "price": 27400}, {"year": 2022, "price": 27700}, {"year": 2023, "price": 28100}, {"year": 2024, "price": 28600}, {"year": 2025, "price": 29200}]}}, {"type": "Feature", "geometry": {"type": "Point", "coordinates": [131.45511610000005, 34.013228060000074]}, "properties": {"id": "35203-000-009", "city": "山口", "address": "山口県　山口市秋穂東字青江北浜３４８４番９５", "residence_display": "_", "area_m2": 305, "usage": "住宅", "price_2025": 9700, "change_rate": -1.0, "nearest_station": "大道", "station_distance_m": 6600, "road_width_m": 6.0, "building_coverage": 70, "floor_area_ratio": 200, "surroundings": "一般住宅が建ち並ぶ区画整然とした住宅地域", "history": [{"year": 2011, "price": 12400}, {"year": 2012, "price": 11800}, {"year": 2013, "price": 11300}, {"year": 2014, "price": 10900}, {"year": 2015, "price": 10700}, {"year": 2016, "price": 10600}, {"year": 2017, "price": 10500}, {"year": 2018, "price": 10400}, {"year": 2019, "price": 10300}, {"year": 2020, "price": 10200}, {"year": 2021, "price": 10100}, {"year": 2022, "price": 10000}, {"year": 2023, "price": 9900}, {"year": 2024, "price": 9800}, {"year": 2025, "price": 9700}]}}, {"type": "Feature", "geometry": {"type": "Point", "coordinates": [131.39148390000003, 34.09768111000005]}, "properties": {"id": "35203-000-010", "city": "山口", "address": "山口県　山口市小郡下郷字薮先三２２１９番１３", "residence_display": "_", "area_m2": 195, "usage": "住宅", "price_2025": 59800, "change_rate": 2.9, "nearest_station": "新山口", "station_distance_m": 650, "road_width_m": 5.5, "building_coverage": 60, "floor_area_ratio": 200, "surroundings": "一般住宅、マンション、店舗の混在する住宅地域", "history": [{"year": 1994, "price": 90000}, {"year": 1995, "price": 91000}, {"year": 1996, "price": 91500}, {"year": 1997, "price": 92000}, {"year": 1998, "price": 92200}, {"year": 1999, "price": 92200}, {"year": 2000, "price": 91000}, {"year": 2001, "price": 89700}, {"year": 2002, "price": 87900}, {"year": 2003, "price": 84700}, {"year": 2004, "price": 80000}, {"year": 2005, "price": 75000}, {"year": 2006, "price": 71000}, {"year": 2007, "price": 67500}, {"year": 2008, "price": 65000}, {"year": 2009, "price": 61500}, {"year": 2010, "price": 58100}, {"year": 2011, "price": 55000}, {"year": 2012, "price": 52700}, {"year": 2013, "price": 50600}, {"year": 2014, "price": 49200}, {"year": 2015, "price": 48900}, {"year": 2016, "price": 48900}, {"year": 2017, "price": 48900}, {"year": 2018, "price": 49400}, {"year": 2019, "price": 50400}, {"year": 2020, "price": 51800}, {"year": 2021, "price": 53200}, {"year": 2022, "price": 54800}, {"year": 2023, "price": 56400}, {"year": 2024, "price": 58100}, {"year": 2025, "price": 59800}]}}, {"type": "Feature", "geometry": {"type": "Point", "coordinates": [131.45993420000002, 34.16879611000007]}, "properties": {"id": "35203-000-011", "city": "山口", "address": "山口県　山口市熊野町９３３番２０", "residence_display": "熊野町３－１－２", "area_m2": 231, "usage": "住宅", "price_2025": 53500, "change_rate": 1.9, "nearest_station": "湯田温泉", "station_distance_m": 1400, "road_width_m": 5.0, "building_coverage": 60, "floor_area_ratio": 200, "surroundings": "一般住宅を主とする、区画整然とした住宅地域", "history": [{"year": 2023, "price": 51500}, {"year": 2024, "price": 52500}, {"year": 2025, "price": 53500}]}}, {"type": "Feature", "geometry": {"type": "Point", "coordinates": [131.4519236000001, 34.15506222000005]}, "properties": {"id": "35203-000-012", "city": "山口", "address": "山口県　山口市矢原町１４６番外", "residence_display": "矢原町１３－１５", "area_m2": 264, "usage": "住宅", "price_2025": 47700, "change_rate": 2.1, "nearest_station": "湯田温泉", "station_distance_m": 1100, "road_width_m": 6.0, "building_coverage": 60, "floor_area_ratio": 200, "surroundings": "一般住宅のほかにアパート等が見られる住宅地域", "history": [{"year": 2023, "price": 46000}, {"year": 2024, "price": 46700}, {"year": 2025, "price": 47700}]}}, {"type": "Feature", "geometry": {"type": "Point", "coordinates": [131.47646110000005, 34.17391111000006]}, "properties": {"id": "35203-005-001", "city": "山口", "address": "山口県　山口市道場門前２丁目１０７番", "residence_display": "道場門前２－８－２１", "area_m2": 298, "usage": "商業地", "price_2025": 65800, "change_rate": 1.4, "nearest_station": "山口", "station_distance_m": 600, "road_width_m": 11.0, "building_coverage": 80, "floor_area_ratio": 400, "surroundings": "中低層小売店舗等が建ち並ぶ商業地域", "history": [{"year": 1983, "price": 114000}, {"year": 1984, "price": 117000}, {"year": 1985, "price": 120000}, {"year": 1986, "price": 123000}, {"year": 1987, "price": 126000}, {"year": 1988, "price": 129000}, {"year": 1989, "price": 132000}, {"year": 1990, "price": 136000}, {"year": 1991, "price": 143000}, {"year": 1992, "price": 152000}, {"year": 1993, "price": 158000}, {"year": 1994, "price": 162000}, {"year": 1995, "price": 165000}, {"year": 1996, "price": 165000}, {"year": 1997, "price": 165000}, {"year": 1998, "price": 165000}, {"year": 1999, "price": 156000}, {"year": 2000, "price": 150000}, {"year": 2001, "price": 143000}, {"year": 2002, "price": 133000}, {"year": 2003, "price": 120000}, {"year": 2004, "price": 110000}, {"year": 2005, "price": 105000}, {"year": 2006, "price": 102000}, {"year": 2007, "price": 99000}, {"year": 2008, "price": 96000}, {"year": 2009, "price": 90000}, {"year": 2010, "price": 84100}, {"year": 2011, "price": 78500}, {"year": 2012, "price": 73300}, {"year": 2013, "price": 68800}, {"year": 2014, "price": 65800}, {"year": 2015, "price": 64300}, {"year": 2016, "price": 63500}, {"year": 2017, "price": 63400}, {"year": 2018, "price": 63400}, {"year": 2019, "price": 63400}, {"year": 2020, "price": 64000}, {"year": 2021, "price": 64000}, {"year": 2022, "price": 64000}, {"year": 2023, "price": 64400}, {"year": 2024, "price": 64900}, {"year": 2025, "price": 65800}]}}, {"type": "Feature", "geometry": {"type": "Point", "coordinates": [131.47774690000006, 34.17742694000003]}, "properties": {"id": "35203-005-002", "city": "山口", "address": "山口県　山口市米屋町３５番", "residence_display": "米屋町３－１９", "area_m2": 174, "usage": "商業地", "price_2025": 82000, "change_rate": -1.0, "nearest_station": "山口", "station_distance_m": 670, "road_width_m": 8.0, "building_coverage": 80, "floor_area_ratio": 400, "surroundings": "専門店の建ち並ぶアーケード街の商業地域", "history": [{"year": 1983, "price": 242000}, {"year": 1984, "price": 249000}, {"year": 1985, "price": 256000}, {"year": 1986, "price": 264000}, {"year": 1987, "price": 272000}, {"year": 1988, "price": 280000}, {"year": 1989, "price": 288000}, {"year": 1990, "price": 300000}, {"year": 1991, "price": 320000}, {"year": 1992, "price": 346000}, {"year": 1993, "price": 358000}, {"year": 1994, "price": 363000}, {"year": 1995, "price": 370000}, {"year": 1996, "price": 370000}, {"year": 1997, "price": 370000}, {"year": 1998, "price": 370000}, {"year": 1999, "price": 355000}, {"year": 2000, "price": 342000}, {"year": 2001, "price": 318000}, {"year": 2002, "price": 271000}, {"year": 2003, "price": 227000}, {"year": 2004, "price": 190000}, {"year": 2005, "price": 170000}, {"year": 2006, "price": 153000}, {"year": 2007, "price": 148000}, {"year": 2008, "price": 143000}, {"year": 2009, "price": 133000}, {"year": 2010, "price": 122000}, {"year": 2011, "price": 112000}, {"year": 2012, "price": 104000}, {"year": 2013, "price": 97100}, {"year": 2014, "price": 92200}, {"year": 2015, "price": 89100}, {"year": 2016, "price": 87900}, {"year": 2017, "price": 87400}, {"year": 2018, "price": 87000}, {"year": 2019, "price": 86800}, {"year": 2020, "price": 86500}, {"year": 2021, "price": 85600}, {"year": 2022, "price": 84500}, {"year": 2023, "price": 83600}, {"year": 2024, "price": 82800}, {"year": 2025, "price": 82000}]}}, {"type": "Feature", "geometry": {"type": "Point", "coordinates": [131.46229890000006, 34.15491694000008]}, "properties": {"id": "35203-005-003", "city": "山口", "address": "山口県　山口市平井字原６７８番７外", "residence_display": "_", "area_m2": 234, "usage": "商業地", "price_2025": 66500, "change_rate": 0.6, "nearest_station": "湯田温泉", "station_distance_m": 900, "road_width_m": 20.0, "building_coverage": 60, "floor_area_ratio": 200, "surroundings": "店舗併用住宅、事務所等が混在する路線商業地域", "history": [{"year": 1997, "price": 105000}, {"year": 1998, "price": 106000}, {"year": 1999, "price": 107000}, {"year": 2000, "price": 107000}, {"year": 2001, "price": 107000}, {"year": 2002, "price": 106000}, {"year": 2003, "price": 104000}, {"year": 2004, "price": 100000}, {"year": 2005, "price": 97000}, {"year": 2006, "price": 94300}, {"year": 2007, "price": 92000}, {"year": 2008, "price": 90200}, {"year": 2009, "price": 88000}, {"year": 2010, "price": 82300}, {"year": 2011, "price": 77000}, {"year": 2012, "price": 72400}, {"year": 2013, "price": 69600}, {"year": 2014, "price": 67300}, {"year": 2015, "price": 65600}, {"year": 2016, "price": 65300}, {"year": 2017, "price": 65300}, {"year": 2018, "price": 65300}, {"year": 2019, "price": 65300}, {"year": 2020, "price": 65300}, {"year": 2021, "price": 65300}, {"year": 2022, "price": 65300}, {"year": 2023, "price": 65700}, {"year": 2024, "price": 66100}, {"year": 2025, "price": 66500}]}}, {"type": "Feature", "geometry": {"type": "Point", "coordinates": [131.46654390000003, 34.17067806000006]}, "properties": {"id": "35203-005-004", "city": "山口", "address": "山口県　山口市緑町２３２９番３１", "residence_display": "緑町２－２０", "area_m2": 784, "usage": "商業地", "price_2025": 87500, "change_rate": 1.2, "nearest_station": "湯田温泉", "station_distance_m": 1800, "road_width_m": 16.0, "building_coverage": 80, "floor_area_ratio": 300, "surroundings": "県道沿いに店舗、事務所等が建ち並ぶ商業地域", "history": [{"year": 2011, "price": 102000}, {"year": 2012, "price": 96000}, {"year": 2013, "price": 91400}, {"year": 2014, "price": 87800}, {"year": 2015, "price": 85500}, {"year": 2016, "price": 84900}, {"year": 2017, "price": 84900}, {"year": 2018, "price": 84900}, {"year": 2019, "price": 84900}, {"year": 2020, "price": 84900}, {"year": 2021, "price": 84900}, {"year": 2022, "price": 84900}, {"year": 2023, "price": 85500}, {"year": 2024, "price": 86500}, {"year": 2025, "price": 87500}]}}, {"type": "Feature", "geometry": {"type": "Point", "coordinates": [131.4504131000001, 34.16921]}, "properties": {"id": "35203-005-005", "city": "山口", "address": "山口県　山口市赤妻町２０８番１", "residence_display": "赤妻町２－５", "area_m2": 751, "usage": "商業地", "price_2025": 87800, "change_rate": 1.4, "nearest_station": "湯田温泉", "station_distance_m": 1700, "road_width_m": 32.0, "building_coverage": 80, "floor_area_ratio": 200, "surroundings": "店舗、事務所等が建ち並ぶ国道沿いの商業地域", "history": [{"year": 2012, "price": 95500}, {"year": 2013, "price": 90900}, {"year": 2014, "price": 87400}, {"year": 2015, "price": 85100}, {"year": 2016, "price": 84600}, {"year": 2017, "price": 84600}, {"year": 2018, "price": 84600}, {"year": 2019, "price": 84600}, {"year": 2020, "price": 84600}, {"year": 2021, "price": 84600}, {"year": 2022, "price": 84600}, {"year": 2023, "price": 85500}, {"year": 2024, "price": 86600}, {"year": 2025, "price": 87800}]}}, {"type": "Feature", "geometry": {"type": "Point", "coordinates": [131.5009381000001, 34.19441694000005]}, "properties": {"id": "35203-005-006", "city": "山口", "address": "山口県　山口市桜畠２丁目２３２１番４", "residence_display": "桜畠２－９－９", "area_m2": 277, "usage": "商業地", "price_2025": 37300, "change_rate": 0.0, "nearest_station": "宮野", "station_distance_m": 500, "road_width_m": 12.0, "building_coverage": 60, "floor_area_ratio": 200, "surroundings": "小規模の店舗兼住宅等が建ち並ぶ既成商業地域", "history": [{"year": 2020, "price": 37400}, {"year": 2021, "price": 37300}, {"year": 2022, "price": 37300}, {"year": 2023, "price": 37300}, {"year": 2024, "price": 37300}, {"year": 2025, "price": 37300}]}}, {"type": "Feature", "geometry": {"type": "Point", "coordinates": [131.35387, 34.009531940000045]}, "properties": {"id": "35203-005-007", "city": "山口", "address": "山口県　山口市阿知須字二ノ宮４８２３番１外", "residence_display": "_", "area_m2": 2008, "usage": "商業地", "price_2025": 32300, "change_rate": 0.0, "nearest_station": "阿知須", "station_distance_m": 450, "road_width_m": 9.0, "building_coverage": 80, "floor_area_ratio": 200, "surroundings": "大規模小売店舗を核とする郊外の近隣商業地域", "history": [{"year": 2011, "price": 35800}, {"year": 2012, "price": 34300}, {"year": 2013, "price": 33600}, {"year": 2014, "price": 33100}, {"year": 2015, "price": 32700}, {"year": 2016, "price": 32500}, {"year": 2017, "price": 32400}, {"year": 2018, "price": 32400}, {"year": 2019, "price": 32400}, {"year": 2020, "price": 32400}, {"year": 2021, "price": 32400}, {"year": 2022, "price": 32400}, {"year": 2023, "price": 32300}, {"year": 2024, "price": 32300}, {"year": 2025, "price": 32300}]}}, {"type": "Feature", "geometry": {"type": "Point", "coordinates": [131.400025, 34.09360194000004]}, "properties": {"id": "35203-005-008", "city": "山口", "address": "山口県　山口市小郡高砂町２番３", "residence_display": "小郡高砂町２－７", "area_m2": 754, "usage": "商業地", "price_2025": 163000, "change_rate": 1.2, "nearest_station": "新山口", "station_distance_m": 350, "road_width_m": 18.0, "building_coverage": 80, "floor_area_ratio": 500, "surroundings": "中高層事務所ビルが建ち並ぶ駅前の商業地域", "history": [{"year": 2013, "price": 172000}, {"year": 2014, "price": 165000}, {"year": 2015, "price": 161000}, {"year": 2016, "price": 160000}, {"year": 2017, "price": 160000}, {"year": 2018, "price": 160000}, {"year": 2019, "price": 160000}, {"year": 2020, "price": 160000}, {"year": 2021, "price": 160000}, {"year": 2022, "price": 160000}, {"year": 2023, "price": 160000}, {"year": 2024, "price": 161000}, {"year": 2025, "price": 163000}]}}, {"type": "Feature", "geometry": {"type": "Point", "coordinates": [131.39288110000007, 34.09781611000005]}, "properties": {"id": "35203-005-009", "city": "山口", "address": "山口県　山口市小郡明治１丁目２２５５番１", "residence_display": "小郡明治１－２－１４", "area_m2": 1435, "usage": "商業地", "price_2025": 91000, "change_rate": 2.4, "nearest_station": "新山口", "station_distance_m": 530, "road_width_m": 25.0, "building_coverage": 60, "floor_area_ratio": 200, "surroundings": "店舗等が建ち並ぶ幹線道路沿いの路線商業地域", "history": [{"year": 2019, "price": 79500}, {"year": 2020, "price": 81400}, {"year": 2021, "price": 83200}, {"year": 2022, "price": 85000}, {"year": 2023, "price": 86800}, {"year": 2024, "price": 88900}, {"year": 2025, "price": 91000}]}}, {"type": "Feature", "geometry": {"type": "Point", "coordinates": [131.40958110000008, 34.408911110000076]}, "properties": {"id": "35204-000-001", "city": "萩", "address": "山口県　萩市大字土原字土原１３５番１外", "residence_display": "_", "area_m2": 299, "usage": "住宅", "price_2025": 27300, "change_rate": -0.4, "nearest_station": "東萩", "station_distance_m": 1100, "road_width_m": 3.5, "building_coverage": 60, "floor_area_ratio": 200, "surroundings": "中規模一般住宅が建ち並ぶ既成住宅地域", "history": [{"year": 1994, "price": 62000}, {"year": 1995, "price": 62000}, {"year": 1996, "price": 62000}, {"year": 1997, "price": 62000}, {"year": 1998, "price": 62000}, {"year": 1999, "price": 62000}, {"year": 2000, "price": 62000}, {"year": 2001, "price": 62000}, {"year": 2002, "price": 61700}, {"year": 2003, "price": 60700}, {"year": 2004, "price": 58700}, {"year": 2005, "price": 56500}, {"year": 2006, "price": 54700}, {"year": 2007, "price": 53000}, {"year": 2008, "price": 51400}, {"year": 2009, "price": 48800}, {"year": 2010, "price": 45800}, {"year": 2011, "price": 42700}, {"year": 2012, "price": 39900}, {"year": 2013, "price": 37700}, {"year": 2014, "price": 35600}, {"year": 2015, "price": 33600}, {"year": 2016, "price": 32000}, {"year": 2017, "price": 30800}, {"year": 2018, "price": 30000}, {"year": 2019, "price": 29500}, {"year": 2020, "price": 29100}, {"year": 2021, "price": 28600}, {"year": 2022, "price": 28100}, {"year": 2023, "price": 27600}, {"year": 2024, "price": 27400}, {"year": 2025, "price": 27300}]}}, {"type": "Feature", "geometry": {"type": "Point", "coordinates": [131.404665, 34.40521306000005]}, "properties": {"id": "35204-000-002", "city": "萩", "address": "山口県　萩市大字川島字川島４５２番３", "residence_display": "_", "area_m2": 304, "usage": "住宅", "price_2025": 28100, "change_rate": -0.4, "nearest_station": "萩", "station_distance_m": 1500, "road_width_m": 4.5, "building_coverage": 60, "floor_area_ratio": 200, "surroundings": "中規模一般住宅が多い既成住宅地域", "history": [{"year": 2004, "price": 60000}, {"year": 2005, "price": 58000}, {"year": 2006, "price": 56700}, {"year": 2007, "price": 55500}, {"year": 2008, "price": 54400}, {"year": 2009, "price": 51400}, {"year": 2010, "price": 48200}, {"year": 2011, "price": 44800}, {"year": 2012, "price": 41700}, {"year": 2013, "price": 39500}, {"year": 2014, "price": 37400}, {"year": 2015, "price": 35400}, {"year": 2016, "price": 33700}, {"year": 2017, "price": 32300}, {"year": 2018, "price": 31400}, {"year": 2019, "price": 30700}, {"year": 2020, "price": 30100}, {"year": 2021, "price": 29500}, {"year": 2022, "price": 28900}, {"year": 2023, "price": 28400}, {"year": 2024, "price": 28200}, {"year": 2025, "price": 28100}]}}, {"type": "Feature", "geometry": {"type": "Point", "coordinates": [131.41636110000002, 34.406333060000065]}, "properties": {"id": "35204-000-003", "city": "萩", "address": "山口県　萩市大字椿東字上野台１１０８番６外", "residence_display": "_", "area_m2": 265, "usage": "住宅", "price_2025": 16500, "change_rate": -1.2, "nearest_station": "東萩", "station_distance_m": 2000, "road_width_m": 4.0, "building_coverage": 50, "floor_area_ratio": 80, "surroundings": "中規模一般住宅が多い丘陵地の住宅地域", "history": [{"year": 1995, "price": 38300}, {"year": 1996, "price": 38500}, {"year": 1997, "price": 38700}, {"year": 1998, "price": 38800}, {"year": 1999, "price": 39300}, {"year": 2000, "price": 39300}, {"year": 2001, "price": 39300}, {"year": 2002, "price": 39000}, {"year": 2003, "price": 38300}, {"year": 2004, "price": 37000}, {"year": 2005, "price": 35500}, {"year": 2006, "price": 34200}, {"year": 2007, "price": 33000}, {"year": 2008, "price": 31900}, {"year": 2009, "price": 30200}, {"year": 2010, "price": 28000}, {"year": 2011, "price": 25900}, {"year": 2012, "price": 24400}, {"year": 2013, "price": 23300}, {"year": 2014, "price": 22300}, {"year": 2015, "price": 21300}, {"year": 2016, "price": 20400}, {"year": 2017, "price": 19700}, {"year": 2018, "price": 19100}, {"year": 2019, "price": 18600}, {"year": 2020, "price": 18200}, {"year": 2021, "price": 17800}, {"year": 2022, "price": 17400}, {"year": 2023, "price": 17000}, {"year": 2024, "price": 16700}, {"year": 2025, "price": 16500}]}}, {"type": "Feature", "geometry": {"type": "Point", "coordinates": [131.40432810000004, 34.408865]}, "properties": {"id": "35204-005-001", "city": "萩", "address": "山口県　萩市大字土原字川島沖田４８７番２外", "residence_display": "_", "area_m2": 561, "usage": "商業地", "price_2025": 49700, "change_rate": -0.6, "nearest_station": "東萩", "station_distance_m": 1500, "road_width_m": 22.0, "building_coverage": 80, "floor_area_ratio": 200, "surroundings": "大小規模店舗、事務所等が建ち並ぶ商業地域", "history": [{"year": 2002, "price": 175000}, {"year": 2003, "price": 162000}, {"year": 2004, "price": 148000}, {"year": 2005, "price": 135000}, {"year": 2006, "price": 126000}, {"year": 2007, "price": 118000}, {"year": 2008, "price": 111000}, {"year": 2009, "price": 104000}, {"year": 2010, "price": 95800}, {"year": 2011, "price": 87800}, {"year": 2012, "price": 81300}, {"year": 2013, "price": 75900}, {"year": 2014, "price": 71000}, {"year": 2015, "price": 66400}, {"year": 2016, "price": 62600}, {"year": 2017, "price": 59600}, {"year": 2018, "price": 57400}, {"year": 2019, "price": 55800}, {"year": 2020, "price": 54400}, {"year": 2021, "price": 53000}, {"year": 2022, "price": 51700}, {"year": 2023, "price": 50500}, {"year": 2024, "price": 50000}, {"year": 2025, "price": 49700}]}}, {"type": "Feature", "geometry": {"type": "Point", "coordinates": [131.40698610000004, 34.40579889000003]}, "properties": {"id": "35204-005-002", "city": "萩", "address": "山口県　萩市大字土原字土原１５番外", "residence_display": "_", "area_m2": 671, "usage": "商業地", "price_2025": 41400, "change_rate": -0.7, "nearest_station": "東萩", "station_distance_m": 1500, "road_width_m": 26.0, "building_coverage": 60, "floor_area_ratio": 200, "surroundings": "低層店舗が建ち並ぶ国道沿いの路線商業地域", "history": [{"year": 2019, "price": 45500}, {"year": 2020, "price": 44800}, {"year": 2021, "price": 43900}, {"year": 2022, "price": 43100}, {"year": 2023, "price": 42300}, {"year": 2024, "price": 41700}, {"year": 2025, "price": 41400}]}}, {"type": "Feature", "geometry": {"type": "Point", "coordinates": [131.6564300000001, 34.06026889000003]}, "properties": {"id": "35206-000-001", "city": "防府", "address": "山口県　防府市大字富海字湯免４３６番", "residence_display": "_", "area_m2": 540, "usage": "住宅", "price_2025": 10100, "change_rate": -1.0, "nearest_station": "富海", "station_distance_m": 2400, "road_width_m": 4.0, "building_coverage": 60, "floor_area_ratio": 100, "surroundings": "農家住宅、一般住宅が散在する住宅地域", "history": [{"year": 1984, "price": 18000}, {"year": 1985, "price": 18400}, {"year": 1986, "price": 18700}, {"year": 1987, "price": 19000}, {"year": 1988, "price": 19200}, {"year": 1989, "price": 19400}, {"year": 1990, "price": 19700}, {"year": 1991, "price": 20000}, {"year": 1992, "price": 20300}, {"year": 1993, "price": 20400}, {"year": 1994, "price": 20400}, {"year": 1995, "price": 20400}, {"year": 1996, "price": 20400}, {"year": 1997, "price": 20400}, {"year": 1998, "price": 20400}, {"year": 1999, "price": 20400}, {"year": 2000, "price": 20400}, {"year": 2001, "price": 20200}, {"year": 2002, "price": 19800}, {"year": 2003, "price": 19400}, {"year": 2004, "price": 19000}, {"year": 2005, "price": 18600}, {"year": 2006, "price": 18300}, {"year": 2007, "price": 18000}, {"year": 2008, "price": 17700}, {"year": 2009, "price": 17000}, {"year": 2010, "price": 15700}, {"year": 2011, "price": 14600}, {"year": 2012, "price": 13600}, {"year": 2013, "price": 12800}, {"year": 2014, "price": 12100}, {"year": 2015, "price": 11500}, {"year": 2016, "price": 11100}, {"year": 2017, "price": 10900}, {"year": 2018, "price": 10800}, {"year": 2019, "price": 10700}, {"year": 2020, "price": 10600}, {"year": 2021, "price": 10500}, {"year": 2022, "price": 10400}, {"year": 2023, "price": 10300}, {"year": 2024, "price": 10200}, {"year": 2025, "price": 10100}]}}, {"type": "Feature", "geometry": {"type": "Point", "coordinates": [131.5779450000001, 34.06167306000003]}, "properties": {"id": "35206-000-002", "city": "防府", "address": "山口県　防府市国分寺町２６８０番３３", "residence_display": "国分寺町１－１４－１", "area_m2": 192, "usage": "住宅", "price_2025": 44000, "change_rate": 2.8, "nearest_station": "防府", "station_distance_m": 1800, "road_width_m": 6.0, "building_coverage": 60, "floor_area_ratio": 200, "surroundings": "中規模一般住宅が建ち並ぶ閑静な住宅地域", "history": [{"year": 2010, "price": 54500}, {"year": 2011, "price": 48700}, {"year": 2012, "price": 43900}, {"year": 2013, "price": 40900}, {"year": 2014, "price": 39100}, {"year": 2015, "price": 38400}, {"year": 2016, "price": 38400}, {"year": 2017, "price": 38400}, {"year": 2018, "price": 38500}, {"year": 2019, "price": 38900}, {"year": 2020, "price": 39600}, {"year": 2021, "price": 39900}, {"year": 2022, "price": 40700}, {"year": 2023, "price": 41700}, {"year": 2024, "price": 42800}, {"year": 2025, "price": 44000}]}}, {"type": "Feature", "geometry": {"type": "Point", "coordinates": [131.5717350000001, 34.05931306000008]}, "properties": {"id": "35206-000-003", "city": "防府", "address": "山口県　防府市栄町２丁目１１６９番１２外", "residence_display": "栄町２－６－３９", "area_m2": 133, "usage": "住宅", "price_2025": 41200, "change_rate": 2.2, "nearest_station": "防府", "station_distance_m": 850, "road_width_m": 6.5, "building_coverage": 60, "floor_area_ratio": 200, "surroundings": "中小規模の住宅が建ち並ぶ市街地の既成住宅地域", "history": [{"year": 2013, "price": 40000}, {"year": 2014, "price": 38500}, {"year": 2015, "price": 37600}, {"year": 2016, "price": 37400}, {"year": 2017, "price": 37400}, {"year": 2018, "price": 37500}, {"year": 2019, "price": 37800}, {"year": 2020, "price": 38200}, {"year": 2021, "price": 38400}, {"year": 2022, "price": 38800}, {"year": 2023, "price": 39500}, {"year": 2024, "price": 40300}, {"year": 2025, "price": 41200}]}}, {"type": "Feature", "geometry": {"type": "Point", "coordinates": [131.55536, 34.04749]}, "properties": {"id": "35206-000-004", "city": "防府", "address": "山口県　防府市東仁井令町４５１番１２", "residence_display": "東仁井令町１７－３５", "area_m2": 226, "usage": "住宅", "price_2025": 31300, "change_rate": 2.3, "nearest_station": "防府", "station_distance_m": 1800, "road_width_m": 4.0, "building_coverage": 60, "floor_area_ratio": 200, "surroundings": "中規模一般住宅が多い閑静な住宅地域", "history": [{"year": 1996, "price": 63000}, {"year": 1997, "price": 63600}, {"year": 1998, "price": 63900}, {"year": 1999, "price": 63500}, {"year": 2000, "price": 63000}, {"year": 2001, "price": 62000}, {"year": 2002, "price": 60000}, {"year": 2003, "price": 57500}, {"year": 2004, "price": 54400}, {"year": 2005, "price": 51100}, {"year": 2006, "price": 48300}, {"year": 2007, "price": 46800}, {"year": 2008, "price": 45700}, {"year": 2009, "price": 43000}, {"year": 2010, "price": 39100}, {"year": 2011, "price": 35800}, {"year": 2012, "price": 33100}, {"year": 2013, "price": 31100}, {"year": 2014, "price": 30000}, {"year": 2015, "price": 29400}, {"year": 2016, "price": 29000}, {"year": 2017, "price": 28800}, {"year": 2018, "price": 28800}, {"year": 2019, "price": 28900}, {"year": 2020, "price": 29100}, {"year": 2021, "price": 29200}, {"year": 2022, "price": 29400}, {"year": 2023, "price": 30000}, {"year": 2024, "price": 30600}, {"year": 2025, "price": 31300}]}}, {"type": "Feature", "geometry": {"type": "Point", "coordinates": [131.58380110000007, 34.023291940000036]}, "properties": {"id": "35206-000-005", "city": "防府", "address": "山口県　防府市大字向島字薮原１５０番７外", "residence_display": "_", "area_m2": 206, "usage": "住宅", "price_2025": 13800, "change_rate": -1.4, "nearest_station": "防府", "station_distance_m": 5600, "road_width_m": 4.0, "building_coverage": 70, "floor_area_ratio": 200, "surroundings": "小規模一般住宅が建ち並ぶ既成住宅地域", "history": [{"year": 1983, "price": 30000}, {"year": 1984, "price": 30800}, {"year": 1985, "price": 31300}, {"year": 1986, "price": 31700}, {"year": 1987, "price": 32000}, {"year": 1988, "price": 32200}, {"year": 1989, "price": 32500}, {"year": 1990, "price": 33000}, {"year": 1991, "price": 33600}, {"year": 1992, "price": 34100}, {"year": 1993, "price": 34200}, {"year": 1994, "price": 34200}, {"year": 1995, "price": 34200}, {"year": 1996, "price": 34200}, {"year": 1997, "price": 34000}, {"year": 1998, "price": 33000}, {"year": 1999, "price": 32000}, {"year": 2000, "price": 31500}, {"year": 2001, "price": 31000}, {"year": 2002, "price": 30300}, {"year": 2003, "price": 29500}, {"year": 2004, "price": 28500}, {"year": 2005, "price": 27200}, {"year": 2006, "price": 26400}, {"year": 2007, "price": 25800}, {"year": 2008, "price": 25300}, {"year": 2009, "price": 24200}, {"year": 2010, "price": 22300}, {"year": 2011, "price": 20500}, {"year": 2012, "price": 18900}, {"year": 2013, "price": 17700}, {"year": 2014, "price": 16900}, {"year": 2015, "price": 16200}, {"year": 2016, "price": 15700}, {"year": 2017, "price": 15400}, {"year": 2018, "price": 15200}, {"year": 2019, "price": 15000}, {"year": 2020, "price": 14800}, {"year": 2021, "price": 14600}, {"year": 2022, "price": 14400}, {"year": 2023, "price": 14200}, {"year": 2024, "price": 14000}, {"year": 2025, "price": 13800}]}}, {"type": "Feature", "geometry": {"type": "Point", "coordinates": [131.4900639000001, 34.051371940000024]}, "properties": {"id": "35206-000-006", "city": "防府", "address": "山口県　防府市大字台道字大繁枝１１３５４番１２８", "residence_display": "_", "area_m2": 234, "usage": "住宅", "price_2025": 20400, "change_rate": 0.0, "nearest_station": "大道", "station_distance_m": 430, "road_width_m": 5.0, "building_coverage": 60, "floor_area_ratio": 200, "surroundings": "中規模一般住宅が建ち並ぶ住宅地域", "history": [{"year": 1995, "price": 41900}, {"year": 1996, "price": 41900}, {"year": 1997, "price": 41900}, {"year": 1998, "price": 41900}, {"year": 1999, "price": 41900}, {"year": 2000, "price": 41800}, {"year": 2001, "price": 41500}, {"year": 2002, "price": 40500}, {"year": 2003, "price": 39500}, {"year": 2004, "price": 38300}, {"year": 2005, "price": 37200}, {"year": 2006, "price": 36100}, {"year": 2007, "price": 35200}, {"year": 2008, "price": 34400}, {"year": 2009, "price": 32500}, {"year": 2010, "price": 29900}, {"year": 2011, "price": 27300}, {"year": 2012, "price": 25200}, {"year": 2013, "price": 23700}, {"year": 2014, "price": 22700}, {"year": 2015, "price": 22000}, {"year": 2016, "price": 21500}, {"year": 2017, "price": 21200}, {"year": 2018, "price": 21000}, {"year": 2019, "price": 20900}, {"year": 2020, "price": 20800}, {"year": 2021, "price": 20700}, {"year": 2022, "price": 20600}, {"year": 2023, "price": 20500}, {"year": 2024, "price": 20400}, {"year": 2025, "price": 20400}]}}, {"type": "Feature", "geometry": {"type": "Point", "coordinates": [131.60323110000002, 34.055063060000066]}, "properties": {"id": "35206-000-007", "city": "防府", "address": "山口県　防府市牟礼今宿２丁目３２８７番５", "residence_display": "牟礼今宿２－１０－３７", "area_m2": 249, "usage": "住宅", "price_2025": 26700, "change_rate": 1.5, "nearest_station": "防府", "station_distance_m": 3900, "road_width_m": 4.0, "building_coverage": 60, "floor_area_ratio": 200, "surroundings": "中規模一般住宅等が建ち並ぶ住宅地域", "history": [{"year": 1983, "price": 47500}, {"year": 1984, "price": 49500}, {"year": 1985, "price": 51300}, {"year": 1986, "price": 52900}, {"year": 1987, "price": 54000}, {"year": 1988, "price": 54700}, {"year": 1989, "price": 55000}, {"year": 1990, "price": 56000}, {"year": 1991, "price": 57000}, {"year": 1992, "price": 58000}, {"year": 1993, "price": 58000}, {"year": 1994, "price": 58300}, {"year": 1995, "price": 58300}, {"year": 1996, "price": 58300}, {"year": 1997, "price": 58300}, {"year": 1998, "price": 58300}, {"year": 1999, "price": 58000}, {"year": 2000, "price": 57300}, {"year": 2001, "price": 56400}, {"year": 2002, "price": 55300}, {"year": 2003, "price": 53800}, {"year": 2004, "price": 51100}, {"year": 2005, "price": 48000}, {"year": 2006, "price": 45300}, {"year": 2007, "price": 43500}, {"year": 2008, "price": 42000}, {"year": 2009, "price": 39500}, {"year": 2010, "price": 36000}, {"year": 2011, "price": 32500}, {"year": 2012, "price": 29600}, {"year": 2013, "price": 27900}, {"year": 2014, "price": 26800}, {"year": 2015, "price": 26100}, {"year": 2016, "price": 25800}, {"year": 2017, "price": 25600}, {"year": 2018, "price": 25500}, {"year": 2019, "price": 25500}, {"year": 2020, "price": 25600}, {"year": 2021, "price": 25600}, {"year": 2022, "price": 25800}, {"year": 2023, "price": 26000}, {"year": 2024, "price": 26300}, {"year": 2025, "price": 26700}]}}, {"type": "Feature", "geometry": {"type": "Point", "coordinates": [131.57071110000004, 34.029546940000046]}, "properties": {"id": "35206-000-008", "city": "防府", "address": "山口県　防府市大字新田字原田村１３３４番２０", "residence_display": "_", "area_m2": 169, "usage": "住宅", "price_2025": 27600, "change_rate": 2.2, "nearest_station": "防府", "station_distance_m": 3600, "road_width_m": 4.0, "building_coverage": 60, "floor_area_ratio": 200, "surroundings": "中小規模一般住宅が多い住宅地域", "history": [{"year": 1993, "price": 55000}, {"year": 1994, "price": 55000}, {"year": 1995, "price": 55200}, {"year": 1996, "price": 55500}, {"year": 1997, "price": 56000}, {"year": 1998, "price": 56000}, {"year": 1999, "price": 55500}, {"year": 2000, "price": 55500}, {"year": 2001, "price": 55000}, {"year": 2002, "price": 53800}, {"year": 2003, "price": 52300}, {"year": 2004, "price": 49700}, {"year": 2005, "price": 46700}, {"year": 2006, "price": 44400}, {"year": 2007, "price": 43100}, {"year": 2008, "price": 42200}, {"year": 2009, "price": 39800}, {"year": 2010, "price": 36200}, {"year": 2011, "price": 32600}, {"year": 2012, "price": 29700}, {"year": 2013, "price": 28000}, {"year": 2014, "price": 26900}, {"year": 2015, "price": 26200}, {"year": 2016, "price": 25800}, {"year": 2017, "price": 25600}, {"year": 2018, "price": 25600}, {"year": 2019, "price": 25700}, {"year": 2020, "price": 25900}, {"year": 2021, "price": 26000}, {"year": 2022, "price": 26200}, {"year": 2023, "price": 26500}, {"year": 2024, "price": 27000}, {"year": 2025, "price": 27600}]}}, {"type": "Feature", "geometry": {"type": "Point", "coordinates": [131.577035, 34.053435]}, "properties": {"id": "35206-000-009", "city": "防府", "address": "山口県　防府市緑町１丁目１３４１番１９", "residence_display": "緑町１－３－２", "area_m2": 170, "usage": "住宅", "price_2025": 38000, "change_rate": 0.8, "nearest_station": "防府", "station_distance_m": 900, "road_width_m": 4.0, "building_coverage": 60, "floor_area_ratio": 200, "surroundings": "中規模一般住宅と事務所等が混在する住宅地域", "history": [{"year": 2001, "price": 82000}, {"year": 2002, "price": 79000}, {"year": 2003, "price": 75000}, {"year": 2004, "price": 70500}, {"year": 2005, "price": 65800}, {"year": 2006, "price": 61700}, {"year": 2007, "price": 58600}, {"year": 2008, "price": 56700}, {"year": 2009, "price": 52800}, {"year": 2010, "price": 48100}, {"year": 2011, "price": 44200}, {"year": 2012, "price": 41400}, {"year": 2013, "price": 39200}, {"year": 2014, "price": 37800}, {"year": 2015, "price": 37000}, {"year": 2016, "price": 36700}, {"year": 2017, "price": 36700}, {"year": 2018, "price": 36700}, {"year": 2019, "price": 36800}, {"year": 2020, "price": 37000}, {"year": 2021, "price": 37200}, {"year": 2022, "price": 37300}, {"year": 2023, "price": 37500}, {"year": 2024, "price": 37700}, {"year": 2025, "price": 38000}]}}, {"type": "Feature", "geometry": {"type": "Point", "coordinates": [131.5808019000001, 34.05150611000005]}, "properties": {"id": "35206-000-010", "city": "防府", "address": "山口県　防府市警固町１丁目１１０５番６", "residence_display": "警固町１－３－２７", "area_m2": 217, "usage": "住宅", "price_2025": 31000, "change_rate": 1.3, "nearest_station": "防府", "station_distance_m": 1400, "road_width_m": 4.5, "building_coverage": 60, "floor_area_ratio": 200, "surroundings": "一般住宅が多く見られる住宅地域", "history": [{"year": 1983, "price": 49200}, {"year": 1984, "price": 51400}, {"year": 1985, "price": 53300}, {"year": 1986, "price": 54900}, {"year": 1987, "price": 56200}, {"year": 1988, "price": 57500}, {"year": 1989, "price": 58900}, {"year": 1990, "price": 60600}, {"year": 1991, "price": 62500}, {"year": 1992, "price": 63800}, {"year": 1993, "price": 64900}, {"year": 1994, "price": 65800}, {"year": 1995, "price": 66500}, {"year": 1996, "price": 67000}, {"year": 1997, "price": 67300}, {"year": 1998, "price": 68000}, {"year": 1999, "price": 68000}, {"year": 2000, "price": 68000}, {"year": 2001, "price": 67000}, {"year": 2002, "price": 64500}, {"year": 2003, "price": 62000}, {"year": 2004, "price": 58500}, {"year": 2005, "price": 55000}, {"year": 2006, "price": 52000}, {"year": 2007, "price": 49400}, {"year": 2008, "price": 47400}, {"year": 2009, "price": 44500}, {"year": 2010, "price": 40800}, {"year": 2011, "price": 37200}, {"year": 2012, "price": 34200}, {"year": 2013, "price": 32100}, {"year": 2014, "price": 30800}, {"year": 2015, "price": 30200}, {"year": 2016, "price": 29900}, {"year": 2017, "price": 29800}, {"year": 2018, "price": 29800}, {"year": 2019, "price": 29900}, {"year": 2020, "price": 30000}, {"year": 2021, "price": 30000}, {"year": 2022, "price": 30100}, {"year": 2023, "price": 30300}, {"year": 2024, "price": 30600}, {"year": 2025, "price": 31000}]}}, {"type": "Feature", "geometry": {"type": "Point", "coordinates": [131.5520861000001, 34.07319111000004]}, "properties": {"id": "35206-000-011", "city": "防府", "address": "山口県　防府市大字高井字神田１０９６番４", "residence_display": "_", "area_m2": 265, "usage": "住宅", "price_2025": 28300, "change_rate": 0.7, "nearest_station": "防府", "station_distance_m": 3100, "road_width_m": 6.0, "building_coverage": 60, "floor_area_ratio": 200, "surroundings": "中規模一般住宅が建ち並ぶ閑静な住宅地域", "history": [{"year": 1983, "price": 44000}, {"year": 1984, "price": 45800}, {"year": 1985, "price": 47600}, {"year": 1986, "price": 49200}, {"year": 1987, "price": 50600}, {"year": 1988, "price": 52100}, {"year": 1989, "price": 53400}, {"year": 1990, "price": 55100}, {"year": 1991, "price": 57000}, {"year": 1992, "price": 58800}, {"year": 1993, "price": 58800}, {"year": 1994, "price": 58800}, {"year": 1995, "price": 59000}, {"year": 1996, "price": 59000}, {"year": 1997, "price": 59000}, {"year": 1998, "price": 59000}, {"year": 1999, "price": 58700}, {"year": 2000, "price": 58100}, {"year": 2001, "price": 57000}, {"year": 2002, "price": 55500}, {"year": 2003, "price": 53900}, {"year": 2004, "price": 52300}, {"year": 2005, "price": 50000}, {"year": 2006, "price": 48000}, {"year": 2007, "price": 46400}, {"year": 2008, "price": 45000}, {"year": 2009, "price": 42000}, {"year": 2010, "price": 38200}, {"year": 2011, "price": 34700}, {"year": 2012, "price": 31900}, {"year": 2013, "price": 30000}, {"year": 2014, "price": 28700}, {"year": 2015, "price": 28000}, {"year": 2016, "price": 27700}, {"year": 2017, "price": 27600}, {"year": 2018, "price": 27600}, {"year": 2019, "price": 27600}, {"year": 2020, "price": 27600}, {"year": 2021, "price": 27600}, {"year": 2022, "price": 27700}, {"year": 2023, "price": 27900}, {"year": 2024, "price": 28100}, {"year": 2025, "price": 28300}]}}, {"type": "Feature", "geometry": {"type": "Point", "coordinates": [131.56973690000007, 34.03981889000005]}, "properties": {"id": "35206-000-012", "city": "防府", "address": "山口県　防府市華浦２丁目１２０１番４", "residence_display": "華浦２－８－３２", "area_m2": 269, "usage": "住宅", "price_2025": 30100, "change_rate": 1.3, "nearest_station": "防府", "station_distance_m": 1800, "road_width_m": 5.3, "building_coverage": 60, "floor_area_ratio": 200, "surroundings": "中規模一般住宅が多い既成住宅地域", "history": [{"year": 1994, "price": 59000}, {"year": 1995, "price": 59100}, {"year": 1996, "price": 59200}, {"year": 1997, "price": 59200}, {"year": 1998, "price": 59200}, {"year": 1999, "price": 59000}, {"year": 2000, "price": 58500}, {"year": 2001, "price": 57700}, {"year": 2002, "price": 56500}, {"year": 2003, "price": 54600}, {"year": 2004, "price": 51700}, {"year": 2005, "price": 49500}, {"year": 2006, "price": 47400}, {"year": 2007, "price": 45500}, {"year": 2008, "price": 43900}, {"year": 2009, "price": 41700}, {"year": 2010, "price": 38600}, {"year": 2011, "price": 35700}, {"year": 2012, "price": 33100}, {"year": 2013, "price": 31100}, {"year": 2014, "price": 29800}, {"year": 2015, "price": 29100}, {"year": 2016, "price": 28700}, {"year": 2017, "price": 28500}, {"year": 2018, "price": 28500}, {"year": 2019, "price": 28600}, {"year": 2020, "price": 28800}, {"year": 2021, "price": 28900}, {"year": 2022, "price": 29100}, {"year": 2023, "price": 29400}, {"year": 2024, "price": 29700}, {"year": 2025, "price": 30100}]}}, {"type": "Feature", "geometry": {"type": "Point", "coordinates": [131.5379531000001, 34.017916110000044]}, "properties": {"id": "35206-000-013", "city": "防府", "address": "山口県　防府市大字田島字白浜２３０２番１", "residence_display": "_", "area_m2": 314, "usage": "住宅", "price_2025": 21200, "change_rate": 0.0, "nearest_station": "防府", "station_distance_m": 6400, "road_width_m": 8.0, "building_coverage": 60, "floor_area_ratio": 200, "surroundings": "中規模住宅が建ち並ぶ市道沿いの既成住宅地域", "history": [{"year": 1993, "price": 45500}, {"year": 1994, "price": 45500}, {"year": 1995, "price": 45500}, {"year": 1996, "price": 45500}, {"year": 1997, "price": 45700}, {"year": 1998, "price": 45700}, {"year": 1999, "price": 45300}, {"year": 2000, "price": 45000}, {"year": 2001, "price": 44600}, {"year": 2002, "price": 43500}, {"year": 2003, "price": 42400}, {"year": 2004, "price": 40800}, {"year": 2005, "price": 39000}, {"year": 2006, "price": 37400}, {"year": 2007, "price": 36100}, {"year": 2008, "price": 35000}, {"year": 2009, "price": 32700}, {"year": 2010, "price": 30300}, {"year": 2011, "price": 27800}, {"year": 2012, "price": 25600}, {"year": 2013, "price": 24400}, {"year": 2014, "price": 23400}, {"year": 2015, "price": 22600}, {"year": 2016, "price": 22100}, {"year": 2017, "price": 21800}, {"year": 2018, "price": 21600}, {"year": 2019, "price": 21600}, {"year": 2020, "price": 21600}, {"year": 2021, "price": 21500}, {"year": 2022, "price": 21400}, {"year": 2023, "price": 21300}, {"year": 2024, "price": 21200}, {"year": 2025, "price": 21200}]}}, {"type": "Feature", "geometry": {"type": "Point", "coordinates": [131.5679189000001, 34.06500611000007]}, "properties": {"id": "35206-000-014", "city": "防府", "address": "山口県　防府市迫戸町３０２番３", "residence_display": "迫戸町１５－３８", "area_m2": 184, "usage": "住宅", "price_2025": 30900, "change_rate": 1.3, "nearest_station": "防府", "station_distance_m": 1500, "road_width_m": 4.0, "building_coverage": 60, "floor_area_ratio": 200, "surroundings": "中規模住宅が多い利便性のよい住宅地域", "history": [{"year": 1994, "price": 66000}, {"year": 1995, "price": 66700}, {"year": 1996, "price": 67300}, {"year": 1997, "price": 67900}, {"year": 1998, "price": 68100}, {"year": 1999, "price": 68000}, {"year": 2000, "price": 67500}, {"year": 2001, "price": 66500}, {"year": 2002, "price": 64000}, {"year": 2003, "price": 60700}, {"year": 2004, "price": 57200}, {"year": 2005, "price": 53700}, {"year": 2006, "price": 50800}, {"year": 2007, "price": 48500}, {"year": 2008, "price": 46500}, {"year": 2009, "price": 43700}, {"year": 2010, "price": 39900}, {"year": 2011, "price": 36200}, {"year": 2012, "price": 33300}, {"year": 2013, "price": 31400}, {"year": 2014, "price": 30200}, {"year": 2015, "price": 29500}, {"year": 2016, "price": 29400}, {"year": 2017, "price": 29300}, {"year": 2018, "price": 29300}, {"year": 2019, "price": 29400}, {"year": 2020, "price": 29600}, {"year": 2021, "price": 29700}, {"year": 2022, "price": 29900}, {"year": 2023, "price": 30200}, {"year": 2024, "price": 30500}, {"year": 2025, "price": 30900}]}}, {"type": "Feature", "geometry": {"type": "Point", "coordinates": [131.5616331000001, 34.04481694000003]}, "properties": {"id": "35206-000-015", "city": "防府", "address": "山口県　防府市石が口２丁目７８０番５", "residence_display": "石が口２－２－２６", "area_m2": 359, "usage": "住宅", "price_2025": 33800, "change_rate": 2.4, "nearest_station": "防府", "station_distance_m": 1600, "road_width_m": 5.2, "building_coverage": 60, "floor_area_ratio": 200, "surroundings": "中規模一般住宅、アパート等が建ち並ぶ住宅地域", "history": [{"year": 1993, "price": 63000}, {"year": 1994, "price": 64000}, {"year": 1995, "price": 64600}, {"year": 1996, "price": 65000}, {"year": 1997, "price": 65500}, {"year": 1998, "price": 66000}, {"year": 1999, "price": 66000}, {"year": 2000, "price": 66000}, {"year": 2001, "price": 65700}, {"year": 2002, "price": 63700}, {"year": 2003, "price": 61500}, {"year": 2004, "price": 58400}, {"year": 2005, "price": 55500}, {"year": 2006, "price": 53500}, {"year": 2007, "price": 51800}, {"year": 2008, "price": 50500}, {"year": 2009, "price": 48000}, {"year": 2010, "price": 43700}, {"year": 2011, "price": 39700}, {"year": 2012, "price": 36400}, {"year": 2013, "price": 34100}, {"year": 2014, "price": 32700}, {"year": 2015, "price": 31900}, {"year": 2016, "price": 31500}, {"year": 2017, "price": 31300}, {"year": 2018, "price": 31400}, {"year": 2019, "price": 31500}, {"year": 2020, "price": 31700}, {"year": 2021, "price": 31800}, {"year": 2022, "price": 32000}, {"year": 2023, "price": 32400}, {"year": 2024, "price": 33000}, {"year": 2025, "price": 33800}]}}, {"type": "Feature", "geometry": {"type": "Point", "coordinates": [131.48153610000008, 34.04286306000006]}, "properties": {"id": "35206-000-016", "city": "防府", "address": "山口県　防府市大字台道字前浜屋敷４２７０番１", "residence_display": "_", "area_m2": 483, "usage": "住宅", "price_2025": 11300, "change_rate": -1.7, "nearest_station": "大道", "station_distance_m": 1800, "road_width_m": 4.0, "building_coverage": 60, "floor_area_ratio": 100, "surroundings": "農家住宅、一般住宅が混在する住宅地域", "history": [{"year": 1983, "price": 18400}, {"year": 1984, "price": 18800}, {"year": 1985, "price": 19200}, {"year": 1986, "price": 19500}, {"year": 1987, "price": 19800}, {"year": 1988, "price": 20000}, {"year": 1989, "price": 20300}, {"year": 1990, "price": 20600}, {"year": 1991, "price": 21100}, {"year": 1992, "price": 21500}, {"year": 1993, "price": 21700}, {"year": 1994, "price": 22000}, {"year": 1995, "price": 22000}, {"year": 1996, "price": 22000}, {"year": 1997, "price": 22000}, {"year": 1998, "price": 22000}, {"year": 1999, "price": 22000}, {"year": 2000, "price": 22000}, {"year": 2001, "price": 22000}, {"year": 2002, "price": 21800}, {"year": 2003, "price": 21500}, {"year": 2004, "price": 21000}, {"year": 2005, "price": 20500}, {"year": 2006, "price": 20100}, {"year": 2007, "price": 19700}, {"year": 2008, "price": 19400}, {"year": 2009, "price": 18900}, {"year": 2010, "price": 17900}, {"year": 2011, "price": 16600}, {"year": 2012, "price": 15400}, {"year": 2013, "price": 14400}, {"year": 2014, "price": 13800}, {"year": 2015, "price": 13400}, {"year": 2016, "price": 13100}, {"year": 2017, "price": 12900}, {"year": 2018, "price": 12700}, {"year": 2019, "price": 12500}, {"year": 2020, "price": 12300}, {"year": 2021, "price": 12100}, {"year": 2022, "price": 11900}, {"year": 2023, "price": 11700}, {"year": 2024, "price": 11500}, {"year": 2025, "price": 11300}]}}, {"type": "Feature", "geometry": {"type": "Point", "coordinates": [131.5216600000001, 34.05356806000003]}, "properties": {"id": "35206-000-017", "city": "防府", "address": "山口県　防府市大字佐野字森国８６８番", "residence_display": "_", "area_m2": 487, "usage": "住宅", "price_2025": 12500, "change_rate": 0.0, "nearest_station": "防府", "station_distance_m": 4900, "road_width_m": 5.5, "building_coverage": 60, "floor_area_ratio": 100, "surroundings": "農家住宅と一般住宅が混在する住宅地域", "history": [{"year": 1983, "price": 18000}, {"year": 1984, "price": 18500}, {"year": 1985, "price": 18900}, {"year": 1986, "price": 19300}, {"year": 1987, "price": 19600}, {"year": 1988, "price": 20000}, {"year": 1989, "price": 20300}, {"year": 1990, "price": 20700}, {"year": 1991, "price": 21200}, {"year": 1992, "price": 21700}, {"year": 1993, "price": 21900}, {"year": 1994, "price": 22000}, {"year": 1995, "price": 22000}, {"year": 1996, "price": 22000}, {"year": 1997, "price": 22000}, {"year": 1998, "price": 22000}, {"year": 1999, "price": 22000}, {"year": 2000, "price": 22000}, {"year": 2001, "price": 22000}, {"year": 2002, "price": 22000}, {"year": 2003, "price": 21800}, {"year": 2004, "price": 21400}, {"year": 2005, "price": 20900}, {"year": 2006, "price": 20600}, {"year": 2007, "price": 20300}, {"year": 2008, "price": 20000}, {"year": 2009, "price": 19400}, {"year": 2010, "price": 18100}, {"year": 2011, "price": 16800}, {"year": 2012, "price": 15500}, {"year": 2013, "price": 14600}, {"year": 2014, "price": 13900}, {"year": 2015, "price": 13500}, {"year": 2016, "price": 13200}, {"year": 2017, "price": 13000}, {"year": 2018, "price": 12800}, {"year": 2019, "price": 12700}, {"year": 2020, "price": 12600}, {"year": 2021, "price": 12500}, {"year": 2022, "price": 12500}, {"year": 2023, "price": 12500}, {"year": 2024, "price": 12500}, {"year": 2025, "price": 12500}]}}, {"type": "Feature", "geometry": {"type": "Point", "coordinates": [131.5667039000001, 34.05864806000005]}, "properties": {"id": "35206-000-018", "city": "防府", "address": "山口県　防府市八王子２丁目１４３４番１", "residence_display": "八王子２－９－７", "area_m2": 376, "usage": "住宅", "price_2025": 42500, "change_rate": 2.4, "nearest_station": "防府", "station_distance_m": 800, "road_width_m": 6.0, "building_coverage": 60, "floor_area_ratio": 200, "surroundings": "中規模一般住宅が多い区画整然とした住宅地域", "history": [{"year": 2016, "price": 38500}, {"year": 2017, "price": 38300}, {"year": 2018, "price": 38300}, {"year": 2019, "price": 38500}, {"year": 2020, "price": 38900}, {"year": 2021, "price": 39100}, {"year": 2022, "price": 39800}, {"year": 2023, "price": 40600}, {"year": 2024, "price": 41500}, {"year": 2025, "price": 42500}]}}, {"type": "Feature", "geometry": {"type": "Point", "coordinates": [131.61325110000007, 34.063610280000034]}, "properties": {"id": "35206-003-001", "city": "防府", "address": "山口県　防府市大字牟礼字二ノ山門７３７番", "residence_display": "_", "area_m2": 1098, "usage": "農地", "price_2025": 5520, "change_rate": -0.4, "nearest_station": "防府", "station_distance_m": 5200, "road_width_m": 1.5, "building_coverage": 50, "floor_area_ratio": 80, "surroundings": "農地のほかに戸建住宅も見られる宅地見込地地域", "history": [{"year": 2017, "price": 5850}, {"year": 2018, "price": 5720}, {"year": 2019, "price": 5650}, {"year": 2020, "price": 5630}, {"year": 2021, "price": 5600}, {"year": 2022, "price": 5580}, {"year": 2023, "price": 5560}, {"year": 2024, "price": 5540}, {"year": 2025, "price": 5520}]}}, {"type": "Feature", "geometry": {"type": "Point", "coordinates": [131.56671390000008, 34.052091940000025]}, "properties": {"id": "35206-005-001", "city": "防府", "address": "山口県　防府市駅南町７番４内", "residence_display": "駅南町３－１１", "area_m2": 630, "usage": "商業地", "price_2025": 125000, "change_rate": 0.8, "nearest_station": "防府", "station_distance_m": 300, "road_width_m": 20.0, "building_coverage": 80, "floor_area_ratio": 500, "surroundings": "店舗、事務所等を中心とする駅前の商業地域", "history": [{"year": 2000, "price": 340000}, {"year": 2001, "price": 340000}, {"year": 2002, "price": 320000}, {"year": 2003, "price": 300000}, {"year": 2004, "price": 280000}, {"year": 2005, "price": 262000}, {"year": 2006, "price": 245000}, {"year": 2007, "price": 230000}, {"year": 2008, "price": 216000}, {"year": 2009, "price": 198000}, {"year": 2010, "price": 180000}, {"year": 2011, "price": 163000}, {"year": 2012, "price": 149000}, {"year": 2013, "price": 138000}, {"year": 2014, "price": 131000}, {"year": 2015, "price": 127000}, {"year": 2016, "price": 125000}, {"year": 2017, "price": 124000}, {"year": 2018, "price": 124000}, {"year": 2019, "price": 124000}, {"year": 2020, "price": 124000}, {"year": 2021, "price": 124000}, {"year": 2022, "price": 124000}, {"year": 2023, "price": 124000}, {"year": 2024, "price": 124000}, {"year": 2025, "price": 125000}]}}, {"type": "Feature", "geometry": {"type": "Point", "coordinates": [131.56727690000002, 34.056435]}, "properties": {"id": "35206-005-002", "city": "防府", "address": "山口県　防府市八王子１丁目１３６４番１", "residence_display": "八王子１－２５－２５", "area_m2": 190, "usage": "商業地", "price_2025": 42000, "change_rate": 2.2, "nearest_station": "防府", "station_distance_m": 450, "road_width_m": 6.0, "building_coverage": 80, "floor_area_ratio": 400, "surroundings": "小売店舗、事務所等が建ち並ぶ商業地域", "history": [{"year": 1983, "price": 142000}, {"year": 1984, "price": 147000}, {"year": 1985, "price": 150000}, {"year": 1986, "price": 152000}, {"year": 1987, "price": 154000}, {"year": 1988, "price": 158000}, {"year": 1989, "price": 162000}, {"year": 1990, "price": 168000}, {"year": 1991, "price": 178000}, {"year": 1992, "price": 186000}, {"year": 1993, "price": 189000}, {"year": 1994, "price": 191000}, {"year": 1995, "price": 192000}, {"year": 1996, "price": 192000}, {"year": 1997, "price": 192000}, {"year": 1998, "price": 192000}, {"year": 1999, "price": 181000}, {"year": 2000, "price": 170000}, {"year": 2001, "price": 153000}, {"year": 2002, "price": 128000}, {"year": 2003, "price": 107000}, {"year": 2004, "price": 91500}, {"year": 2005, "price": 82500}, {"year": 2006, "price": 76500}, {"year": 2007, "price": 71900}, {"year": 2008, "price": 68400}, {"year": 2009, "price": 62900}, {"year": 2010, "price": 57000}, {"year": 2011, "price": 51700}, {"year": 2012, "price": 47500}, {"year": 2013, "price": 44200}, {"year": 2014, "price": 42200}, {"year": 2015, "price": 40700}, {"year": 2016, "price": 40000}, {"year": 2017, "price": 39700}, {"year": 2018, "price": 39600}, {"year": 2019, "price": 39600}, {"year": 2020, "price": 39700}, {"year": 2021, "price": 39800}, {"year": 2022, "price": 39900}, {"year": 2023, "price": 40400}, {"year": 2024, "price": 41100}, {"year": 2025, "price": 42000}]}}, {"type": "Feature", "geometry": {"type": "Point", "coordinates": [131.57311890000005, 34.05263389000004]}, "properties": {"id": "35206-005-003", "city": "防府", "address": "山口県　防府市車塚町４４８番５", "residence_display": "車塚町１－１７", "area_m2": 331, "usage": "商業地", "price_2025": 55800, "change_rate": 0.7, "nearest_station": "防府", "station_distance_m": 450, "road_width_m": 14.0, "building_coverage": 80, "floor_area_ratio": 400, "surroundings": "中層事務所、飲食店舗ビル等が建ち並ぶ商業地域", "history": [{"year": 1993, "price": 270000}, {"year": 1994, "price": 278000}, {"year": 1995, "price": 285000}, {"year": 1996, "price": 287000}, {"year": 1997, "price": 287000}, {"year": 1998, "price": 287000}, {"year": 1999, "price": 270000}, {"year": 2000, "price": 260000}, {"year": 2001, "price": 234000}, {"year": 2002, "price": 197000}, {"year": 2003, "price": 167000}, {"year": 2004, "price": 141000}, {"year": 2005, "price": 122000}, {"year": 2006, "price": 110000}, {"year": 2007, "price": 103000}, {"year": 2008, "price": 98000}, {"year": 2009, "price": 91600}, {"year": 2010, "price": 83000}, {"year": 2011, "price": 74900}, {"year": 2012, "price": 67900}, {"year": 2013, "price": 62400}, {"year": 2014, "price": 59200}, {"year": 2015, "price": 57300}, {"year": 2016, "price": 56100}, {"year": 2017, "price": 55500}, {"year": 2018, "price": 55300}, {"year": 2019, "price": 55100}, {"year": 2020, "price": 55100}, {"year": 2021, "price": 55100}, {"year": 2022, "price": 55100}, {"year": 2023, "price": 55100}, {"year": 2024, "price": 55400}, {"year": 2025, "price": 55800}]}}, {"type": "Feature", "geometry": {"type": "Point", "coordinates": [131.57059690000006, 34.05425111000005]}, "properties": {"id": "35206-005-004", "city": "防府", "address": "山口県　防府市栄町１丁目２０番４１", "residence_display": "栄町１－１－１９", "area_m2": 207, "usage": "商業地", "price_2025": 78400, "change_rate": 0.5, "nearest_station": "防府", "station_distance_m": 200, "road_width_m": 22.0, "building_coverage": 80, "floor_area_ratio": 400, "surroundings": "中層ビル、小売店舗等が建ち並ぶ駅前商業地域", "history": [{"year": 1992, "price": 360000}, {"year": 1993, "price": 369000}, {"year": 1994, "price": 376000}, {"year": 1995, "price": 376000}, {"year": 1996, "price": 376000}, {"year": 1997, "price": 376000}, {"year": 1998, "price": 376000}, {"year": 1999, "price": 353000}, {"year": 2000, "price": 330000}, {"year": 2001, "price": 300000}, {"year": 2002, "price": 255000}, {"year": 2003, "price": 211000}, {"year": 2004, "price": 185000}, {"year": 2005, "price": 168000}, {"year": 2006, "price": 153000}, {"year": 2007, "price": 147000}, {"year": 2008, "price": 142000}, {"year": 2009, "price": 130000}, {"year": 2010, "price": 117000}, {"year": 2011, "price": 105000}, {"year": 2012, "price": 96400}, {"year": 2013, "price": 89700}, {"year": 2014, "price": 85100}, {"year": 2015, "price": 81600}, {"year": 2016, "price": 78900}, {"year": 2017, "price": 77700}, {"year": 2018, "price": 77100}, {"year": 2019, "price": 77100}, {"year": 2020, "price": 77400}, {"year": 2021, "price": 77400}, {"year": 2022, "price": 77400}, {"year": 2023, "price": 77700}, {"year": 2024, "price": 78000}, {"year": 2025, "price": 78400}]}}, {"type": "Feature", "geometry": {"type": "Point", "coordinates": [131.569475, 34.05601111000004]}, "properties": {"id": "35206-005-005", "city": "防府", "address": "山口県　防府市戎町１丁目１２４３番５外", "residence_display": "戎町１－１０－２", "area_m2": 100, "usage": "商業地", "price_2025": 61600, "change_rate": 2.5, "nearest_station": "防府", "station_distance_m": 300, "road_width_m": 18.0, "building_coverage": 80, "floor_area_ratio": 400, "surroundings": "中低層の店舗、事務所等が建ち並ぶ商業地域", "history": [{"year": 1983, "price": 180000}, {"year": 1984, "price": 187000}, {"year": 1985, "price": 193000}, {"year": 1986, "price": 198000}, {"year": 1987, "price": 203000}, {"year": 1988, "price": 208000}, {"year": 1989, "price": 214000}, {"year": 1990, "price": 222000}, {"year": 1991, "price": 235000}, {"year": 1992, "price": 252000}, {"year": 1993, "price": 258000}, {"year": 1994, "price": 262000}, {"year": 1995, "price": 264000}, {"year": 1996, "price": 265000}, {"year": 1997, "price": 267000}, {"year": 1998, "price": 267000}, {"year": 1999, "price": 250000}, {"year": 2000, "price": 235000}, {"year": 2001, "price": 210000}, {"year": 2002, "price": 180000}, {"year": 2003, "price": 154000}, {"year": 2004, "price": 130000}, {"year": 2005, "price": 114000}, {"year": 2006, "price": 105000}, {"year": 2007, "price": 100000}, {"year": 2008, "price": 96500}, {"year": 2009, "price": 90000}, {"year": 2010, "price": 82000}, {"year": 2011, "price": 74600}, {"year": 2012, "price": 68600}, {"year": 2013, "price": 63800}, {"year": 2014, "price": 60800}, {"year": 2015, "price": 58800}, {"year": 2016, "price": 57600}, {"year": 2017, "price": 57300}, {"year": 2018, "price": 57300}, {"year": 2019, "price": 57300}, {"year": 2020, "price": 57700}, {"year": 2021, "price": 57700}, {"year": 2022, "price": 57700}, {"year": 2023, "price": 58800}, {"year": 2024, "price": 60100}, {"year": 2025, "price": 61600}]}}, {"type": "Feature", "geometry": {"type": "Point", "coordinates": [131.575355, 34.054841940000074]}, "properties": {"id": "35206-005-006", "city": "防府", "address": "山口県　防府市緑町１丁目１３８３番４", "residence_display": "緑町１－１０－６", "area_m2": 270, "usage": "商業地", "price_2025": 52600, "change_rate": 0.6, "nearest_station": "防府", "station_distance_m": 700, "road_width_m": 18.0, "building_coverage": 80, "floor_area_ratio": 400, "surroundings": "中低層の小売店舗、飲食店等が多い既成商業地域", "history": [{"year": 2009, "price": 79300}, {"year": 2010, "price": 73000}, {"year": 2011, "price": 67600}, {"year": 2012, "price": 62900}, {"year": 2013, "price": 58700}, {"year": 2014, "price": 55800}, {"year": 2015, "price": 53800}, {"year": 2016, "price": 52500}, {"year": 2017, "price": 52100}, {"year": 2018, "price": 52100}, {"year": 2019, "price": 52100}, {"year": 2020, "price": 52100}, {"year": 2021, "price": 52000}, {"year": 2022, "price": 52000}, {"year": 2023, "price": 52100}, {"year": 2024, "price": 52300}, {"year": 2025, "price": 52600}]}}, {"type": "Feature", "geometry": {"type": "Point", "coordinates": [131.56684610000002, 34.040525]}, "properties": {"id": "35206-005-007", "city": "防府", "address": "山口県　防府市松原町１０４４番１２", "residence_display": "松原町７－３７", "area_m2": 436, "usage": "商業地", "price_2025": 38600, "change_rate": 1.0, "nearest_station": "防府", "station_distance_m": 2000, "road_width_m": 18.0, "building_coverage": 60, "floor_area_ratio": 200, "surroundings": "店舗併用住宅、一般住宅が混在する路線商業地域", "history": [{"year": 1997, "price": 77000}, {"year": 1998, "price": 77400}, {"year": 1999, "price": 77400}, {"year": 2000, "price": 77400}, {"year": 2001, "price": 76000}, {"year": 2002, "price": 73700}, {"year": 2003, "price": 71300}, {"year": 2004, "price": 68000}, {"year": 2005, "price": 64800}, {"year": 2006, "price": 61900}, {"year": 2007, "price": 59500}, {"year": 2008, "price": 58000}, {"year": 2009, "price": 56000}, {"year": 2010, "price": 52200}, {"year": 2011, "price": 48400}, {"year": 2012, "price": 44800}, {"year": 2013, "price": 41800}, {"year": 2014, "price": 40000}, {"year": 2015, "price": 39000}, {"year": 2016, "price": 38400}, {"year": 2017, "price": 38000}, {"year": 2018, "price": 37800}, {"year": 2019, "price": 37800}, {"year": 2020, "price": 37800}, {"year": 2021, "price": 37800}, {"year": 2022, "price": 37900}, {"year": 2023, "price": 38000}, {"year": 2024, "price": 38200}, {"year": 2025, "price": 38600}]}}, {"type": "Feature", "geometry": {"type": "Point", "coordinates": [131.59198, 34.05554611000008]}, "properties": {"id": "35206-005-008", "city": "防府", "address": "山口県　防府市国衙４丁目２２７５番６外", "residence_display": "国衙４－４－２９", "area_m2": 744, "usage": "商業地", "price_2025": 45900, "change_rate": 1.1, "nearest_station": "防府", "station_distance_m": 2500, "road_width_m": 18.0, "building_coverage": 60, "floor_area_ratio": 200, "surroundings": "店舗、事務所が建ち並ぶ市道沿いの路線商業地域", "history": [{"year": 1992, "price": 113000}, {"year": 1993, "price": 115000}, {"year": 1994, "price": 117000}, {"year": 1995, "price": 118000}, {"year": 1996, "price": 119000}, {"year": 1997, "price": 118000}, {"year": 1998, "price": 117000}, {"year": 1999, "price": 113000}, {"year": 2000, "price": 110000}, {"year": 2001, "price": 108000}, {"year": 2002, "price": 105000}, {"year": 2003, "price": 100000}, {"year": 2004, "price": 94000}, {"year": 2005, "price": 87200}, {"year": 2006, "price": 81000}, {"year": 2007, "price": 76000}, {"year": 2008, "price": 72200}, {"year": 2009, "price": 67800}, {"year": 2010, "price": 62300}, {"year": 2011, "price": 57300}, {"year": 2012, "price": 53400}, {"year": 2013, "price": 50400}, {"year": 2014, "price": 48000}, {"year": 2015, "price": 46400}, {"year": 2016, "price": 45400}, {"year": 2017, "price": 44900}, {"year": 2018, "price": 44600}, {"year": 2019, "price": 44600}, {"year": 2020, "price": 44600}, {"year": 2021, "price": 44600}, {"year": 2022, "price": 44800}, {"year": 2023, "price": 45100}, {"year": 2024, "price": 45400}, {"year": 2025, "price": 45900}]}}, {"type": "Feature", "geometry": {"type": "Point", "coordinates": [131.589545, 34.05075694000004]}, "properties": {"id": "35206-009-001", "city": "防府", "address": "山口県　防府市勝間３丁目６番３外", "residence_display": "_", "area_m2": 1159, "usage": "調整区域内宅地", "price_2025": 30000, "change_rate": 0.7, "nearest_station": "防府", "station_distance_m": 2400, "road_width_m": 10.0, "building_coverage": 60, "floor_area_ratio": 200, "surroundings": "一般住宅、営業所、工場等の混在する地域", "history": [{"year": 1995, "price": 55000}, {"year": 1996, "price": 55000}, {"year": 1997, "price": 55000}, {"year": 1998, "price": 55000}, {"year": 1999, "price": 54500}, {"year": 2000, "price": 54000}, {"year": 2001, "price": 53500}, {"year": 2002, "price": 52500}, {"year": 2003, "price": 51000}, {"year": 2004, "price": 48500}, {"year": 2005, "price": 45800}, {"year": 2006, "price": 43200}, {"year": 2007, "price": 41900}, {"year": 2008, "price": 41200}, {"year": 2009, "price": 39800}, {"year": 2010, "price": 37800}, {"year": 2011, "price": 35600}, {"year": 2012, "price": 33700}, {"year": 2013, "price": 32000}, {"year": 2014, "price": 30700}, {"year": 2015, "price": 29800}, {"year": 2016, "price": 29200}, {"year": 2017, "price": 29000}, {"year": 2018, "price": 29000}, {"year": 2019, "price": 29000}, {"year": 2020, "price": 29000}, {"year": 2021, "price": 29000}, {"year": 2022, "price": 29300}, {"year": 2023, "price": 29600}, {"year": 2024, "price": 29800}, {"year": 2025, "price": 30000}]}}, {"type": "Feature", "geometry": {"type": "Point", "coordinates": [131.58400110000002, 34.02812194000006]}, "properties": {"id": "35206-009-002", "city": "防府", "address": "山口県　防府市大字新田字築地２０５４番１１外", "residence_display": "_", "area_m2": 140464, "usage": "調整区域内宅地", "price_2025": 10700, "change_rate": 0.9, "nearest_station": "防府", "station_distance_m": 3700, "road_width_m": 10.0, "building_coverage": 60, "floor_area_ratio": 200, "surroundings": "大規模工場が多い臨海の工業地域", "history": [{"year": 2012, "price": 13100}, {"year": 2013, "price": 12100}, {"year": 2014, "price": 11500}, {"year": 2015, "price": 11000}, {"year": 2016, "price": 10700}, {"year": 2017, "price": 10600}, {"year": 2018, "price": 10500}, {"year": 2019, "price": 10500}, {"year": 2020, "price": 10500}, {"year": 2021, "price": 10500}, {"year": 2022, "price": 10500}, {"year": 2023, "price": 10500}, {"year": 2024, "price": 10600}, {"year": 2025, "price": 10700}]}}, {"type": "Feature", "geometry": {"type": "Point", "coordinates": [131.55893390000006, 34.02019111000004]}, "properties": {"id": "35206-009-003", "city": "防府", "address": "山口県　防府市大字浜方字中浜２７２番２８", "residence_display": "_", "area_m2": 659, "usage": "調整区域内宅地", "price_2025": 18500, "change_rate": 0.0, "nearest_station": "防府", "station_distance_m": 5000, "road_width_m": 12.0, "building_coverage": 60, "floor_area_ratio": 200, "surroundings": "倉庫、卸売業を中心とした工業団地", "history": [{"year": 2025, "price": 18500}]}}, {"type": "Feature", "geometry": {"type": "Point", "coordinates": [131.57623310000008, 34.03503]}, "properties": {"id": "35206-009-004", "city": "防府", "address": "山口県　防府市大字新田字下南町２４５番１", "residence_display": "_", "area_m2": 440, "usage": "調整区域内宅地", "price_2025": 22300, "change_rate": 0.9, "nearest_station": "防府", "station_distance_m": 3100, "road_width_m": 6.0, "building_coverage": 60, "floor_area_ratio": 200, "surroundings": "営業所、倉庫、工場等の混在する地域", "history": [{"year": 1983, "price": 40000}, {"year": 1984, "price": 41600}, {"year": 1985, "price": 42900}, {"year": 1986, "price": 44000}, {"year": 1987, "price": 44900}, {"year": 1988, "price": 45800}, {"year": 1989, "price": 46700}, {"year": 1990, "price": 48000}, {"year": 1991, "price": 49800}, {"year": 1992, "price": 51800}, {"year": 1993, "price": 52300}, {"year": 1994, "price": 52300}, {"year": 1995, "price": 52300}, {"year": 1996, "price": 52300}, {"year": 1997, "price": 52300}, {"year": 1998, "price": 52300}, {"year": 1999, "price": 52000}, {"year": 2000, "price": 51500}, {"year": 2001, "price": 51000}, {"year": 2002, "price": 50000}, {"year": 2003, "price": 48500}, {"year": 2004, "price": 46000}, {"year": 2005, "price": 43200}, {"year": 2006, "price": 41000}, {"year": 2007, "price": 39100}, {"year": 2008, "price": 37600}, {"year": 2009, "price": 35700}, {"year": 2010, "price": 33100}, {"year": 2011, "price": 30500}, {"year": 2012, "price": 28100}, {"year": 2013, "price": 26000}, {"year": 2014, "price": 24300}, {"year": 2015, "price": 23300}, {"year": 2016, "price": 22600}, {"year": 2017, "price": 22200}, {"year": 2018, "price": 22000}, {"year": 2019, "price": 22000}, {"year": 2020, "price": 22000}, {"year": 2021, "price": 22000}, {"year": 2022, "price": 22000}, {"year": 2023, "price": 22000}, {"year": 2024, "price": 22100}, {"year": 2025, "price": 22300}]}}, {"type": "Feature", "geometry": {"type": "Point", "coordinates": [131.8754739000001, 34.003215]}, "properties": {"id": "35207-000-001", "city": "下松", "address": "山口県　下松市琴平町２丁目８３番６", "residence_display": "琴平町２－９－５", "area_m2": 204, "usage": "住宅", "price_2025": 53000, "change_rate": 1.3, "nearest_station": "下松", "station_distance_m": 1200, "road_width_m": 6.0, "building_coverage": 60, "floor_area_ratio": 200, "surroundings": "中規模一般住宅が区画整然と建ち並ぶ住宅地域", "history": [{"year": 1993, "price": 95300}, {"year": 1994, "price": 97400}, {"year": 1995, "price": 99400}, {"year": 1996, "price": 100000}, {"year": 1997, "price": 101000}, {"year": 1998, "price": 102000}, {"year": 1999, "price": 103000}, {"year": 2000, "price": 103000}, {"year": 2001, "price": 102000}, {"year": 2002, "price": 99500}, {"year": 2003, "price": 94500}, {"year": 2004, "price": 86000}, {"year": 2005, "price": 78100}, {"year": 2006, "price": 71500}, {"year": 2007, "price": 67000}, {"year": 2008, "price": 63900}, {"year": 2009, "price": 60500}, {"year": 2010, "price": 57200}, {"year": 2011, "price": 54100}, {"year": 2012, "price": 52300}, {"year": 2013, "price": 51100}, {"year": 2014, "price": 50500}, {"year": 2015, "price": 50200}, {"year": 2016, "price": 50200}, {"year": 2017, "price": 50200}, {"year": 2018, "price": 50200}, {"year": 2019, "price": 50400}, {"year": 2020, "price": 50700}, {"year": 2021, "price": 50900}, {"year": 2022, "price": 51200}, {"year": 2023, "price": 51700}, {"year": 2024, "price": 52300}, {"year": 2025, "price": 53000}]}}, {"type": "Feature", "geometry": {"type": "Point", "coordinates": [131.87904890000004, 34.00953111000007]}, "properties": {"id": "35207-000-002", "city": "下松", "address": "山口県　下松市旗岡４丁目８１番１９", "residence_display": "旗岡４－８－５", "area_m2": 269, "usage": "住宅", "price_2025": 36200, "change_rate": 0.6, "nearest_station": "下松", "station_distance_m": 1700, "road_width_m": 4.5, "building_coverage": 50, "floor_area_ratio": 80, "surroundings": "中規模一般住宅が建ち並ぶ丘陵地の住宅地域", "history": [{"year": 1994, "price": 89000}, {"year": 1995, "price": 91000}, {"year": 1996, "price": 92300}, {"year": 1997, "price": 93600}, {"year": 1998, "price": 94600}, {"year": 1999, "price": 95100}, {"year": 2000, "price": 95100}, {"year": 2001, "price": 92800}, {"year": 2002, "price": 89200}, {"year": 2003, "price": 84600}, {"year": 2004, "price": 77000}, {"year": 2005, "price": 70800}, {"year": 2006, "price": 65000}, {"year": 2007, "price": 59200}, {"year": 2008, "price": 55000}, {"year": 2009, "price": 51000}, {"year": 2010, "price": 46800}, {"year": 2011, "price": 42900}, {"year": 2012, "price": 40900}, {"year": 2013, "price": 39200}, {"year": 2014, "price": 37800}, {"year": 2015, "price": 36800}, {"year": 2016, "price": 36200}, {"year": 2017, "price": 35900}, {"year": 2018, "price": 35800}, {"year": 2019, "price": 35800}, {"year": 2020, "price": 35800}, {"year": 2021, "price": 35800}, {"year": 2022, "price": 35800}, {"year": 2023, "price": 35900}, {"year": 2024, "price": 36000}, {"year": 2025, "price": 36200}]}}, {"type": "Feature", "geometry": {"type": "Point", "coordinates": [131.86922890000005, 34.01736889000006]}, "properties": {"id": "35207-000-003", "city": "下松", "address": "山口県　下松市桜町１丁目１５６６番２０", "residence_display": "桜町１－２０－１５", "area_m2": 148, "usage": "住宅", "price_2025": 56600, "change_rate": 2.4, "nearest_station": "下松", "station_distance_m": 1300, "road_width_m": 4.0, "building_coverage": 60, "floor_area_ratio": 200, "surroundings": "小規模一般住宅が建ち並ぶ利便性の良い住宅地域", "history": [{"year": 2013, "price": 50300}, {"year": 2014, "price": 49500}, {"year": 2015, "price": 49000}, {"year": 2016, "price": 49000}, {"year": 2017, "price": 49000}, {"year": 2018, "price": 49300}, {"year": 2019, "price": 50200}, {"year": 2020, "price": 51300}, {"year": 2021, "price": 52000}, {"year": 2022, "price": 53000}, {"year": 2023, "price": 54100}, {"year": 2024, "price": 55300}, {"year": 2025, "price": 56600}]}}, {"type": "Feature", "geometry": {"type": "Point", "coordinates": [131.85429390000002, 34.02246806000005]}, "properties": {"id": "35207-000-004", "city": "下松", "address": "山口県　下松市瑞穂町１丁目８４６番５", "residence_display": "瑞穂町１－１７－１１", "area_m2": 228, "usage": "住宅", "price_2025": 52200, "change_rate": 2.2, "nearest_station": "下松", "station_distance_m": 2300, "road_width_m": 4.0, "building_coverage": 60, "floor_area_ratio": 200, "surroundings": "一般住宅を主体にアパート等が見られる住宅地域", "history": [{"year": 1994, "price": 73500}, {"year": 1995, "price": 75300}, {"year": 1996, "price": 76400}, {"year": 1997, "price": 77600}, {"year": 1998, "price": 78800}, {"year": 1999, "price": 79100}, {"year": 2000, "price": 79700}, {"year": 2001, "price": 79000}, {"year": 2002, "price": 77000}, {"year": 2003, "price": 73500}, {"year": 2004, "price": 69700}, {"year": 2005, "price": 65400}, {"year": 2006, "price": 61500}, {"year": 2007, "price": 58500}, {"year": 2008, "price": 55600}, {"year": 2009, "price": 52800}, {"year": 2010, "price": 51600}, {"year": 2011, "price": 50400}, {"year": 2012, "price": 49500}, {"year": 2013, "price": 48600}, {"year": 2014, "price": 48000}, {"year": 2015, "price": 47700}, {"year": 2016, "price": 47700}, {"year": 2017, "price": 47700}, {"year": 2018, "price": 47700}, {"year": 2019, "price": 47900}, {"year": 2020, "price": 48400}, {"year": 2021, "price": 48700}, {"year": 2022, "price": 49200}, {"year": 2023, "price": 50100}, {"year": 2024, "price": 51100}, {"year": 2025, "price": 52200}]}}, {"type": "Feature", "geometry": {"type": "Point", "coordinates": [131.86324060000004, 34.02596250000005]}, "properties": {"id": "35207-000-005", "city": "下松", "address": "山口県　下松市美里町２丁目１６６９番５", "residence_display": "美里町２－１０－１６", "area_m2": 214, "usage": "住宅", "price_2025": 68700, "change_rate": 3.0, "nearest_station": "下松", "station_distance_m": 2400, "road_width_m": 5.0, "building_coverage": 60, "floor_area_ratio": 200, "surroundings": "一般住宅を主に、アパート等も混在する住宅地域", "history": [{"year": 2022, "price": 63300}, {"year": 2023, "price": 64900}, {"year": 2024, "price": 66700}, {"year": 2025, "price": 68700}]}}, {"type": "Feature", "geometry": {"type": "Point", "coordinates": [131.87972690000004, 34.032916940000064]}, "properties": {"id": "35207-000-006", "city": "下松", "address": "山口県　下松市生野屋南１丁目３０７番９", "residence_display": "生野屋南１－４－２２", "area_m2": 314, "usage": "住宅", "price_2025": 16800, "change_rate": -0.6, "nearest_station": "生野屋", "station_distance_m": 900, "road_width_m": 4.0, "building_coverage": 60, "floor_area_ratio": 100, "surroundings": "中規模一般住宅、農家住宅等が見られる住宅地域", "history": [{"year": 1998, "price": 29100}, {"year": 1999, "price": 29200}, {"year": 2000, "price": 29200}, {"year": 2001, "price": 29200}, {"year": 2002, "price": 28900}, {"year": 2003, "price": 28000}, {"year": 2004, "price": 26900}, {"year": 2005, "price": 25900}, {"year": 2006, "price": 25200}, {"year": 2007, "price": 24600}, {"year": 2008, "price": 24100}, {"year": 2009, "price": 23400}, {"year": 2010, "price": 22500}, {"year": 2011, "price": 21600}, {"year": 2012, "price": 20700}, {"year": 2013, "price": 19800}, {"year": 2014, "price": 19000}, {"year": 2015, "price": 18400}, {"year": 2016, "price": 18000}, {"year": 2017, "price": 17700}, {"year": 2018, "price": 17500}, {"year": 2019, "price": 17400}, {"year": 2020, "price": 17300}, {"year": 2021, "price": 17200}, {"year": 2022, "price": 17100}, {"year": 2023, "price": 17000}, {"year": 2024, "price": 16900}, {"year": 2025, "price": 16800}]}}, {"type": "Feature", "geometry": {"type": "Point", "coordinates": [131.88092890000007, 34.038365]}, "properties": {"id": "35207-000-007", "city": "下松", "address": "山口県　下松市生野屋西２丁目１２３０番８７", "residence_display": "生野屋西２－１６－２３", "area_m2": 248, "usage": "住宅", "price_2025": 36200, "change_rate": 1.1, "nearest_station": "生野屋", "station_distance_m": 800, "road_width_m": 7.0, "building_coverage": 50, "floor_area_ratio": 80, "surroundings": "中規模一般住宅が建ち並ぶ閑静な住宅地域", "history": [{"year": 1995, "price": 66700}, {"year": 1996, "price": 67700}, {"year": 1997, "price": 68700}, {"year": 1998, "price": 69500}, {"year": 1999, "price": 70000}, {"year": 2000, "price": 70400}, {"year": 2001, "price": 69800}, {"year": 2002, "price": 68200}, {"year": 2003, "price": 64200}, {"year": 2004, "price": 59900}, {"year": 2005, "price": 54500}, {"year": 2006, "price": 51200}, {"year": 2007, "price": 48700}, {"year": 2008, "price": 46600}, {"year": 2009, "price": 44500}, {"year": 2010, "price": 42400}, {"year": 2011, "price": 40700}, {"year": 2012, "price": 39300}, {"year": 2013, "price": 38100}, {"year": 2014, "price": 37100}, {"year": 2015, "price": 36400}, {"year": 2016, "price": 35800}, {"year": 2017, "price": 35400}, {"year": 2018, "price": 35300}, {"year": 2019, "price": 35300}, {"year": 2020, "price": 35300}, {"year": 2021, "price": 35300}, {"year": 2022, "price": 35400}, {"year": 2023, "price": 35600}, {"year": 2024, "price": 35800}, {"year": 2025, "price": 36200}]}}, {"type": "Feature", "geometry": {"type": "Point", "coordinates": [131.91370110000003, 34.030198890000065]}, "properties": {"id": "35207-000-008", "city": "下松", "address": "山口県　下松市東陽５丁目１９番５", "residence_display": "東陽５－１９－５", "area_m2": 218, "usage": "住宅", "price_2025": 35700, "change_rate": 0.8, "nearest_station": "周防久保", "station_distance_m": 1100, "road_width_m": 6.0, "building_coverage": 60, "floor_area_ratio": 200, "surroundings": "中規模戸建住宅等が建ち並ぶ大規模住宅団地", "history": [{"year": 1995, "price": 50000}, {"year": 1996, "price": 50800}, {"year": 1997, "price": 51700}, {"year": 1998, "price": 52500}, {"year": 1999, "price": 53000}, {"year": 2000, "price": 53400}, {"year": 2001, "price": 53000}, {"year": 2002, "price": 51900}, {"year": 2003, "price": 48900}, {"year": 2004, "price": 46100}, {"year": 2005, "price": 44000}, {"year": 2006, "price": 43200}, {"year": 2007, "price": 42500}, {"year": 2008, "price": 42100}, {"year": 2009, "price": 41300}, {"year": 2010, "price": 40400}, {"year": 2011, "price": 39500}, {"year": 2012, "price": 38400}, {"year": 2013, "price": 37300}, {"year": 2014, "price": 36300}, {"year": 2015, "price": 35600}, {"year": 2016, "price": 35200}, {"year": 2017, "price": 35000}, {"year": 2018, "price": 34900}, {"year": 2019, "price": 34900}, {"year": 2020, "price": 34900}, {"year": 2021, "price": 34900}, {"year": 2022, "price": 35000}, {"year": 2023, "price": 35200}, {"year": 2024, "price": 35400}, {"year": 2025, "price": 35700}]}}, {"type": "Feature", "geometry": {"type": "Point", "coordinates": [131.85361690000002, 34.036925]}, "properties": {"id": "35207-000-009", "city": "下松", "address": "山口県　下松市大字末武中字尾崎１４１５番６５", "residence_display": "_", "area_m2": 201, "usage": "住宅", "price_2025": 38500, "change_rate": 0.8, "nearest_station": "周防花岡", "station_distance_m": 2100, "road_width_m": 6.0, "building_coverage": 50, "floor_area_ratio": 80, "surroundings": "中規模一般住宅が建ち並ぶ丘陵地の住宅地域", "history": [{"year": 1995, "price": 68000}, {"year": 1996, "price": 69000}, {"year": 1997, "price": 70000}, {"year": 1998, "price": 70900}, {"year": 1999, "price": 71400}, {"year": 2000, "price": 71400}, {"year": 2001, "price": 70600}, {"year": 2002, "price": 68000}, {"year": 2003, "price": 62800}, {"year": 2004, "price": 57500}, {"year": 2005, "price": 53200}, {"year": 2006, "price": 50200}, {"year": 2007, "price": 48000}, {"year": 2008, "price": 46000}, {"year": 2009, "price": 43900}, {"year": 2010, "price": 41800}, {"year": 2011, "price": 40800}, {"year": 2012, "price": 40000}, {"year": 2013, "price": 39000}, {"year": 2014, "price": 38400}, {"year": 2015, "price": 37900}, {"year": 2016, "price": 37600}, {"year": 2017, "price": 37400}, {"year": 2018, "price": 37400}, {"year": 2019, "price": 37500}, {"year": 2020, "price": 37600}, {"year": 2021, "price": 37700}, {"year": 2022, "price": 37800}, {"year": 2023, "price": 38000}, {"year": 2024, "price": 38200}, {"year": 2025, "price": 38500}]}}, {"type": "Feature", "geometry": {"type": "Point", "coordinates": [131.9061389000001, 34.03889611000005]}, "properties": {"id": "35207-000-010", "city": "下松", "address": "山口県　下松市大字山田字上河内４３７番１２", "residence_display": "_", "area_m2": 325, "usage": "住宅", "price_2025": 12600, "change_rate": -0.8, "nearest_station": "周防久保", "station_distance_m": 2500, "road_width_m": 7.5, "building_coverage": 60, "floor_area_ratio": 100, "surroundings": "農家住宅と一般住宅が混在する郊外の住宅地域", "history": [{"year": 1991, "price": 17500}, {"year": 1992, "price": 17900}, {"year": 1993, "price": 18300}, {"year": 1994, "price": 18500}, {"year": 1995, "price": 18700}, {"year": 1996, "price": 18800}, {"year": 1997, "price": 18900}, {"year": 1998, "price": 19000}, {"year": 1999, "price": 19000}, {"year": 2000, "price": 19000}, {"year": 2001, "price": 19000}, {"year": 2002, "price": 18800}, {"year": 2003, "price": 18300}, {"year": 2004, "price": 17700}, {"year": 2005, "price": 17100}, {"year": 2006, "price": 16700}, {"year": 2007, "price": 16400}, {"year": 2008, "price": 16200}, {"year": 2009, "price": 15900}, {"year": 2010, "price": 15500}, {"year": 2011, "price": 15100}, {"year": 2012, "price": 14700}, {"year": 2013, "price": 14300}, {"year": 2014, "price": 14000}, {"year": 2015, "price": 13700}, {"year": 2016, "price": 13500}, {"year": 2017, "price": 13400}, {"year": 2018, "price": 13300}, {"year": 2019, "price": 13200}, {"year": 2020, "price": 13100}, {"year": 2021, "price": 13000}, {"year": 2022, "price": 12900}, {"year": 2023, "price": 12800}, {"year": 2024, "price": 12700}, {"year": 2025, "price": 12600}]}}, {"type": "Feature", "geometry": {"type": "Point", "coordinates": [131.86159110000006, 34.03470972000002]}, "properties": {"id": "35207-000-011", "city": "下松", "address": "山口県　下松市大字末武上字素鯉１９８６番９", "residence_display": "_", "area_m2": 194, "usage": "住宅", "price_2025": 33700, "change_rate": 1.2, "nearest_station": "周防花岡", "station_distance_m": 800, "road_width_m": 6.0, "building_coverage": 60, "floor_area_ratio": 200, "surroundings": "中規模一般住宅が多い郊外の住宅地域", "history": [{"year": 2016, "price": 32700}, {"year": 2017, "price": 32500}, {"year": 2018, "price": 32400}, {"year": 2019, "price": 32400}, {"year": 2020, "price": 32600}, {"year": 2021, "price": 32700}, {"year": 2022, "price": 32800}, {"year": 2023, "price": 33000}, {"year": 2024, "price": 33300}, {"year": 2025, "price": 33700}]}}, {"type": "Feature", "geometry": {"type": "Point", "coordinates": [131.86566390000007, 34.00934694000006]}, "properties": {"id": "35207-005-001", "city": "下松", "address": "山口県　下松市駅南２丁目１２０５番２", "residence_display": "駅南２－３－２２", "area_m2": 155, "usage": "商業地", "price_2025": 51500, "change_rate": 0.4, "nearest_station": "下松", "station_distance_m": 240, "road_width_m": 13.5, "building_coverage": 80, "floor_area_ratio": 400, "surroundings": "小規模な小売店舗等が建ち並ぶ駅前の商業地域", "history": [{"year": 2004, "price": 84400}, {"year": 2005, "price": 80400}, {"year": 2006, "price": 77100}, {"year": 2007, "price": 74200}, {"year": 2008, "price": 71800}, {"year": 2009, "price": 68100}, {"year": 2010, "price": 64400}, {"year": 2011, "price": 61400}, {"year": 2012, "price": 58500}, {"year": 2013, "price": 55900}, {"year": 2014, "price": 54100}, {"year": 2015, "price": 52800}, {"year": 2016, "price": 51900}, {"year": 2017, "price": 51500}, {"year": 2018, "price": 51300}, {"year": 2019, "price": 51300}, {"year": 2020, "price": 51300}, {"year": 2021, "price": 51300}, {"year": 2022, "price": 51300}, {"year": 2023, "price": 51300}, {"year": 2024, "price": 51300}, {"year": 2025, "price": 51500}]}}, {"type": "Feature", "geometry": {"type": "Point", "coordinates": [131.85587390000012, 34.02392389000005]}, "properties": {"id": "35207-005-002", "city": "下松", "address": "山口県　下松市瑞穂町１丁目９０２番５外", "residence_display": "瑞穂町１－１４－１５", "area_m2": 400, "usage": "商業地", "price_2025": 74200, "change_rate": 1.0, "nearest_station": "下松", "station_distance_m": 2300, "road_width_m": 20.0, "building_coverage": 60, "floor_area_ratio": 200, "surroundings": "中小規模の店舗、営業所等が多い路線商業地域", "history": [{"year": 1997, "price": 140000}, {"year": 1998, "price": 141000}, {"year": 1999, "price": 141000}, {"year": 2000, "price": 141000}, {"year": 2001, "price": 140000}, {"year": 2002, "price": 139000}, {"year": 2003, "price": 135000}, {"year": 2004, "price": 129000}, {"year": 2005, "price": 123000}, {"year": 2006, "price": 113000}, {"year": 2007, "price": 106000}, {"year": 2008, "price": 101000}, {"year": 2009, "price": 96200}, {"year": 2010, "price": 90600}, {"year": 2011, "price": 85900}, {"year": 2012, "price": 81600}, {"year": 2013, "price": 77600}, {"year": 2014, "price": 75100}, {"year": 2015, "price": 73600}, {"year": 2016, "price": 72600}, {"year": 2017, "price": 72400}, {"year": 2018, "price": 72400}, {"year": 2019, "price": 72600}, {"year": 2020, "price": 72700}, {"year": 2021, "price": 72700}, {"year": 2022, "price": 72700}, {"year": 2023, "price": 73000}, {"year": 2024, "price": 73500}, {"year": 2025, "price": 74200}]}}, {"type": "Feature", "geometry": {"type": "Point", "coordinates": [131.86901190000003, 34.01463389000003]}, "properties": {"id": "35207-005-003", "city": "下松", "address": "山口県　下松市大手町３丁目９２９番１２", "residence_display": "大手町３－４－１", "area_m2": 160, "usage": "商業地", "price_2025": 71900, "change_rate": 1.1, "nearest_station": "下松", "station_distance_m": 750, "road_width_m": 15.0, "building_coverage": 80, "floor_area_ratio": 400, "surroundings": "中層の雑居ビル等が建ち並ぶ商業地域", "history": [{"year": 1993, "price": 194000}, {"year": 1994, "price": 194000}, {"year": 1995, "price": 193000}, {"year": 1996, "price": 193000}, {"year": 1997, "price": 193000}, {"year": 1998, "price": 193000}, {"year": 1999, "price": 193000}, {"year": 2000, "price": 189000}, {"year": 2001, "price": 184000}, {"year": 2002, "price": 176000}, {"year": 2003, "price": 165000}, {"year": 2004, "price": 146000}, {"year": 2005, "price": 126000}, {"year": 2006, "price": 114000}, {"year": 2007, "price": 106000}, {"year": 2008, "price": 100000}, {"year": 2009, "price": 94000}, {"year": 2010, "price": 87700}, {"year": 2011, "price": 81600}, {"year": 2012, "price": 78400}, {"year": 2013, "price": 75500}, {"year": 2014, "price": 73300}, {"year": 2015, "price": 72000}, {"year": 2016, "price": 71400}, {"year": 2017, "price": 71100}, {"year": 2018, "price": 71100}, {"year": 2019, "price": 71100}, {"year": 2020, "price": 71100}, {"year": 2021, "price": 71100}, {"year": 2022, "price": 71100}, {"year": 2023, "price": 71100}, {"year": 2024, "price": 71100}, {"year": 2025, "price": 71900}]}}, {"type": "Feature", "geometry": {"type": "Point", "coordinates": [131.86255390000008, 34.02833111000007]}, "properties": {"id": "35207-005-004", "city": "下松", "address": "山口県　下松市望町１丁目１６９２番５内", "residence_display": "望町１－８－５", "area_m2": 1266, "usage": "商業地", "price_2025": 106000, "change_rate": 1.0, "nearest_station": "下松", "station_distance_m": 2800, "road_width_m": 20.0, "building_coverage": 60, "floor_area_ratio": 200, "surroundings": "大規模な小売店舗等が建ち並ぶ路線商業地域", "history": [{"year": 2007, "price": 124000}, {"year": 2008, "price": 122000}, {"year": 2009, "price": 119000}, {"year": 2010, "price": 115000}, {"year": 2011, "price": 111000}, {"year": 2012, "price": 108000}, {"year": 2013, "price": 105000}, {"year": 2014, "price": 103000}, {"year": 2015, "price": 102000}, {"year": 2016, "price": 101000}, {"year": 2017, "price": 101000}, {"year": 2018, "price": 101000}, {"year": 2019, "price": 102000}, {"year": 2020, "price": 103000}, {"year": 2021, "price": 103000}, {"year": 2022, "price": 103000}, {"year": 2023, "price": 104000}, {"year": 2024, "price": 105000}, {"year": 2025, "price": 106000}]}}, {"type": "Feature", "geometry": {"type": "Point", "coordinates": [131.86176190000003, 34.009493890000044]}, "properties": {"id": "35207-005-005", "city": "下松", "address": "山口県　下松市新川３丁目１３３６番５８外", "residence_display": "新川３－１－３６", "area_m2": 1653, "usage": "商業地", "price_2025": 48800, "change_rate": 0.6, "nearest_station": "下松", "station_distance_m": 620, "road_width_m": 15.0, "building_coverage": 60, "floor_area_ratio": 200, "surroundings": "営業所、店舗等が混在する路線商業地域", "history": [{"year": 2023, "price": 48500}, {"year": 2024, "price": 48500}, {"year": 2025, "price": 48800}]}}, {"type": "Feature", "geometry": {"type": "Point", "coordinates": [131.85201690000008, 34.025543060000075]}, "properties": {"id": "35207-005-006", "city": "下松", "address": "山口県　下松市瑞穂町３丁目６７５番３", "residence_display": "瑞穂町３－１－１２", "area_m2": 1819, "usage": "商業地", "price_2025": 49700, "change_rate": 0.8, "nearest_station": "下松", "station_distance_m": 2700, "road_width_m": 12.0, "building_coverage": 60, "floor_area_ratio": 200, "surroundings": "店舗、営業所、アパート等が混在する商業地域", "history": [{"year": 2009, "price": 64400}, {"year": 2010, "price": 60000}, {"year": 2011, "price": 56300}, {"year": 2012, "price": 53500}, {"year": 2013, "price": 51200}, {"year": 2014, "price": 50000}, {"year": 2015, "price": 49200}, {"year": 2016, "price": 48700}, {"year": 2017, "price": 48500}, {"year": 2018, "price": 48500}, {"year": 2019, "price": 48500}, {"year": 2020, "price": 48500}, {"year": 2021, "price": 48500}, {"year": 2022, "price": 48700}, {"year": 2023, "price": 49000}, {"year": 2024, "price": 49300}, {"year": 2025, "price": 49700}]}}, {"type": "Feature", "geometry": {"type": "Point", "coordinates": [131.84952690000011, 34.030645]}, "properties": {"id": "35207-009-001", "city": "下松", "address": "山口県　下松市大字末武中字下和田１２５４番１外", "residence_display": "_", "area_m2": 3694, "usage": "調整区域内宅地", "price_2025": 27000, "change_rate": 0.4, "nearest_station": "櫛ケ浜", "station_distance_m": 3300, "road_width_m": 6.0, "building_coverage": 60, "floor_area_ratio": 200, "surroundings": "中小規模工場、倉庫等が多い県道背後の工業地域", "history": [{"year": 2016, "price": 29200}, {"year": 2017, "price": 28600}, {"year": 2018, "price": 28200}, {"year": 2019, "price": 27900}, {"year": 2020, "price": 27600}, {"year": 2021, "price": 27300}, {"year": 2022, "price": 27000}, {"year": 2023, "price": 26900}, {"year": 2024, "price": 26900}, {"year": 2025, "price": 27000}]}}, {"type": "Feature", "geometry": {"type": "Point", "coordinates": [131.91103810000004, 34.02308361000007]}, "properties": {"id": "35207-009-002", "city": "下松", "address": "山口県　下松市葉山１丁目８１９番３１", "residence_display": "_", "area_m2": 12859, "usage": "調整区域内宅地", "price_2025": 25000, "change_rate": 0.0, "nearest_station": "周防久保", "station_distance_m": 1800, "road_width_m": 12.0, "building_coverage": 60, "floor_area_ratio": 200, "surroundings": "倉庫、営業所等が立地する物流団地", "history": [{"year": 2017, "price": 27800}, {"year": 2018, "price": 27200}, {"year": 2019, "price": 26700}, {"year": 2020, "price": 26200}, {"year": 2021, "price": 25800}, {"year": 2022, "price": 25500}, {"year": 2023, "price": 25200}, {"year": 2024, "price": 25000}, {"year": 2025, "price": 25000}]}}, {"type": "Feature", "geometry": {"type": "Point", "coordinates": [132.19530810000003, 34.126295]}, "properties": {"id": "35208-000-001", "city": "岩国", "address": "山口県　岩国市南岩国町５丁目１１２７７番１００", "residence_display": "南岩国町５－４８－３９", "area_m2": 192, "usage": "住宅", "price_2025": 54000, "change_rate": 2.1, "nearest_station": "南岩国", "station_distance_m": 2000, "road_width_m": 6.0, "building_coverage": 60, "floor_area_ratio": 200, "surroundings": "中規模一般住宅が建ち並ぶ高台の住宅地域", "history": [{"year": 1992, "price": 83000}, {"year": 1993, "price": 84700}, {"year": 1994, "price": 85600}, {"year": 1995, "price": 86500}, {"year": 1996, "price": 87500}, {"year": 1997, "price": 88400}, {"year": 1998, "price": 89400}, {"year": 1999, "price": 89000}, {"year": 2000, "price": 87200}, {"year": 2001, "price": 84500}, {"year": 2002, "price": 81400}, {"year": 2003, "price": 78000}, {"year": 2004, "price": 74100}, {"year": 2005, "price": 70000}, {"year": 2006, "price": 65600}, {"year": 2007, "price": 61800}, {"year": 2008, "price": 58600}, {"year": 2009, "price": 56000}, {"year": 2010, "price": 53500}, {"year": 2011, "price": 51700}, {"year": 2012, "price": 50500}, {"year": 2013, "price": 49600}, {"year": 2014, "price": 49000}, {"year": 2015, "price": 48600}, {"year": 2016, "price": 48400}, {"year": 2017, "price": 48300}, {"year": 2018, "price": 48300}, {"year": 2019, "price": 48800}, {"year": 2020, "price": 49400}, {"year": 2021, "price": 49900}, {"year": 2022, "price": 50500}, {"year": 2023, "price": 51700}, {"year": 2024, "price": 52900}, {"year": 2025, "price": 54000}]}}, {"type": "Feature", "geometry": {"type": "Point", "coordinates": [132.21373610000012, 34.16440889000006]}, "properties": {"id": "35208-000-002", "city": "岩国", "address": "山口県　岩国市今津町４丁目１１４番１２", "residence_display": "今津町４－１４－３０", "area_m2": 336, "usage": "住宅", "price_2025": 92900, "change_rate": 2.2, "nearest_station": "岩国", "station_distance_m": 1600, "road_width_m": 6.0, "building_coverage": 60, "floor_area_ratio": 200, "surroundings": "中規模一般住宅が多い区画整然とした住宅地域", "history": [{"year": 1983, "price": 108000}, {"year": 1984, "price": 111000}, {"year": 1985, "price": 114000}, {"year": 1986, "price": 117000}, {"year": 1987, "price": 119000}, {"year": 1988, "price": 121000}, {"year": 1989, "price": 124000}, {"year": 1990, "price": 131000}, {"year": 1991, "price": 159000}, {"year": 1992, "price": 175000}, {"year": 1993, "price": 179000}, {"year": 1994, "price": 179000}, {"year": 1995, "price": 179000}, {"year": 1996, "price": 175000}, {"year": 1997, "price": 172000}, {"year": 1998, "price": 170000}, {"year": 1999, "price": 165000}, {"year": 2000, "price": 160000}, {"year": 2001, "price": 154000}, {"year": 2002, "price": 146000}, {"year": 2003, "price": 134000}, {"year": 2004, "price": 122000}, {"year": 2005, "price": 114000}, {"year": 2006, "price": 104000}, {"year": 2007, "price": 97500}, {"year": 2008, "price": 93100}, {"year": 2009, "price": 90000}, {"year": 2010, "price": 86700}, {"year": 2011, "price": 84400}, {"year": 2012, "price": 82000}, {"year": 2013, "price": 80800}, {"year": 2014, "price": 80000}, {"year": 2015, "price": 79700}, {"year": 2016, "price": 79700}, {"year": 2017, "price": 79700}, {"year": 2018, "price": 80200}, {"year": 2019, "price": 81500}, {"year": 2020, "price": 83600}, {"year": 2021, "price": 85300}, {"year": 2022, "price": 87200}, {"year": 2023, "price": 89000}, {"year": 2024, "price": 90900}, {"year": 2025, "price": 92900}]}}, {"type": "Feature", "geometry": {"type": "Point", "coordinates": [132.1972581000001, 34.10521111000003]}, "properties": {"id": "35208-000-003", "city": "岩国", "address": "山口県　岩国市黒磯町２丁目４１９番６１", "residence_display": "黒磯町２－２１－１４", "area_m2": 226, "usage": "住宅", "price_2025": 34200, "change_rate": 0.9, "nearest_station": "藤生", "station_distance_m": 1100, "road_width_m": 4.0, "building_coverage": 60, "floor_area_ratio": 200, "surroundings": "中規模一般住宅が建ち並ぶ高台の住宅地域", "history": [{"year": 1995, "price": 75500}, {"year": 1996, "price": 76300}, {"year": 1997, "price": 77100}, {"year": 1998, "price": 78000}, {"year": 1999, "price": 77800}, {"year": 2000, "price": 76200}, {"year": 2001, "price": 73800}, {"year": 2002, "price": 70400}, {"year": 2003, "price": 65300}, {"year": 2004, "price": 60200}, {"year": 2005, "price": 55700}, {"year": 2006, "price": 52400}, {"year": 2007, "price": 49500}, {"year": 2008, "price": 47200}, {"year": 2009, "price": 44900}, {"year": 2010, "price": 42500}, {"year": 2011, "price": 40500}, {"year": 2012, "price": 38800}, {"year": 2013, "price": 37000}, {"year": 2014, "price": 35200}, {"year": 2015, "price": 33600}, {"year": 2016, "price": 32500}, {"year": 2017, "price": 32400}, {"year": 2018, "price": 32300}, {"year": 2019, "price": 32300}, {"year": 2020, "price": 32300}, {"year": 2021, "price": 32600}, {"year": 2022, "price": 33100}, {"year": 2023, "price": 33600}, {"year": 2024, "price": 33900}, {"year": 2025, "price": 34200}]}}, {"type": "Feature", "geometry": {"type": "Point", "coordinates": [132.23156, 34.174203060000025]}, "properties": {"id": "35208-000-004", "city": "岩国", "address": "山口県　岩国市昭和町２丁目１５番１２", "residence_display": "昭和町２－１５－１９", "area_m2": 165, "usage": "住宅", "price_2025": 60800, "change_rate": 2.4, "nearest_station": "岩国", "station_distance_m": 650, "road_width_m": 6.0, "building_coverage": 80, "floor_area_ratio": 300, "surroundings": "小中規模一般住宅に共同住宅が見られる住宅地域", "history": [{"year": 2015, "price": 53300}, {"year": 2016, "price": 53300}, {"year": 2017, "price": 53300}, {"year": 2018, "price": 53600}, {"year": 2019, "price": 54200}, {"year": 2020, "price": 55000}, {"year": 2021, "price": 55700}, {"year": 2022, "price": 56800}, {"year": 2023, "price": 58100}, {"year": 2024, "price": 59400}, {"year": 2025, "price": 60800}]}}, {"type": "Feature", "geometry": {"type": "Point", "coordinates": [132.20804610000005, 34.13913806000005]}, "properties": {"id": "35208-000-005", "city": "岩国", "address": "山口県　岩国市尾津町２丁目４９０番９", "residence_display": "尾津町２－１６－２５", "area_m2": 147, "usage": "住宅", "price_2025": 73500, "change_rate": 2.4, "nearest_station": "南岩国", "station_distance_m": 500, "road_width_m": 5.0, "building_coverage": 60, "floor_area_ratio": 200, "surroundings": "一般住宅、アパート等が混在する既成住宅地域", "history": [{"year": 1995, "price": 120000}, {"year": 1996, "price": 122000}, {"year": 1997, "price": 123000}, {"year": 1998, "price": 124000}, {"year": 1999, "price": 124000}, {"year": 2000, "price": 121000}, {"year": 2001, "price": 117000}, {"year": 2002, "price": 112000}, {"year": 2003, "price": 103000}, {"year": 2004, "price": 94500}, {"year": 2005, "price": 87000}, {"year": 2006, "price": 80800}, {"year": 2007, "price": 76400}, {"year": 2008, "price": 73300}, {"year": 2009, "price": 70200}, {"year": 2010, "price": 67300}, {"year": 2011, "price": 65600}, {"year": 2012, "price": 64300}, {"year": 2013, "price": 63600}, {"year": 2014, "price": 63000}, {"year": 2015, "price": 63000}, {"year": 2016, "price": 63000}, {"year": 2017, "price": 63000}, {"year": 2018, "price": 63300}, {"year": 2019, "price": 64000}, {"year": 2020, "price": 65500}, {"year": 2021, "price": 66800}, {"year": 2022, "price": 68400}, {"year": 2023, "price": 70100}, {"year": 2024, "price": 71800}, {"year": 2025, "price": 73500}]}}, {"type": "Feature", "geometry": {"type": "Point", "coordinates": [132.1754419, 34.166683060000025]}, "properties": {"id": "35208-000-006", "city": "岩国", "address": "山口県　岩国市横山１丁目１５７番", "residence_display": "横山１－５－１１", "area_m2": 347, "usage": "住宅", "price_2025": 52100, "change_rate": 1.4, "nearest_station": "川西", "station_distance_m": 1200, "road_width_m": 3.5, "building_coverage": 60, "floor_area_ratio": 200, "surroundings": "中規模一般住宅の建ち並ぶ既成住宅地域", "history": [{"year": 1983, "price": 61000}, {"year": 1984, "price": 63000}, {"year": 1985, "price": 64700}, {"year": 1986, "price": 66100}, {"year": 1987, "price": 67100}, {"year": 1988, "price": 68200}, {"year": 1989, "price": 69800}, {"year": 1990, "price": 73300}, {"year": 1991, "price": 84300}, {"year": 1992, "price": 92700}, {"year": 1993, "price": 94500}, {"year": 1994, "price": 96200}, {"year": 1995, "price": 97600}, {"year": 1996, "price": 98500}, {"year": 1997, "price": 99300}, {"year": 1998, "price": 99900}, {"year": 1999, "price": 98800}, {"year": 2000, "price": 96500}, {"year": 2001, "price": 93500}, {"year": 2002, "price": 89600}, {"year": 2003, "price": 83000}, {"year": 2004, "price": 76400}, {"year": 2005, "price": 70200}, {"year": 2006, "price": 65600}, {"year": 2007, "price": 62100}, {"year": 2008, "price": 59600}, {"year": 2009, "price": 56700}, {"year": 2010, "price": 54300}, {"year": 2011, "price": 53000}, {"year": 2012, "price": 51800}, {"year": 2013, "price": 50900}, {"year": 2014, "price": 50300}, {"year": 2015, "price": 49800}, {"year": 2016, "price": 49600}, {"year": 2017, "price": 49600}, {"year": 2018, "price": 49600}, {"year": 2019, "price": 49600}, {"year": 2020, "price": 49900}, {"year": 2021, "price": 50000}, {"year": 2022, "price": 50300}, {"year": 2023, "price": 50800}, {"year": 2024, "price": 51400}, {"year": 2025, "price": 52100}]}}, {"type": "Feature", "geometry": {"type": "Point", "coordinates": [132.1985869, 34.130596110000056]}, "properties": {"id": "35208-000-007", "city": "岩国", "address": "山口県　岩国市南岩国町３丁目８１２番２５", "residence_display": "南岩国町３－２３－５６", "area_m2": 207, "usage": "住宅", "price_2025": 68200, "change_rate": 3.6, "nearest_station": "南岩国", "station_distance_m": 1300, "road_width_m": 6.0, "building_coverage": 60, "floor_area_ratio": 200, "surroundings": "中規模一般住宅が建ち並ぶ利便性の良い住宅地域", "history": [{"year": 2010, "price": 58000}, {"year": 2011, "price": 56200}, {"year": 2012, "price": 55100}, {"year": 2013, "price": 54700}, {"year": 2014, "price": 54500}, {"year": 2015, "price": 54500}, {"year": 2016, "price": 54500}, {"year": 2017, "price": 54500}, {"year": 2018, "price": 54800}, {"year": 2019, "price": 56100}, {"year": 2020, "price": 57900}, {"year": 2021, "price": 59500}, {"year": 2022, "price": 61300}, {"year": 2023, "price": 63300}, {"year": 2024, "price": 65800}, {"year": 2025, "price": 68200}]}}, {"type": "Feature", "geometry": {"type": "Point", "coordinates": [132.2015311, 34.16473111000005]}, "properties": {"id": "35208-000-008", "city": "岩国", "address": "山口県　岩国市室の木町４丁目１０番３５", "residence_display": "室の木町４－６６－６", "area_m2": 149, "usage": "住宅", "price_2025": 48300, "change_rate": 0.8, "nearest_station": "西岩国", "station_distance_m": 1300, "road_width_m": 8.0, "building_coverage": 60, "floor_area_ratio": 200, "surroundings": "中規模一般住宅が多い高台の住宅地域", "history": [{"year": 1985, "price": 60500}, {"year": 1986, "price": 61600}, {"year": 1987, "price": 62600}, {"year": 1988, "price": 63600}, {"year": 1989, "price": 65200}, {"year": 1990, "price": 68500}, {"year": 1991, "price": 79500}, {"year": 1992, "price": 87500}, {"year": 1993, "price": 89300}, {"year": 1994, "price": 90100}, {"year": 1995, "price": 91000}, {"year": 1996, "price": 91900}, {"year": 1997, "price": 93100}, {"year": 1998, "price": 93800}, {"year": 1999, "price": 92000}, {"year": 2000, "price": 90500}, {"year": 2001, "price": 88300}, {"year": 2002, "price": 84700}, {"year": 2003, "price": 79500}, {"year": 2004, "price": 73200}, {"year": 2005, "price": 67900}, {"year": 2006, "price": 63400}, {"year": 2007, "price": 59500}, {"year": 2008, "price": 56600}, {"year": 2009, "price": 54000}, {"year": 2010, "price": 51500}, {"year": 2011, "price": 49500}, {"year": 2012, "price": 47800}, {"year": 2013, "price": 46900}, {"year": 2014, "price": 46400}, {"year": 2015, "price": 46200}, {"year": 2016, "price": 46200}, {"year": 2017, "price": 46200}, {"year": 2018, "price": 46200}, {"year": 2019, "price": 46400}, {"year": 2020, "price": 46700}, {"year": 2021, "price": 46900}, {"year": 2022, "price": 47100}, {"year": 2023, "price": 47500}, {"year": 2024, "price": 47900}, {"year": 2025, "price": 48300}]}}, {"type": "Feature", "geometry": {"type": "Point", "coordinates": [132.2012089000001, 34.149795]}, "properties": {"id": "35208-000-009", "city": "岩国", "address": "山口県　岩国市牛野谷町３丁目１０２７５番５２", "residence_display": "牛野谷町３－６８－８", "area_m2": 186, "usage": "住宅", "price_2025": 49800, "change_rate": 1.6, "nearest_station": "西岩国", "station_distance_m": 2400, "road_width_m": 6.0, "building_coverage": 50, "floor_area_ratio": 80, "surroundings": "中規模一般住宅が多い高台の住宅地域", "history": [{"year": 1990, "price": 73000}, {"year": 1991, "price": 81800}, {"year": 1992, "price": 90000}, {"year": 1993, "price": 91800}, {"year": 1994, "price": 92500}, {"year": 1995, "price": 93300}, {"year": 1996, "price": 94400}, {"year": 1997, "price": 95700}, {"year": 1998, "price": 96400}, {"year": 1999, "price": 95900}, {"year": 2000, "price": 93500}, {"year": 2001, "price": 90700}, {"year": 2002, "price": 86800}, {"year": 2003, "price": 80000}, {"year": 2004, "price": 73900}, {"year": 2005, "price": 68000}, {"year": 2006, "price": 63600}, {"year": 2007, "price": 60500}, {"year": 2008, "price": 58100}, {"year": 2009, "price": 55800}, {"year": 2010, "price": 53300}, {"year": 2011, "price": 50400}, {"year": 2012, "price": 48700}, {"year": 2013, "price": 47500}, {"year": 2014, "price": 47100}, {"year": 2015, "price": 47000}, {"year": 2016, "price": 47000}, {"year": 2017, "price": 47000}, {"year": 2018, "price": 47100}, {"year": 2019, "price": 47200}, {"year": 2020, "price": 47400}, {"year": 2021, "price": 47600}, {"year": 2022, "price": 47900}, {"year": 2023, "price": 48400}, {"year": 2024, "price": 49000}, {"year": 2025, "price": 49800}]}}, {"type": "Feature", "geometry": {"type": "Point", "coordinates": [132.099795, 34.10406806000003]}, "properties": {"id": "35208-000-010", "city": "岩国", "address": "山口県　岩国市玖珂町字中野口１４７８番３４", "residence_display": "_", "area_m2": 226, "usage": "住宅", "price_2025": 26600, "change_rate": 0.0, "nearest_station": "欽明路", "station_distance_m": 350, "road_width_m": 4.0, "building_coverage": 60, "floor_area_ratio": 200, "surroundings": "一般住宅が建ち並ぶ既成住宅地域", "history": [{"year": 1994, "price": 34000}, {"year": 1995, "price": 34600}, {"year": 1996, "price": 35100}, {"year": 1997, "price": 35700}, {"year": 1998, "price": 36300}, {"year": 1999, "price": 36400}, {"year": 2000, "price": 36200}, {"year": 2001, "price": 35900}, {"year": 2002, "price": 35200}, {"year": 2003, "price": 34000}, {"year": 2004, "price": 32700}, {"year": 2005, "price": 31400}, {"year": 2006, "price": 30900}, {"year": 2007, "price": 30500}, {"year": 2008, "price": 30200}, {"year": 2009, "price": 29800}, {"year": 2010, "price": 29000}, {"year": 2011, "price": 28200}, {"year": 2012, "price": 27800}, {"year": 2013, "price": 27500}, {"year": 2014, "price": 27200}, {"year": 2015, "price": 26900}, {"year": 2016, "price": 26800}, {"year": 2017, "price": 26700}, {"year": 2018, "price": 26700}, {"year": 2019, "price": 26700}, {"year": 2020, "price": 26700}, {"year": 2021, "price": 26700}, {"year": 2022, "price": 26700}, {"year": 2023, "price": 26600}, {"year": 2024, "price": 26600}, {"year": 2025, "price": 26600}]}}, {"type": "Feature", "geometry": {"type": "Point", "coordinates": [132.20565310000006, 34.08220306000004]}, "properties": {"id": "35208-000-011", "city": "岩国", "address": "山口県　岩国市保津町２丁目１０３０８番１６", "residence_display": "保津町２－１１－３４", "area_m2": 317, "usage": "住宅", "price_2025": 32200, "change_rate": 0.0, "nearest_station": "通津", "station_distance_m": 2000, "road_width_m": 6.0, "building_coverage": 60, "floor_area_ratio": 200, "surroundings": "中規模一般住宅が多い区画整然とした住宅地域", "history": [{"year": 1983, "price": 38000}, {"year": 1984, "price": 39200}, {"year": 1985, "price": 40300}, {"year": 1986, "price": 41100}, {"year": 1987, "price": 41700}, {"year": 1988, "price": 42300}, {"year": 1989, "price": 43300}, {"year": 1990, "price": 45000}, {"year": 1991, "price": 51300}, {"year": 1992, "price": 57500}, {"year": 1993, "price": 59200}, {"year": 1994, "price": 60300}, {"year": 1995, "price": 61500}, {"year": 1996, "price": 62200}, {"year": 1997, "price": 63100}, {"year": 1998, "price": 63600}, {"year": 1999, "price": 63500}, {"year": 2000, "price": 62800}, {"year": 2001, "price": 61500}, {"year": 2002, "price": 59200}, {"year": 2003, "price": 55000}, {"year": 2004, "price": 51000}, {"year": 2005, "price": 48900}, {"year": 2006, "price": 46000}, {"year": 2007, "price": 43600}, {"year": 2008, "price": 41800}, {"year": 2009, "price": 39900}, {"year": 2010, "price": 38100}, {"year": 2011, "price": 36300}, {"year": 2012, "price": 34800}, {"year": 2013, "price": 33800}, {"year": 2014, "price": 33100}, {"year": 2015, "price": 32700}, {"year": 2016, "price": 32500}, {"year": 2017, "price": 32400}, {"year": 2018, "price": 32300}, {"year": 2019, "price": 32300}, {"year": 2020, "price": 32300}, {"year": 2021, "price": 32200}, {"year": 2022, "price": 32200}, {"year": 2023, "price": 32200}, {"year": 2024, "price": 32200}, {"year": 2025, "price": 32200}]}}, {"type": "Feature", "geometry": {"type": "Point", "coordinates": [132.20604690000005, 34.070785]}, "properties": {"id": "35208-000-012", "city": "岩国", "address": "山口県　岩国市通津字中町２６０８番", "residence_display": "_", "area_m2": 181, "usage": "住宅", "price_2025": 41200, "change_rate": 0.0, "nearest_station": "通津", "station_distance_m": 350, "road_width_m": 4.0, "building_coverage": 80, "floor_area_ratio": 200, "surroundings": "住宅、店舗が混在する既成住宅地域", "history": [{"year": 2013, "price": 43400}, {"year": 2014, "price": 42500}, {"year": 2015, "price": 41800}, {"year": 2016, "price": 41300}, {"year": 2017, "price": 40900}, {"year": 2018, "price": 40700}, {"year": 2019, "price": 40600}, {"year": 2020, "price": 40600}, {"year": 2021, "price": 40600}, {"year": 2022, "price": 40800}, {"year": 2023, "price": 41000}, {"year": 2024, "price": 41200}, {"year": 2025, "price": 41200}]}}, {"type": "Feature", "geometry": {"type": "Point", "coordinates": [132.194055, 34.096675]}, "properties": {"id": "35208-000-013", "city": "岩国", "address": "山口県　岩国市青木町４丁目４４７番", "residence_display": "青木町４－９－２３", "area_m2": 393, "usage": "住宅", "price_2025": 10400, "change_rate": -1.0, "nearest_station": "藤生", "station_distance_m": 2500, "road_width_m": 2.0, "building_coverage": 60, "floor_area_ratio": 100, "surroundings": "農家住宅等が見られる丘陵地の住宅地域", "history": [{"year": 1984, "price": 14000}, {"year": 1985, "price": 14300}, {"year": 1986, "price": 14500}, {"year": 1987, "price": 14600}, {"year": 1988, "price": 14800}, {"year": 1989, "price": 14900}, {"year": 1990, "price": 15300}, {"year": 1991, "price": 16300}, {"year": 1992, "price": 17000}, {"year": 1993, "price": 17400}, {"year": 1994, "price": 17600}, {"year": 1995, "price": 17700}, {"year": 1996, "price": 17800}, {"year": 1997, "price": 17900}, {"year": 1998, "price": 18000}, {"year": 1999, "price": 18000}, {"year": 2000, "price": 18000}, {"year": 2001, "price": 18000}, {"year": 2002, "price": 17900}, {"year": 2003, "price": 17500}, {"year": 2004, "price": 17100}, {"year": 2005, "price": 16600}, {"year": 2006, "price": 16100}, {"year": 2007, "price": 15700}, {"year": 2008, "price": 15300}, {"year": 2009, "price": 14900}, {"year": 2010, "price": 14500}, {"year": 2011, "price": 14100}, {"year": 2012, "price": 13700}, {"year": 2013, "price": 13300}, {"year": 2014, "price": 12900}, {"year": 2015, "price": 12500}, {"year": 2016, "price": 12100}, {"year": 2017, "price": 11800}, {"year": 2018, "price": 11600}, {"year": 2019, "price": 11400}, {"year": 2020, "price": 11200}, {"year": 2021, "price": 11000}, {"year": 2022, "price": 10800}, {"year": 2023, "price": 10600}, {"year": 2024, "price": 10500}, {"year": 2025, "price": 10400}]}}, {"type": "Feature", "geometry": {"type": "Point", "coordinates": [132.19105610000008, 34.166297780000036]}, "properties": {"id": "35208-000-015", "city": "岩国", "address": "山口県　岩国市錦見１丁目９９７番３１", "residence_display": "錦見１－１３－１１－２６", "area_m2": 167, "usage": "住宅", "price_2025": 70100, "change_rate": 2.5, "nearest_station": "西岩国", "station_distance_m": 600, "road_width_m": 5.5, "building_coverage": 60, "floor_area_ratio": 200, "surroundings": "中規模一般住宅が建ち並ぶ利便性の良い住宅地域", "history": [{"year": 2017, "price": 61400}, {"year": 2018, "price": 61500}, {"year": 2019, "price": 61800}, {"year": 2020, "price": 63000}, {"year": 2021, "price": 64100}, {"year": 2022, "price": 65400}, {"year": 2023, "price": 66800}, {"year": 2024, "price": 68400}, {"year": 2025, "price": 70100}]}}, {"type": "Feature", "geometry": {"type": "Point", "coordinates": [132.197615, 34.167178060000026]}, "properties": {"id": "35208-000-016", "city": "岩国", "address": "山口県　岩国市錦見３丁目１０１３１番４８", "residence_display": "錦見３－１９－６", "area_m2": 179, "usage": "住宅", "price_2025": 57000, "change_rate": 2.0, "nearest_station": "西岩国", "station_distance_m": 750, "road_width_m": 4.5, "building_coverage": 60, "floor_area_ratio": 200, "surroundings": "中規模一般住宅が建ち並ぶ閑静な住宅地域", "history": [{"year": 1994, "price": 96000}, {"year": 1995, "price": 97000}, {"year": 1996, "price": 98000}, {"year": 1997, "price": 98800}, {"year": 1998, "price": 99700}, {"year": 1999, "price": 98700}, {"year": 2000, "price": 95700}, {"year": 2001, "price": 92400}, {"year": 2002, "price": 88500}, {"year": 2003, "price": 82800}, {"year": 2004, "price": 76700}, {"year": 2005, "price": 71300}, {"year": 2006, "price": 67300}, {"year": 2007, "price": 64600}, {"year": 2008, "price": 62600}, {"year": 2009, "price": 60200}, {"year": 2010, "price": 57700}, {"year": 2011, "price": 55400}, {"year": 2012, "price": 53600}, {"year": 2013, "price": 52300}, {"year": 2014, "price": 51800}, {"year": 2015, "price": 51500}, {"year": 2016, "price": 51400}, {"year": 2017, "price": 51400}, {"year": 2018, "price": 51500}, {"year": 2019, "price": 51800}, {"year": 2020, "price": 52500}, {"year": 2021, "price": 53100}, {"year": 2022, "price": 53800}, {"year": 2023, "price": 54800}, {"year": 2024, "price": 55900}, {"year": 2025, "price": 57000}]}}, {"type": "Feature", "geometry": {"type": "Point", "coordinates": [132.05971310000007, 34.09018389000005]}, "properties": {"id": "35208-000-017", "city": "岩国", "address": "山口県　岩国市周東町下久原字明見田５９７番４", "residence_display": "_", "area_m2": 360, "usage": "住宅", "price_2025": 30800, "change_rate": 0.3, "nearest_station": "周防高森", "station_distance_m": 1500, "road_width_m": 5.5, "building_coverage": 60, "floor_area_ratio": 200, "surroundings": "一般住宅等の中に農地等が見られる住宅地域", "history": [{"year": 1994, "price": 32600}, {"year": 1995, "price": 33000}, {"year": 1996, "price": 33400}, {"year": 1997, "price": 34000}, {"year": 1998, "price": 34500}, {"year": 1999, "price": 34600}, {"year": 2000, "price": 34600}, {"year": 2001, "price": 34400}, {"year": 2002, "price": 34100}, {"year": 2003, "price": 33400}, {"year": 2004, "price": 32600}, {"year": 2005, "price": 31900}, {"year": 2006, "price": 31600}, {"year": 2007, "price": 31400}, {"year": 2008, "price": 31200}, {"year": 2009, "price": 31000}, {"year": 2010, "price": 30900}, {"year": 2011, "price": 30900}, {"year": 2012, "price": 30600}, {"year": 2013, "price": 30300}, {"year": 2014, "price": 30200}, {"year": 2015, "price": 30200}, {"year": 2016, "price": 30200}, {"year": 2017, "price": 30200}, {"year": 2018, "price": 30200}, {"year": 2019, "price": 30200}, {"year": 2020, "price": 30300}, {"year": 2021, "price": 30400}, {"year": 2022, "price": 30500}, {"year": 2023, "price": 30600}, {"year": 2024, "price": 30700}, {"year": 2025, "price": 30800}]}}, {"type": "Feature", "geometry": {"type": "Point", "coordinates": [132.2189, 34.15147306000006]}, "properties": {"id": "35208-000-018", "city": "岩国", "address": "山口県　岩国市中津町３丁目１４９８番１７", "residence_display": "中津町３－８－２９", "area_m2": 168, "usage": "住宅", "price_2025": 62300, "change_rate": 2.1, "nearest_station": "岩国", "station_distance_m": 2800, "road_width_m": 4.0, "building_coverage": 60, "floor_area_ratio": 200, "surroundings": "住宅、アパート、事務所等が混在する住宅地域", "history": [{"year": 1994, "price": 110000}, {"year": 1995, "price": 111000}, {"year": 1996, "price": 112000}, {"year": 1997, "price": 113000}, {"year": 1998, "price": 114000}, {"year": 1999, "price": 113000}, {"year": 2000, "price": 109000}, {"year": 2001, "price": 105000}, {"year": 2002, "price": 100000}, {"year": 2003, "price": 94000}, {"year": 2004, "price": 86400}, {"year": 2005, "price": 79700}, {"year": 2006, "price": 74600}, {"year": 2007, "price": 70800}, {"year": 2008, "price": 67700}, {"year": 2009, "price": 64200}, {"year": 2010, "price": 61500}, {"year": 2011, "price": 59000}, {"year": 2012, "price": 57500}, {"year": 2013, "price": 56100}, {"year": 2014, "price": 55300}, {"year": 2015, "price": 55100}, {"year": 2016, "price": 55100}, {"year": 2017, "price": 55100}, {"year": 2018, "price": 55100}, {"year": 2019, "price": 55400}, {"year": 2020, "price": 56400}, {"year": 2021, "price": 57300}, {"year": 2022, "price": 58400}, {"year": 2023, "price": 59700}, {"year": 2024, "price": 61000}, {"year": 2025, "price": 62300}]}}, {"type": "Feature", "geometry": {"type": "Point", "coordinates": [132.08493190000002, 34.09752111000006]}, "properties": {"id": "35208-000-019", "city": "岩国", "address": "山口県　岩国市玖珂町字本郷原８３７番２外", "residence_display": "_", "area_m2": 378, "usage": "住宅", "price_2025": 36000, "change_rate": 0.3, "nearest_station": "玖珂", "station_distance_m": 270, "road_width_m": 4.4, "building_coverage": 60, "floor_area_ratio": 200, "surroundings": "中規模一般住宅の中に空地等が見られる住宅地域", "history": [{"year": 1994, "price": 55000}, {"year": 1995, "price": 56000}, {"year": 1996, "price": 56900}, {"year": 1997, "price": 57900}, {"year": 1998, "price": 58900}, {"year": 1999, "price": 59100}, {"year": 2000, "price": 58800}, {"year": 2001, "price": 58300}, {"year": 2002, "price": 57100}, {"year": 2003, "price": 55100}, {"year": 2004, "price": 52900}, {"year": 2005, "price": 50400}, {"year": 2006, "price": 49400}, {"year": 2007, "price": 48700}, {"year": 2008, "price": 48100}, {"year": 2009, "price": 47500}, {"year": 2010, "price": 46000}, {"year": 2011, "price": 43700}, {"year": 2012, "price": 41800}, {"year": 2013, "price": 40000}, {"year": 2014, "price": 38400}, {"year": 2015, "price": 37300}, {"year": 2016, "price": 36600}, {"year": 2017, "price": 36100}, {"year": 2018, "price": 35800}, {"year": 2019, "price": 35700}, {"year": 2020, "price": 35700}, {"year": 2021, "price": 35700}, {"year": 2022, "price": 35700}, {"year": 2023, "price": 35800}, {"year": 2024, "price": 35900}, {"year": 2025, "price": 36000}]}}, {"type": "Feature", "geometry": {"type": "Point", "coordinates": [132.1880231, 34.14484194000005]}, "properties": {"id": "35208-000-020", "city": "岩国", "address": "山口県　岩国市平田４丁目１０５０７番１３", "residence_display": "平田４－２４－７", "area_m2": 266, "usage": "住宅", "price_2025": 34800, "change_rate": 0.3, "nearest_station": "南岩国", "station_distance_m": 2700, "road_width_m": 4.0, "building_coverage": 50, "floor_area_ratio": 80, "surroundings": "中規模一般住宅が建ち並ぶ傾斜地の住宅地域", "history": [{"year": 1995, "price": 82000}, {"year": 1996, "price": 82800}, {"year": 1997, "price": 84600}, {"year": 1998, "price": 85600}, {"year": 1999, "price": 85600}, {"year": 2000, "price": 83000}, {"year": 2001, "price": 80300}, {"year": 2002, "price": 76000}, {"year": 2003, "price": 70500}, {"year": 2004, "price": 65300}, {"year": 2005, "price": 59600}, {"year": 2006, "price": 55000}, {"year": 2007, "price": 51700}, {"year": 2008, "price": 49200}, {"year": 2009, "price": 46700}, {"year": 2010, "price": 44300}, {"year": 2011, "price": 42100}, {"year": 2012, "price": 40000}, {"year": 2013, "price": 38200}, {"year": 2014, "price": 36800}, {"year": 2015, "price": 35600}, {"year": 2016, "price": 34900}, {"year": 2017, "price": 34500}, {"year": 2018, "price": 34400}, {"year": 2019, "price": 34400}, {"year": 2020, "price": 34500}, {"year": 2021, "price": 34500}, {"year": 2022, "price": 34500}, {"year": 2023, "price": 34600}, {"year": 2024, "price": 34700}, {"year": 2025, "price": 34800}]}}, {"type": "Feature", "geometry": {"type": "Point", "coordinates": [132.2133411000001, 34.03301389000006]}, "properties": {"id": "35208-000-021", "city": "岩国", "address": "山口県　岩国市由宇町千鳥ヶ丘２丁目１３７９３番２３", "residence_display": "由宇町千鳥ヶ丘２－４－１５", "area_m2": 230, "usage": "住宅", "price_2025": 27900, "change_rate": -0.4, "nearest_station": "由宇", "station_distance_m": 1300, "road_width_m": 6.5, "building_coverage": 60, "floor_area_ratio": 200, "surroundings": "中規模一般住宅が建ち並ぶ丘陵地の住宅地域", "history": [{"year": 1994, "price": 46500}, {"year": 1995, "price": 47300}, {"year": 1996, "price": 47800}, {"year": 1997, "price": 48300}, {"year": 1998, "price": 48500}, {"year": 1999, "price": 48500}, {"year": 2000, "price": 48000}, {"year": 2001, "price": 47300}, {"year": 2002, "price": 45800}, {"year": 2003, "price": 44000}, {"year": 2004, "price": 42100}, {"year": 2005, "price": 40300}, {"year": 2006, "price": 38500}, {"year": 2007, "price": 37100}, {"year": 2008, "price": 36100}, {"year": 2009, "price": 35100}, {"year": 2010, "price": 33800}, {"year": 2011, "price": 32400}, {"year": 2012, "price": 31400}, {"year": 2013, "price": 30500}, {"year": 2014, "price": 29800}, {"year": 2015, "price": 29300}, {"year": 2016, "price": 28900}, {"year": 2017, "price": 28700}, {"year": 2018, "price": 28600}, {"year": 2019, "price": 28500}, {"year": 2020, "price": 28400}, {"year": 2021, "price": 28300}, {"year": 2022, "price": 28200}, {"year": 2023, "price": 28100}, {"year": 2024, "price": 28000}, {"year": 2025, "price": 27900}]}}, {"type": "Feature", "geometry": {"type": "Point", "coordinates": [132.1923289, 34.04405139000005]}, "properties": {"id": "35208-000-022", "city": "岩国", "address": "山口県　岩国市由宇町字新田原４６２７番３", "residence_display": "_", "area_m2": 328, "usage": "住宅", "price_2025": 13100, "change_rate": -0.8, "nearest_station": "由宇", "station_distance_m": 2200, "road_width_m": 6.0, "building_coverage": 70, "floor_area_ratio": 200, "surroundings": "一般住宅、農家住宅が散在する住宅地域", "history": [{"year": 2017, "price": 14400}, {"year": 2018, "price": 14200}, {"year": 2019, "price": 14000}, {"year": 2020, "price": 13800}, {"year": 2021, "price": 13600}, {"year": 2022, "price": 13400}, {"year": 2023, "price": 13300}, {"year": 2024, "price": 13200}, {"year": 2025, "price": 13100}]}}, {"type": "Feature", "geometry": {"type": "Point", "coordinates": [132.18679310000005, 34.12754]}, "properties": {"id": "35208-000-023", "city": "岩国", "address": "山口県　岩国市海土路町１丁目１０７１番１０", "residence_display": "海土路町１－１４－４３", "area_m2": 371, "usage": "住宅", "price_2025": 21300, "change_rate": 0.0, "nearest_station": "南岩国", "station_distance_m": 2300, "road_width_m": 3.0, "building_coverage": 60, "floor_area_ratio": 100, "surroundings": "一般住宅、農家住宅等が見られる郊外の住宅地域", "history": [{"year": 1996, "price": 52300}, {"year": 1997, "price": 52700}, {"year": 1998, "price": 52700}, {"year": 1999, "price": 52700}, {"year": 2000, "price": 52700}, {"year": 2001, "price": 52700}, {"year": 2002, "price": 51100}, {"year": 2003, "price": 48500}, {"year": 2004, "price": 45500}, {"year": 2005, "price": 42700}, {"year": 2006, "price": 39500}, {"year": 2007, "price": 36600}, {"year": 2008, "price": 34000}, {"year": 2009, "price": 31600}, {"year": 2010, "price": 29200}, {"year": 2011, "price": 27000}, {"year": 2012, "price": 25700}, {"year": 2013, "price": 24700}, {"year": 2014, "price": 23900}, {"year": 2015, "price": 23300}, {"year": 2016, "price": 22800}, {"year": 2017, "price": 22400}, {"year": 2018, "price": 22100}, {"year": 2019, "price": 21900}, {"year": 2020, "price": 21700}, {"year": 2021, "price": 21500}, {"year": 2022, "price": 21300}, {"year": 2023, "price": 21300}, {"year": 2024, "price": 21300}, {"year": 2025, "price": 21300}]}}, {"type": "Feature", "geometry": {"type": "Point", "coordinates": [132.1840919000001, 34.13684056000005]}, "properties": {"id": "35208-000-024", "city": "岩国", "address": "山口県　岩国市平田６丁目１１４９番１９", "residence_display": "平田６－３９－２８", "area_m2": 239, "usage": "住宅", "price_2025": 54400, "change_rate": 1.3, "nearest_station": "南岩国", "station_distance_m": 2600, "road_width_m": 6.0, "building_coverage": 50, "floor_area_ratio": 80, "surroundings": "中規模一戸建住宅の建ち並ぶ丘陵地の住宅地域", "history": [{"year": 2016, "price": 52300}, {"year": 2017, "price": 52100}, {"year": 2018, "price": 52100}, {"year": 2019, "price": 52300}, {"year": 2020, "price": 52600}, {"year": 2021, "price": 52700}, {"year": 2022, "price": 52900}, {"year": 2023, "price": 53200}, {"year": 2024, "price": 53700}, {"year": 2025, "price": 54400}]}}, {"type": "Feature", "geometry": {"type": "Point", "coordinates": [132.20185390000006, 34.092581110000026]}, "properties": {"id": "35208-003-001", "city": "岩国", "address": "山口県　岩国市青木町３丁目１３２２番１", "residence_display": "_", "area_m2": 671, "usage": "農地", "price_2025": 8250, "change_rate": -0.7, "nearest_station": "藤生", "station_distance_m": 2600, "road_width_m": 1.0, "building_coverage": 50, "floor_area_ratio": 80, "surroundings": "周辺に農家住宅等が見られる宅地見込地地域", "history": [{"year": 2018, "price": 9060}, {"year": 2019, "price": 8900}, {"year": 2020, "price": 8760}, {"year": 2021, "price": 8630}, {"year": 2022, "price": 8500}, {"year": 2023, "price": 8400}, {"year": 2024, "price": 8310}, {"year": 2025, "price": 8250}]}}, {"type": "Feature", "geometry": {"type": "Point", "coordinates": [132.22433190000004, 34.17283889000004]}, "properties": {"id": "35208-005-001", "city": "岩国", "address": "山口県　岩国市麻里布町１丁目４番２", "residence_display": "麻里布町１－４－１９", "area_m2": 404, "usage": "商業地", "price_2025": 110000, "change_rate": 0.0, "nearest_station": "岩国", "station_distance_m": 130, "road_width_m": 25.0, "building_coverage": 80, "floor_area_ratio": 600, "surroundings": "中高層の雑居ビルが多い駅前の商業地域", "history": [{"year": 2020, "price": 110000}, {"year": 2021, "price": 110000}, {"year": 2022, "price": 110000}, {"year": 2023, "price": 110000}, {"year": 2024, "price": 110000}, {"year": 2025, "price": 110000}]}}, {"type": "Feature", "geometry": {"type": "Point", "coordinates": [132.19052390000002, 34.139231110000026]}, "properties": {"id": "35208-005-002", "city": "岩国", "address": "山口県　岩国市平田６丁目４４５番３", "residence_display": "平田６－２４－２０", "area_m2": 570, "usage": "商業地", "price_2025": 71600, "change_rate": 0.6, "nearest_station": "南岩国", "station_distance_m": 1800, "road_width_m": 19.0, "building_coverage": 60, "floor_area_ratio": 200, "surroundings": "中低層の店舗等が多い市道沿いの路線商業地域", "history": [{"year": 2004, "price": 125000}, {"year": 2005, "price": 118000}, {"year": 2006, "price": 113000}, {"year": 2007, "price": 106000}, {"year": 2008, "price": 99800}, {"year": 2009, "price": 93800}, {"year": 2010, "price": 87700}, {"year": 2011, "price": 82200}, {"year": 2012, "price": 77900}, {"year": 2013, "price": 75400}, {"year": 2014, "price": 73400}, {"year": 2015, "price": 72000}, {"year": 2016, "price": 71000}, {"year": 2017, "price": 70700}, {"year": 2018, "price": 70700}, {"year": 2019, "price": 70700}, {"year": 2020, "price": 70700}, {"year": 2021, "price": 70600}, {"year": 2022, "price": 70600}, {"year": 2023, "price": 70900}, {"year": 2024, "price": 71200}, {"year": 2025, "price": 71600}]}}, {"type": "Feature", "geometry": {"type": "Point", "coordinates": [132.22033110000007, 34.168155830000046]}, "properties": {"id": "35208-005-003", "city": "岩国", "address": "山口県　岩国市麻里布町６丁目１０７番３外", "residence_display": "麻里布町６－７－７", "area_m2": 212, "usage": "商業地", "price_2025": 93900, "change_rate": 0.3, "nearest_station": "岩国", "station_distance_m": 740, "road_width_m": 25.0, "building_coverage": 80, "floor_area_ratio": 600, "surroundings": "中低層の事務所ビル等が多い市道沿いの商業地域", "history": [{"year": 2016, "price": 93700}, {"year": 2017, "price": 93700}, {"year": 2018, "price": 93700}, {"year": 2019, "price": 93700}, {"year": 2020, "price": 93700}, {"year": 2021, "price": 93500}, {"year": 2022, "price": 93500}, {"year": 2023, "price": 93500}, {"year": 2024, "price": 93600}, {"year": 2025, "price": 93900}]}}, {"type": "Feature", "geometry": {"type": "Point", "coordinates": [132.22763610000004, 34.172481110000035]}, "properties": {"id": "35208-005-004", "city": "岩国", "address": "山口県　岩国市昭和町１丁目９０番７", "residence_display": "昭和町１－４－９", "area_m2": 327, "usage": "商業地", "price_2025": 87500, "change_rate": 1.4, "nearest_station": "岩国", "station_distance_m": 170, "road_width_m": 25.0, "building_coverage": 80, "floor_area_ratio": 400, "surroundings": "店舗、事務所、住宅等が混在する駅裏の商業地域", "history": [{"year": 1990, "price": 198000}, {"year": 1991, "price": 254000}, {"year": 1992, "price": 272000}, {"year": 1993, "price": 271000}, {"year": 1994, "price": 268000}, {"year": 1995, "price": 257000}, {"year": 1996, "price": 241000}, {"year": 1997, "price": 227000}, {"year": 1998, "price": 226000}, {"year": 1999, "price": 218000}, {"year": 2000, "price": 209000}, {"year": 2001, "price": 199000}, {"year": 2002, "price": 185000}, {"year": 2003, "price": 166000}, {"year": 2004, "price": 145000}, {"year": 2005, "price": 132000}, {"year": 2006, "price": 124000}, {"year": 2007, "price": 118000}, {"year": 2008, "price": 113000}, {"year": 2009, "price": 107000}, {"year": 2010, "price": 101000}, {"year": 2011, "price": 95300}, {"year": 2012, "price": 90900}, {"year": 2013, "price": 87000}, {"year": 2014, "price": 84700}, {"year": 2015, "price": 83800}, {"year": 2016, "price": 83800}, {"year": 2017, "price": 83800}, {"year": 2018, "price": 84200}, {"year": 2019, "price": 84400}, {"year": 2020, "price": 84600}, {"year": 2021, "price": 84800}, {"year": 2022, "price": 85200}, {"year": 2023, "price": 85600}, {"year": 2024, "price": 86300}, {"year": 2025, "price": 87500}]}}, {"type": "Feature", "geometry": {"type": "Point", "coordinates": [132.221885, 34.172995]}, "properties": {"id": "35208-005-005", "city": "岩国", "address": "山口県　岩国市麻里布町４丁目４９番２４外", "residence_display": "麻里布町４－６－２２", "area_m2": 181, "usage": "商業地", "price_2025": 80900, "change_rate": 1.0, "nearest_station": "岩国", "station_distance_m": 350, "road_width_m": 7.0, "building_coverage": 80, "floor_area_ratio": 400, "surroundings": "中低層の事務所、住宅等が混在する商業地域", "history": [{"year": 1991, "price": 350000}, {"year": 1992, "price": 368000}, {"year": 1993, "price": 360000}, {"year": 1994, "price": 345000}, {"year": 1995, "price": 325000}, {"year": 1996, "price": 283000}, {"year": 1997, "price": 266000}, {"year": 1998, "price": 258000}, {"year": 1999, "price": 244000}, {"year": 2000, "price": 229000}, {"year": 2001, "price": 215000}, {"year": 2002, "price": 197000}, {"year": 2003, "price": 177000}, {"year": 2004, "price": 156000}, {"year": 2005, "price": 140000}, {"year": 2006, "price": 127000}, {"year": 2007, "price": 118000}, {"year": 2008, "price": 111000}, {"year": 2009, "price": 105000}, {"year": 2010, "price": 98900}, {"year": 2011, "price": 93700}, {"year": 2012, "price": 90000}, {"year": 2013, "price": 86400}, {"year": 2014, "price": 83800}, {"year": 2015, "price": 82000}, {"year": 2016, "price": 80500}, {"year": 2017, "price": 79400}, {"year": 2018, "price": 79000}, {"year": 2019, "price": 79000}, {"year": 2020, "price": 79000}, {"year": 2021, "price": 79000}, {"year": 2022, "price": 79000}, {"year": 2023, "price": 79500}, {"year": 2024, "price": 80100}, {"year": 2025, "price": 80900}]}}, {"type": "Feature", "geometry": {"type": "Point", "coordinates": [132.2075569000001, 34.137423890000036]}, "properties": {"id": "35208-005-006", "city": "岩国", "address": "山口県　岩国市尾津町２丁目４７０番３", "residence_display": "尾津町２－２１－４０", "area_m2": 289, "usage": "商業地", "price_2025": 89400, "change_rate": 0.6, "nearest_station": "南岩国", "station_distance_m": 250, "road_width_m": 15.0, "building_coverage": 80, "floor_area_ratio": 200, "surroundings": "店舗、事務所等が建ち並ぶ国道沿いの商業地域", "history": [{"year": 2006, "price": 136000}, {"year": 2007, "price": 128000}, {"year": 2008, "price": 121000}, {"year": 2009, "price": 112000}, {"year": 2010, "price": 103000}, {"year": 2011, "price": 94500}, {"year": 2012, "price": 89300}, {"year": 2013, "price": 87500}, {"year": 2014, "price": 87500}, {"year": 2015, "price": 87500}, {"year": 2016, "price": 87500}, {"year": 2017, "price": 87500}, {"year": 2018, "price": 87500}, {"year": 2019, "price": 87500}, {"year": 2020, "price": 87500}, {"year": 2021, "price": 87500}, {"year": 2022, "price": 87800}, {"year": 2023, "price": 88300}, {"year": 2024, "price": 88900}, {"year": 2025, "price": 89400}]}}, {"type": "Feature", "geometry": {"type": "Point", "coordinates": [132.2167419000001, 34.16495111000006]}, "properties": {"id": "35208-005-007", "city": "岩国", "address": "山口県　岩国市今津町４丁目７２６番１０", "residence_display": "今津町４－３－６", "area_m2": 224, "usage": "商業地", "price_2025": 78900, "change_rate": 1.5, "nearest_station": "岩国", "station_distance_m": 1200, "road_width_m": 10.0, "building_coverage": 80, "floor_area_ratio": 400, "surroundings": "小売店舗、医院等が建ち並ぶ商業地域", "history": [{"year": 1992, "price": 270000}, {"year": 1993, "price": 266000}, {"year": 1994, "price": 250000}, {"year": 1995, "price": 233000}, {"year": 1996, "price": 215000}, {"year": 1997, "price": 201000}, {"year": 1998, "price": 197000}, {"year": 1999, "price": 192000}, {"year": 2000, "price": 184000}, {"year": 2001, "price": 174000}, {"year": 2002, "price": 158000}, {"year": 2003, "price": 139000}, {"year": 2004, "price": 129000}, {"year": 2005, "price": 120000}, {"year": 2006, "price": 114000}, {"year": 2007, "price": 108000}, {"year": 2008, "price": 103000}, {"year": 2009, "price": 98000}, {"year": 2010, "price": 92800}, {"year": 2011, "price": 87100}, {"year": 2012, "price": 82000}, {"year": 2013, "price": 78500}, {"year": 2014, "price": 75800}, {"year": 2015, "price": 75000}, {"year": 2016, "price": 74400}, {"year": 2017, "price": 74100}, {"year": 2018, "price": 74100}, {"year": 2019, "price": 74400}, {"year": 2020, "price": 75200}, {"year": 2021, "price": 75400}, {"year": 2022, "price": 76000}, {"year": 2023, "price": 76800}, {"year": 2024, "price": 77700}, {"year": 2025, "price": 78900}]}}, {"type": "Feature", "geometry": {"type": "Point", "coordinates": [132.18070190000003, 34.16473306000006]}, "properties": {"id": "35208-005-008", "city": "岩国", "address": "山口県　岩国市岩国１丁目３５５番", "residence_display": "岩国１－１５－１７", "area_m2": 228, "usage": "商業地", "price_2025": 76700, "change_rate": 0.3, "nearest_station": "西岩国", "station_distance_m": 1600, "road_width_m": 12.0, "building_coverage": 80, "floor_area_ratio": 400, "surroundings": "小売店舗、事務所等が建ち並ぶ商業地域", "history": [{"year": 1993, "price": 175000}, {"year": 1994, "price": 177000}, {"year": 1995, "price": 179000}, {"year": 1996, "price": 175000}, {"year": 1997, "price": 166000}, {"year": 1998, "price": 164000}, {"year": 1999, "price": 159000}, {"year": 2000, "price": 152000}, {"year": 2001, "price": 145000}, {"year": 2002, "price": 136000}, {"year": 2003, "price": 123000}, {"year": 2004, "price": 113000}, {"year": 2005, "price": 104000}, {"year": 2006, "price": 98300}, {"year": 2007, "price": 93700}, {"year": 2008, "price": 90500}, {"year": 2009, "price": 88500}, {"year": 2010, "price": 86500}, {"year": 2011, "price": 84300}, {"year": 2012, "price": 82200}, {"year": 2013, "price": 79700}, {"year": 2014, "price": 77900}, {"year": 2015, "price": 76700}, {"year": 2016, "price": 76300}, {"year": 2017, "price": 76200}, {"year": 2018, "price": 76200}, {"year": 2019, "price": 76200}, {"year": 2020, "price": 76200}, {"year": 2021, "price": 76200}, {"year": 2022, "price": 76200}, {"year": 2023, "price": 76300}, {"year": 2024, "price": 76500}, {"year": 2025, "price": 76700}]}}, {"type": "Feature", "geometry": {"type": "Point", "coordinates": [132.19840190000002, 34.16554694000007]}, "properties": {"id": "35208-005-009", "city": "岩国", "address": "山口県　岩国市錦見３丁目１３６番外", "residence_display": "錦見３－５－４７", "area_m2": 1372, "usage": "商業地", "price_2025": 78500, "change_rate": 0.1, "nearest_station": "西岩国", "station_distance_m": 420, "road_width_m": 25.0, "building_coverage": 80, "floor_area_ratio": 200, "surroundings": "低層店舗、営業所等が見られる路線商業地域", "history": [{"year": 2012, "price": 80000}, {"year": 2013, "price": 79100}, {"year": 2014, "price": 78400}, {"year": 2015, "price": 77900}, {"year": 2016, "price": 77900}, {"year": 2017, "price": 77900}, {"year": 2018, "price": 77900}, {"year": 2019, "price": 78100}, {"year": 2020, "price": 78400}, {"year": 2021, "price": 78400}, {"year": 2022, "price": 78400}, {"year": 2023, "price": 78400}, {"year": 2024, "price": 78400}, {"year": 2025, "price": 78500}]}}, {"type": "Feature", "geometry": {"type": "Point", "coordinates": [132.07778110000004, 34.09450306000008]}, "properties": {"id": "35208-005-010", "city": "岩国", "address": "山口県　岩国市玖珂町字新町６０５７番１", "residence_display": "_", "area_m2": 253, "usage": "商業地", "price_2025": 37600, "change_rate": -0.8, "nearest_station": "玖珂", "station_distance_m": 780, "road_width_m": 6.0, "building_coverage": 80, "floor_area_ratio": 200, "surroundings": "低層の店舗、一般住宅等が混在する近隣商業地域", "history": [{"year": 2011, "price": 45400}, {"year": 2012, "price": 44300}, {"year": 2013, "price": 43300}, {"year": 2014, "price": 42400}, {"year": 2015, "price": 41600}, {"year": 2016, "price": 41000}, {"year": 2017, "price": 40500}, {"year": 2018, "price": 40000}, {"year": 2019, "price": 39600}, {"year": 2020, "price": 39300}, {"year": 2021, "price": 39000}, {"year": 2022, "price": 38700}, {"year": 2023, "price": 38300}, {"year": 2024, "price": 37900}, {"year": 2025, "price": 37600}]}}, {"type": "Feature", "geometry": {"type": "Point", "coordinates": [132.23087390000012, 34.169720280000035]}, "properties": {"id": "35208-005-011", "city": "岩国", "address": "山口県　岩国市元町３丁目１１７番９外", "residence_display": "元町３－１０－１３", "area_m2": 151, "usage": "商業地", "price_2025": 84800, "change_rate": 1.6, "nearest_station": "岩国", "station_distance_m": 670, "road_width_m": 25.0, "building_coverage": 80, "floor_area_ratio": 400, "surroundings": "店舗、事務所併用住宅等が建ち並ぶ商業地域", "history": [{"year": 2016, "price": 78000}, {"year": 2017, "price": 78000}, {"year": 2018, "price": 78800}, {"year": 2019, "price": 79300}, {"year": 2020, "price": 80000}, {"year": 2021, "price": 80400}, {"year": 2022, "price": 81200}, {"year": 2023, "price": 82300}, {"year": 2024, "price": 83500}, {"year": 2025, "price": 84800}]}}, {"type": "Feature", "geometry": {"type": "Point", "coordinates": [132.21048810000002, 34.170576390000065]}, "properties": {"id": "35208-005-012", "city": "岩国", "address": "山口県　岩国市室の木町１丁目５０３番１外", "residence_display": "室の木町１－７－４５", "area_m2": 2830, "usage": "商業地", "price_2025": 88800, "change_rate": 1.8, "nearest_station": "岩国", "station_distance_m": 1400, "road_width_m": 12.0, "building_coverage": 80, "floor_area_ratio": 200, "surroundings": "店舗、事務所等が混在する国道沿い路線商業地域", "history": [{"year": 2017, "price": 82500}, {"year": 2018, "price": 82800}, {"year": 2019, "price": 83200}, {"year": 2020, "price": 83600}, {"year": 2021, "price": 84500}, {"year": 2022, "price": 85400}, {"year": 2023, "price": 86300}, {"year": 2024, "price": 87200}, {"year": 2025, "price": 88800}]}}, {"type": "Feature", "geometry": {"type": "Point", "coordinates": [132.2107069000001, 34.05439694000006]}, "properties": {"id": "35208-009-001", "city": "岩国", "address": "山口県　岩国市長野字長野尻１８１５番２外", "residence_display": "_", "area_m2": 34029, "usage": "調整区域内宅地", "price_2025": 14400, "change_rate": 0.0, "nearest_station": "通津", "station_distance_m": 1800, "road_width_m": 11.5, "building_coverage": 60, "floor_area_ratio": 200, "surroundings": "大規模工場が散在する臨海工業地域", "history": [{"year": 1983, "price": 19000}, {"year": 1984, "price": 19200}, {"year": 1985, "price": 19400}, {"year": 1986, "price": 19600}, {"year": 1987, "price": 19800}, {"year": 1988, "price": 19900}, {"year": 1989, "price": 20100}, {"year": 1990, "price": 20300}, {"year": 1991, "price": 21900}, {"year": 1992, "price": 23000}, {"year": 1993, "price": 23400}, {"year": 1994, "price": 23700}, {"year": 1995, "price": 23700}, {"year": 1996, "price": 23600}, {"year": 1997, "price": 23500}, {"year": 1998, "price": 23500}, {"year": 1999, "price": 23500}, {"year": 2000, "price": 23500}, {"year": 2001, "price": 23400}, {"year": 2002, "price": 23300}, {"year": 2003, "price": 22900}, {"year": 2004, "price": 22400}, {"year": 2005, "price": 21500}, {"year": 2006, "price": 21000}, {"year": 2007, "price": 20600}, {"year": 2008, "price": 20400}, {"year": 2009, "price": 20100}, {"year": 2010, "price": 19400}, {"year": 2011, "price": 18600}, {"year": 2012, "price": 17800}, {"year": 2013, "price": 16900}, {"year": 2014, "price": 16300}, {"year": 2015, "price": 15800}, {"year": 2016, "price": 15400}, {"year": 2017, "price": 15100}, {"year": 2018, "price": 15000}, {"year": 2019, "price": 14900}, {"year": 2020, "price": 14800}, {"year": 2021, "price": 14700}, {"year": 2022, "price": 14600}, {"year": 2023, "price": 14500}, {"year": 2024, "price": 14400}, {"year": 2025, "price": 14400}]}}, {"type": "Feature", "geometry": {"type": "Point", "coordinates": [132.24149390000002, 34.169725]}, "properties": {"id": "35208-009-002", "city": "岩国", "address": "山口県　岩国市飯田町１丁目３０９５番５", "residence_display": "飯田町１－２－１６", "area_m2": 11606, "usage": "調整区域内宅地", "price_2025": 26000, "change_rate": 0.4, "nearest_station": "岩国", "station_distance_m": 1700, "road_width_m": 12.0, "building_coverage": 60, "floor_area_ratio": 200, "surroundings": "大規模、中規模工場等が混在する臨海の工業地域", "history": [{"year": 1994, "price": 38000}, {"year": 1995, "price": 38000}, {"year": 1996, "price": 38000}, {"year": 1997, "price": 38000}, {"year": 1998, "price": 38000}, {"year": 1999, "price": 38000}, {"year": 2000, "price": 38000}, {"year": 2001, "price": 37900}, {"year": 2002, "price": 37800}, {"year": 2003, "price": 37100}, {"year": 2004, "price": 36000}, {"year": 2005, "price": 34200}, {"year": 2006, "price": 33200}, {"year": 2007, "price": 32400}, {"year": 2008, "price": 32400}, {"year": 2009, "price": 32200}, {"year": 2010, "price": 31200}, {"year": 2011, "price": 30000}, {"year": 2012, "price": 28900}, {"year": 2013, "price": 27900}, {"year": 2014, "price": 27100}, {"year": 2015, "price": 26600}, {"year": 2016, "price": 26200}, {"year": 2017, "price": 25900}, {"year": 2018, "price": 25700}, {"year": 2019, "price": 25700}, {"year": 2020, "price": 25700}, {"year": 2021, "price": 25700}, {"year": 2022, "price": 25700}, {"year": 2023, "price": 25800}, {"year": 2024, "price": 25900}, {"year": 2025, "price": 26000}]}}, {"type": "Feature", "geometry": {"type": "Point", "coordinates": [132.22876110000004, 34.15870111000004]}, "properties": {"id": "35208-009-003", "city": "岩国", "address": "山口県　岩国市旭町１丁目６５７番７外", "residence_display": "旭町１－１３－３２", "area_m2": 782, "usage": "調整区域内宅地", "price_2025": 36000, "change_rate": 0.6, "nearest_station": "岩国", "station_distance_m": 2200, "road_width_m": 6.0, "building_coverage": 60, "floor_area_ratio": 200, "surroundings": "中小鉄工関連の工場が建ち並ぶ工業地域", "history": [{"year": 1983, "price": 42000}, {"year": 1984, "price": 43000}, {"year": 1985, "price": 43900}, {"year": 1986, "price": 44700}, {"year": 1987, "price": 45400}, {"year": 1988, "price": 46100}, {"year": 1989, "price": 47000}, {"year": 1990, "price": 48500}, {"year": 1991, "price": 54600}, {"year": 1992, "price": 59000}, {"year": 1993, "price": 60200}, {"year": 1994, "price": 61100}, {"year": 1995, "price": 61800}, {"year": 1996, "price": 62400}, {"year": 1997, "price": 62700}, {"year": 1998, "price": 62700}, {"year": 1999, "price": 62700}, {"year": 2000, "price": 62700}, {"year": 2001, "price": 62700}, {"year": 2002, "price": 62500}, {"year": 2003, "price": 61000}, {"year": 2004, "price": 58600}, {"year": 2005, "price": 56400}, {"year": 2006, "price": 54000}, {"year": 2007, "price": 52000}, {"year": 2008, "price": 50400}, {"year": 2009, "price": 48100}, {"year": 2010, "price": 45500}, {"year": 2011, "price": 43100}, {"year": 2012, "price": 40800}, {"year": 2013, "price": 38700}, {"year": 2014, "price": 37500}, {"year": 2015, "price": 36800}, {"year": 2016, "price": 36300}, {"year": 2017, "price": 35900}, {"year": 2018, "price": 35600}, {"year": 2019, "price": 35400}, {"year": 2020, "price": 35400}, {"year": 2021, "price": 35500}, {"year": 2022, "price": 35600}, {"year": 2023, "price": 35700}, {"year": 2024, "price": 35800}, {"year": 2025, "price": 36000}]}}, {"type": "Feature", "geometry": {"type": "Point", "coordinates": [131.9660669000001, 33.92724111000007]}, "properties": {"id": "35210-000-001", "city": "光", "address": "山口県　光市室積６丁目４００５番１５", "residence_display": "室積６－１１－５", "area_m2": 150, "usage": "住宅", "price_2025": 26000, "change_rate": 0.0, "nearest_station": "光", "station_distance_m": 8500, "road_width_m": 6.0, "building_coverage": 60, "floor_area_ratio": 200, "surroundings": "一般住宅のほか、公営住宅も見られる住宅地域", "history": [{"year": 1990, "price": 45500}, {"year": 1991, "price": 47100}, {"year": 1992, "price": 48500}, {"year": 1993, "price": 49600}, {"year": 1994, "price": 50200}, {"year": 1995, "price": 50800}, {"year": 1996, "price": 51300}, {"year": 1997, "price": 51800}, {"year": 1998, "price": 52200}, {"year": 1999, "price": 52300}, {"year": 2000, "price": 52100}, {"year": 2001, "price": 51000}, {"year": 2002, "price": 49400}, {"year": 2003, "price": 46500}, {"year": 2004, "price": 43800}, {"year": 2005, "price": 41900}, {"year": 2006, "price": 40200}, {"year": 2007, "price": 38700}, {"year": 2008, "price": 37400}, {"year": 2009, "price": 36100}, {"year": 2010, "price": 34000}, {"year": 2011, "price": 31900}, {"year": 2012, "price": 30400}, {"year": 2013, "price": 29000}, {"year": 2014, "price": 28100}, {"year": 2015, "price": 27500}, {"year": 2016, "price": 27000}, {"year": 2017, "price": 26700}, {"year": 2018, "price": 26500}, {"year": 2019, "price": 26400}, {"year": 2020, "price": 26300}, {"year": 2021, "price": 26200}, {"year": 2022, "price": 26100}, {"year": 2023, "price": 26000}, {"year": 2024, "price": 26000}, {"year": 2025, "price": 26000}]}}, {"type": "Feature", "geometry": {"type": "Point", "coordinates": [131.93813610000007, 33.97377111000003]}, "properties": {"id": "35210-000-002", "city": "光", "address": "山口県　光市島田３丁目８７番", "residence_display": "島田３－１５－３０", "area_m2": 221, "usage": "住宅", "price_2025": 35300, "change_rate": 0.6, "nearest_station": "光", "station_distance_m": 2700, "road_width_m": 6.0, "building_coverage": 60, "floor_area_ratio": 200, "surroundings": "中規模一般住宅の多い区画整然とした住宅地域", "history": [{"year": 1993, "price": 63200}, {"year": 1994, "price": 64000}, {"year": 1995, "price": 64800}, {"year": 1996, "price": 65500}, {"year": 1997, "price": 66100}, {"year": 1998, "price": 66600}, {"year": 1999, "price": 67100}, {"year": 2000, "price": 66600}, {"year": 2001, "price": 65500}, {"year": 2002, "price": 63600}, {"year": 2003, "price": 60000}, {"year": 2004, "price": 55500}, {"year": 2005, "price": 52200}, {"year": 2006, "price": 49500}, {"year": 2007, "price": 47200}, {"year": 2008, "price": 45700}, {"year": 2009, "price": 44300}, {"year": 2010, "price": 42700}, {"year": 2011, "price": 40900}, {"year": 2012, "price": 39200}, {"year": 2013, "price": 37400}, {"year": 2014, "price": 36500}, {"year": 2015, "price": 35700}, {"year": 2016, "price": 35100}, {"year": 2017, "price": 34800}, {"year": 2018, "price": 34800}, {"year": 2019, "price": 34900}, {"year": 2020, "price": 35100}, {"year": 2021, "price": 35100}, {"year": 2022, "price": 35100}, {"year": 2023, "price": 35100}, {"year": 2024, "price": 35100}, {"year": 2025, "price": 35300}]}}, {"type": "Feature", "geometry": {"type": "Point", "coordinates": [131.9558819, 33.950705]}, "properties": {"id": "35210-000-003", "city": "光", "address": "山口県　光市光井１丁目２６番２", "residence_display": "光井１－２１－１９", "area_m2": 149, "usage": "住宅", "price_2025": 29600, "change_rate": 0.3, "nearest_station": "光", "station_distance_m": 5000, "road_width_m": 6.0, "building_coverage": 60, "floor_area_ratio": 200, "surroundings": "中規模一般住宅が建ち並ぶ住宅地域", "history": [{"year": 1983, "price": 43000}, {"year": 1984, "price": 44300}, {"year": 1985, "price": 45500}, {"year": 1986, "price": 46400}, {"year": 1987, "price": 47000}, {"year": 1988, "price": 47700}, {"year": 1989, "price": 48500}, {"year": 1990, "price": 49700}, {"year": 1991, "price": 51500}, {"year": 1992, "price": 53000}, {"year": 1993, "price": 54200}, {"year": 1994, "price": 54700}, {"year": 1995, "price": 55300}, {"year": 1996, "price": 55900}, {"year": 1997, "price": 56400}, {"year": 1998, "price": 56800}, {"year": 1999, "price": 56900}, {"year": 2000, "price": 56400}, {"year": 2001, "price": 55300}, {"year": 2002, "price": 53600}, {"year": 2003, "price": 50300}, {"year": 2004, "price": 46500}, {"year": 2005, "price": 43400}, {"year": 2006, "price": 41100}, {"year": 2007, "price": 39500}, {"year": 2008, "price": 38100}, {"year": 2009, "price": 36700}, {"year": 2010, "price": 35200}, {"year": 2011, "price": 33800}, {"year": 2012, "price": 32400}, {"year": 2013, "price": 31000}, {"year": 2014, "price": 30300}, {"year": 2015, "price": 29700}, {"year": 2016, "price": 29300}, {"year": 2017, "price": 29100}, {"year": 2018, "price": 29100}, {"year": 2019, "price": 29200}, {"year": 2020, "price": 29300}, {"year": 2021, "price": 29300}, {"year": 2022, "price": 29300}, {"year": 2023, "price": 29400}, {"year": 2024, "price": 29500}, {"year": 2025, "price": 29600}]}}, {"type": "Feature", "geometry": {"type": "Point", "coordinates": [131.9479331000001, 33.96217806000004]}, "properties": {"id": "35210-000-004", "city": "光", "address": "山口県　光市光井８丁目８１６番４７", "residence_display": "光井８－１１－５", "area_m2": 174, "usage": "住宅", "price_2025": 29000, "change_rate": 0.3, "nearest_station": "光", "station_distance_m": 3900, "road_width_m": 4.0, "building_coverage": 60, "floor_area_ratio": 200, "surroundings": "一般住宅が建ち並ぶ高台の住宅地域", "history": [{"year": 1983, "price": 50000}, {"year": 1984, "price": 51700}, {"year": 1985, "price": 53100}, {"year": 1986, "price": 54200}, {"year": 1987, "price": 54900}, {"year": 1988, "price": 55700}, {"year": 1989, "price": 56700}, {"year": 1990, "price": 58100}, {"year": 1991, "price": 60100}, {"year": 1992, "price": 61800}, {"year": 1993, "price": 63100}, {"year": 1994, "price": 63700}, {"year": 1995, "price": 64500}, {"year": 1996, "price": 65100}, {"year": 1997, "price": 65600}, {"year": 1998, "price": 66100}, {"year": 1999, "price": 66300}, {"year": 2000, "price": 66000}, {"year": 2001, "price": 64500}, {"year": 2002, "price": 62300}, {"year": 2003, "price": 58300}, {"year": 2004, "price": 53500}, {"year": 2005, "price": 49100}, {"year": 2006, "price": 45800}, {"year": 2007, "price": 43700}, {"year": 2008, "price": 41900}, {"year": 2009, "price": 40100}, {"year": 2010, "price": 37900}, {"year": 2011, "price": 35800}, {"year": 2012, "price": 33800}, {"year": 2013, "price": 32100}, {"year": 2014, "price": 30900}, {"year": 2015, "price": 30000}, {"year": 2016, "price": 29400}, {"year": 2017, "price": 28900}, {"year": 2018, "price": 28600}, {"year": 2019, "price": 28600}, {"year": 2020, "price": 28700}, {"year": 2021, "price": 28700}, {"year": 2022, "price": 28700}, {"year": 2023, "price": 28800}, {"year": 2024, "price": 28900}, {"year": 2025, "price": 29000}]}}, {"type": "Feature", "geometry": {"type": "Point", "coordinates": [131.99276110000005, 33.97644111000005]}, "properties": {"id": "35210-000-005", "city": "光", "address": "山口県　光市大字岩田字八幡１０２１番１５", "residence_display": "_", "area_m2": 341, "usage": "住宅", "price_2025": 17300, "change_rate": -0.6, "nearest_station": "岩田", "station_distance_m": 1300, "road_width_m": 4.5, "building_coverage": 50, "floor_area_ratio": 80, "surroundings": "中規模一般住宅が建ち並ぶ郊外の閑静な住宅地域", "history": [{"year": 1998, "price": 24500}, {"year": 1999, "price": 24600}, {"year": 2000, "price": 24600}, {"year": 2001, "price": 24600}, {"year": 2002, "price": 24400}, {"year": 2003, "price": 24000}, {"year": 2004, "price": 23400}, {"year": 2005, "price": 22800}, {"year": 2006, "price": 22400}, {"year": 2007, "price": 22100}, {"year": 2008, "price": 21900}, {"year": 2009, "price": 21600}, {"year": 2010, "price": 21200}, {"year": 2011, "price": 20700}, {"year": 2012, "price": 20200}, {"year": 2013, "price": 19700}, {"year": 2014, "price": 19300}, {"year": 2015, "price": 19000}, {"year": 2016, "price": 18800}, {"year": 2017, "price": 18600}, {"year": 2018, "price": 18400}, {"year": 2019, "price": 18200}, {"year": 2020, "price": 18000}, {"year": 2021, "price": 17800}, {"year": 2022, "price": 17600}, {"year": 2023, "price": 17500}, {"year": 2024, "price": 17400}, {"year": 2025, "price": 17300}]}}, {"type": "Feature", "geometry": {"type": "Point", "coordinates": [131.9232300000001, 33.97409306000003]}, "properties": {"id": "35210-000-006", "city": "光", "address": "山口県　光市浅江３丁目３６０６番１外", "residence_display": "浅江３－１０－８", "area_m2": 352, "usage": "住宅", "price_2025": 45200, "change_rate": 0.9, "nearest_station": "光", "station_distance_m": 850, "road_width_m": 5.0, "building_coverage": 60, "floor_area_ratio": 200, "surroundings": "中規模一般住宅が建ち並ぶ利便性の良い住宅地域", "history": [{"year": 1993, "price": 81000}, {"year": 1994, "price": 81800}, {"year": 1995, "price": 82600}, {"year": 1996, "price": 83400}, {"year": 1997, "price": 84200}, {"year": 1998, "price": 84800}, {"year": 1999, "price": 85000}, {"year": 2000, "price": 84200}, {"year": 2001, "price": 82700}, {"year": 2002, "price": 80300}, {"year": 2003, "price": 75800}, {"year": 2004, "price": 70700}, {"year": 2005, "price": 66400}, {"year": 2006, "price": 62800}, {"year": 2007, "price": 59700}, {"year": 2008, "price": 57600}, {"year": 2009, "price": 55600}, {"year": 2010, "price": 53000}, {"year": 2011, "price": 50600}, {"year": 2012, "price": 48300}, {"year": 2013, "price": 46200}, {"year": 2014, "price": 45200}, {"year": 2015, "price": 44400}, {"year": 2016, "price": 44000}, {"year": 2017, "price": 43800}, {"year": 2018, "price": 43800}, {"year": 2019, "price": 44000}, {"year": 2020, "price": 44300}, {"year": 2021, "price": 44300}, {"year": 2022, "price": 44300}, {"year": 2023, "price": 44500}, {"year": 2024, "price": 44800}, {"year": 2025, "price": 45200}]}}, {"type": "Feature", "geometry": {"type": "Point", "coordinates": [131.9193739000001, 33.97059194000008]}, "properties": {"id": "35210-000-007", "city": "光", "address": "山口県　光市虹ケ浜２丁目１６番８", "residence_display": "虹ケ浜２－９－８", "area_m2": 319, "usage": "住宅", "price_2025": 45200, "change_rate": 0.4, "nearest_station": "光", "station_distance_m": 750, "road_width_m": 6.0, "building_coverage": 60, "floor_area_ratio": 200, "surroundings": "一般住宅等が建ち並ぶ区画整然とした住宅地域", "history": [{"year": 1994, "price": 86000}, {"year": 1995, "price": 87000}, {"year": 1996, "price": 87900}, {"year": 1997, "price": 88700}, {"year": 1998, "price": 89300}, {"year": 1999, "price": 88100}, {"year": 2000, "price": 86800}, {"year": 2001, "price": 85300}, {"year": 2002, "price": 82700}, {"year": 2003, "price": 78000}, {"year": 2004, "price": 72600}, {"year": 2005, "price": 68100}, {"year": 2006, "price": 64500}, {"year": 2007, "price": 61300}, {"year": 2008, "price": 60300}, {"year": 2009, "price": 59300}, {"year": 2010, "price": 56500}, {"year": 2011, "price": 53700}, {"year": 2012, "price": 51000}, {"year": 2013, "price": 48600}, {"year": 2014, "price": 47000}, {"year": 2015, "price": 45800}, {"year": 2016, "price": 45000}, {"year": 2017, "price": 44600}, {"year": 2018, "price": 44400}, {"year": 2019, "price": 44400}, {"year": 2020, "price": 44600}, {"year": 2021, "price": 44600}, {"year": 2022, "price": 44600}, {"year": 2023, "price": 44800}, {"year": 2024, "price": 45000}, {"year": 2025, "price": 45200}]}}, {"type": "Feature", "geometry": {"type": "Point", "coordinates": [131.9348169000001, 33.977188890000036]}, "properties": {"id": "35210-000-008", "city": "光", "address": "山口県　光市島田４丁目２８２９番４", "residence_display": "島田４－２－３", "area_m2": 189, "usage": "住宅", "price_2025": 36100, "change_rate": 0.6, "nearest_station": "光", "station_distance_m": 2300, "road_width_m": 4.0, "building_coverage": 60, "floor_area_ratio": 200, "surroundings": "中規模一般住宅、アパート等が建ち並ぶ住宅地域", "history": [{"year": 1993, "price": 64500}, {"year": 1994, "price": 65500}, {"year": 1995, "price": 66400}, {"year": 1996, "price": 67200}, {"year": 1997, "price": 67900}, {"year": 1998, "price": 68500}, {"year": 1999, "price": 68900}, {"year": 2000, "price": 68400}, {"year": 2001, "price": 67300}, {"year": 2002, "price": 65400}, {"year": 2003, "price": 61800}, {"year": 2004, "price": 57400}, {"year": 2005, "price": 53900}, {"year": 2006, "price": 51200}, {"year": 2007, "price": 49000}, {"year": 2008, "price": 47500}, {"year": 2009, "price": 45900}, {"year": 2010, "price": 44000}, {"year": 2011, "price": 42100}, {"year": 2012, "price": 40300}, {"year": 2013, "price": 38500}, {"year": 2014, "price": 37200}, {"year": 2015, "price": 36200}, {"year": 2016, "price": 35600}, {"year": 2017, "price": 35400}, {"year": 2018, "price": 35400}, {"year": 2019, "price": 35500}, {"year": 2020, "price": 35700}, {"year": 2021, "price": 35800}, {"year": 2022, "price": 35900}, {"year": 2023, "price": 35900}, {"year": 2024, "price": 35900}, {"year": 2025, "price": 36100}]}}, {"type": "Feature", "geometry": {"type": "Point", "coordinates": [131.9757, 33.935203890000025]}, "properties": {"id": "35210-000-009", "city": "光", "address": "山口県　光市室積西ノ庄３０２７番３", "residence_display": "室積西ノ庄７－３", "area_m2": 159, "usage": "住宅", "price_2025": 28000, "change_rate": 0.0, "nearest_station": "光", "station_distance_m": 7600, "road_width_m": 6.0, "building_coverage": 60, "floor_area_ratio": 200, "surroundings": "中小規模一般住宅が見られる既成住宅地域", "history": [{"year": 1994, "price": 58000}, {"year": 1995, "price": 58700}, {"year": 1996, "price": 59400}, {"year": 1997, "price": 59900}, {"year": 1998, "price": 60400}, {"year": 1999, "price": 60700}, {"year": 2000, "price": 60300}, {"year": 2001, "price": 59300}, {"year": 2002, "price": 57600}, {"year": 2003, "price": 54200}, {"year": 2004, "price": 50600}, {"year": 2005, "price": 47700}, {"year": 2006, "price": 45300}, {"year": 2007, "price": 43300}, {"year": 2008, "price": 41800}, {"year": 2009, "price": 40000}, {"year": 2010, "price": 38000}, {"year": 2011, "price": 36100}, {"year": 2012, "price": 34300}, {"year": 2013, "price": 32600}, {"year": 2014, "price": 31300}, {"year": 2015, "price": 30300}, {"year": 2016, "price": 29600}, {"year": 2017, "price": 29100}, {"year": 2018, "price": 28700}, {"year": 2019, "price": 28500}, {"year": 2020, "price": 28400}, {"year": 2021, "price": 28300}, {"year": 2022, "price": 28200}, {"year": 2023, "price": 28100}, {"year": 2024, "price": 28000}, {"year": 2025, "price": 28000}]}}, {"type": "Feature", "geometry": {"type": "Point", "coordinates": [131.93826890000003, 33.98723750000005]}, "properties": {"id": "35210-000-010", "city": "光", "address": "山口県　光市大字三井字馬留２２８１番２", "residence_display": "_", "area_m2": 651, "usage": "住宅", "price_2025": 11300, "change_rate": -1.7, "nearest_station": "光", "station_distance_m": 3100, "road_width_m": 4.0, "building_coverage": 60, "floor_area_ratio": 100, "surroundings": "一般住宅、農家住宅が散在する住宅地域", "history": [{"year": 2017, "price": 12400}, {"year": 2018, "price": 12300}, {"year": 2019, "price": 12200}, {"year": 2020, "price": 12100}, {"year": 2021, "price": 12000}, {"year": 2022, "price": 11900}, {"year": 2023, "price": 11700}, {"year": 2024, "price": 11500}, {"year": 2025, "price": 11300}]}}, {"type": "Feature", "geometry": {"type": "Point", "coordinates": [131.95219610000004, 33.98932306000006]}, "properties": {"id": "35210-000-011", "city": "光", "address": "山口県　光市三井５丁目９６２番１７", "residence_display": "三井５－１０－２４", "area_m2": 178, "usage": "住宅", "price_2025": 28500, "change_rate": 0.4, "nearest_station": "島田", "station_distance_m": 1300, "road_width_m": 4.5, "building_coverage": 60, "floor_area_ratio": 200, "surroundings": "中規模一般住宅が多い郊外の閑静な住宅地域", "history": [{"year": 1995, "price": 54000}, {"year": 1996, "price": 54700}, {"year": 1997, "price": 55400}, {"year": 1998, "price": 56100}, {"year": 1999, "price": 56600}, {"year": 2000, "price": 56300}, {"year": 2001, "price": 55200}, {"year": 2002, "price": 53500}, {"year": 2003, "price": 50000}, {"year": 2004, "price": 46600}, {"year": 2005, "price": 44400}, {"year": 2006, "price": 42200}, {"year": 2007, "price": 39700}, {"year": 2008, "price": 37800}, {"year": 2009, "price": 36000}, {"year": 2010, "price": 34200}, {"year": 2011, "price": 32700}, {"year": 2012, "price": 31200}, {"year": 2013, "price": 29800}, {"year": 2014, "price": 28900}, {"year": 2015, "price": 28300}, {"year": 2016, "price": 28000}, {"year": 2017, "price": 27900}, {"year": 2018, "price": 27900}, {"year": 2019, "price": 28000}, {"year": 2020, "price": 28200}, {"year": 2021, "price": 28200}, {"year": 2022, "price": 28200}, {"year": 2023, "price": 28300}, {"year": 2024, "price": 28400}, {"year": 2025, "price": 28500}]}}, {"type": "Feature", "geometry": {"type": "Point", "coordinates": [131.99804810000012, 33.980725]}, "properties": {"id": "35210-000-012", "city": "光", "address": "山口県　光市大字岩田字林当９９０番９", "residence_display": "_", "area_m2": 259, "usage": "住宅", "price_2025": 18700, "change_rate": -0.5, "nearest_station": "岩田", "station_distance_m": 400, "road_width_m": 4.0, "building_coverage": 60, "floor_area_ratio": 200, "surroundings": "中規模一般住宅が建ち並ぶ県道背後の住宅地域", "history": [{"year": 1994, "price": 30000}, {"year": 1995, "price": 30300}, {"year": 1996, "price": 30500}, {"year": 1997, "price": 30700}, {"year": 1998, "price": 30900}, {"year": 1999, "price": 31000}, {"year": 2000, "price": 31000}, {"year": 2001, "price": 31000}, {"year": 2002, "price": 30700}, {"year": 2003, "price": 30300}, {"year": 2004, "price": 29500}, {"year": 2005, "price": 28600}, {"year": 2006, "price": 27900}, {"year": 2007, "price": 27400}, {"year": 2008, "price": 27000}, {"year": 2009, "price": 26500}, {"year": 2010, "price": 25900}, {"year": 2011, "price": 25200}, {"year": 2012, "price": 24400}, {"year": 2013, "price": 23400}, {"year": 2014, "price": 22500}, {"year": 2015, "price": 21700}, {"year": 2016, "price": 21100}, {"year": 2017, "price": 20700}, {"year": 2018, "price": 20300}, {"year": 2019, "price": 19900}, {"year": 2020, "price": 19600}, {"year": 2021, "price": 19300}, {"year": 2022, "price": 19100}, {"year": 2023, "price": 18900}, {"year": 2024, "price": 18800}, {"year": 2025, "price": 18700}]}}, {"type": "Feature", "geometry": {"type": "Point", "coordinates": [131.92627310000012, 33.971455]}, "properties": {"id": "35210-005-001", "city": "光", "address": "山口県　光市浅江２丁目１８番８", "residence_display": "浅江２－７－１２", "area_m2": 382, "usage": "商業地", "price_2025": 67600, "change_rate": 0.3, "nearest_station": "光", "station_distance_m": 1200, "road_width_m": 22.0, "building_coverage": 80, "floor_area_ratio": 200, "surroundings": "低層の店舗、営業所等が建ち並ぶ路線商業地域", "history": [{"year": 2017, "price": 67200}, {"year": 2018, "price": 67200}, {"year": 2019, "price": 67200}, {"year": 2020, "price": 67200}, {"year": 2021, "price": 67200}, {"year": 2022, "price": 67000}, {"year": 2023, "price": 67200}, {"year": 2024, "price": 67400}, {"year": 2025, "price": 67600}]}}, {"type": "Feature", "geometry": {"type": "Point", "coordinates": [131.9569031000001, 33.95498611000005]}, "properties": {"id": "35210-005-002", "city": "光", "address": "山口県　光市光井３丁目２２２８番１", "residence_display": "光井３－７－２７", "area_m2": 911, "usage": "商業地", "price_2025": 36100, "change_rate": 0.3, "nearest_station": "光", "station_distance_m": 4900, "road_width_m": 17.0, "building_coverage": 60, "floor_area_ratio": 200, "surroundings": "低層店舗、ス－パ－等が混在する路線商業地域", "history": [{"year": 2019, "price": 36000}, {"year": 2020, "price": 36000}, {"year": 2021, "price": 36000}, {"year": 2022, "price": 36000}, {"year": 2023, "price": 36000}, {"year": 2024, "price": 36000}, {"year": 2025, "price": 36100}]}}, {"type": "Feature", "geometry": {"type": "Point", "coordinates": [131.9438881000001, 33.95986]}, "properties": {"id": "35210-005-003", "city": "光", "address": "山口県　光市中央４丁目２番４外", "residence_display": "中央４－６－２６", "area_m2": 836, "usage": "商業地", "price_2025": 48000, "change_rate": 0.0, "nearest_station": "光", "station_distance_m": 3300, "road_width_m": 22.0, "building_coverage": 80, "floor_area_ratio": 400, "surroundings": "低層の店舗等が建ち並ぶ国道沿いの路線商業地域", "history": [{"year": 2015, "price": 49200}, {"year": 2016, "price": 48500}, {"year": 2017, "price": 48000}, {"year": 2018, "price": 48000}, {"year": 2019, "price": 48000}, {"year": 2020, "price": 48000}, {"year": 2021, "price": 48000}, {"year": 2022, "price": 48000}, {"year": 2023, "price": 48000}, {"year": 2024, "price": 48000}, {"year": 2025, "price": 48000}]}}, {"type": "Feature", "geometry": {"type": "Point", "coordinates": [131.9348831000001, 33.97241111000005]}, "properties": {"id": "35210-005-004", "city": "光", "address": "山口県　光市島田２丁目１１０番４", "residence_display": "島田２－１１－６", "area_m2": 766, "usage": "商業地", "price_2025": 48600, "change_rate": 0.2, "nearest_station": "光", "station_distance_m": 2300, "road_width_m": 15.0, "building_coverage": 80, "floor_area_ratio": 200, "surroundings": "中小規模の小売店舗等が建ち並ぶ路線商業地域", "history": [{"year": 2019, "price": 48500}, {"year": 2020, "price": 48500}, {"year": 2021, "price": 48500}, {"year": 2022, "price": 48500}, {"year": 2023, "price": 48500}, {"year": 2024, "price": 48500}, {"year": 2025, "price": 48600}]}}, {"type": "Feature", "geometry": {"type": "Point", "coordinates": [131.986695, 34.01479389000008]}, "properties": {"id": "35210-009-001", "city": "光", "address": "山口県　光市大字小周防字虹川１１００番４", "residence_display": "_", "area_m2": 10085, "usage": "調整区域内宅地", "price_2025": 12000, "change_rate": 0.8, "nearest_station": "島田", "station_distance_m": 5200, "road_width_m": 11.0, "building_coverage": 60, "floor_area_ratio": 100, "surroundings": "中小規模工場が建ち並ぶ内陸型工業団地", "history": [{"year": 2008, "price": 12500}, {"year": 2009, "price": 12400}, {"year": 2010, "price": 12300}, {"year": 2011, "price": 12100}, {"year": 2012, "price": 11900}, {"year": 2013, "price": 11700}, {"year": 2014, "price": 11600}, {"year": 2015, "price": 11600}, {"year": 2016, "price": 11600}, {"year": 2017, "price": 11600}, {"year": 2018, "price": 11600}, {"year": 2019, "price": 11600}, {"year": 2020, "price": 11600}, {"year": 2021, "price": 11600}, {"year": 2022, "price": 11700}, {"year": 2023, "price": 11800}, {"year": 2024, "price": 11900}, {"year": 2025, "price": 12000}]}}, {"type": "Feature", "geometry": {"type": "Point", "coordinates": [131.92703, 33.96754111000007]}, "properties": {"id": "35210-009-002", "city": "光", "address": "山口県　光市浅江４丁目４０３０番２", "residence_display": "浅江４－２－１", "area_m2": 53662, "usage": "調整区域内宅地", "price_2025": 20100, "change_rate": 1.0, "nearest_station": "光", "station_distance_m": 1600, "road_width_m": 21.0, "building_coverage": 60, "floor_area_ratio": 200, "surroundings": "大規模工場を中心とした工業地域", "history": [{"year": 2019, "price": 20100}, {"year": 2020, "price": 20000}, {"year": 2021, "price": 19900}, {"year": 2022, "price": 19800}, {"year": 2023, "price": 19800}, {"year": 2024, "price": 19900}, {"year": 2025, "price": 20100}]}}, {"type": "Feature", "geometry": {"type": "Point", "coordinates": [131.921675, 33.971785]}, "properties": {"id": "35210-009-003", "city": "光", "address": "山口県　光市浅江５丁目２４番６", "residence_display": "_", "area_m2": 978, "usage": "調整区域内宅地", "price_2025": 30300, "change_rate": 0.7, "nearest_station": "光", "station_distance_m": 750, "road_width_m": 6.0, "building_coverage": 60, "floor_area_ratio": 200, "surroundings": "中小規模工場、倉庫等が多い国道背後の工業地域", "history": [{"year": 2003, "price": 53000}, {"year": 2004, "price": 49900}, {"year": 2005, "price": 47600}, {"year": 2006, "price": 45800}, {"year": 2007, "price": 44300}, {"year": 2008, "price": 43000}, {"year": 2009, "price": 41300}, {"year": 2010, "price": 39600}, {"year": 2011, "price": 37500}, {"year": 2012, "price": 35500}, {"year": 2013, "price": 33800}, {"year": 2014, "price": 32500}, {"year": 2015, "price": 31500}, {"year": 2016, "price": 30800}, {"year": 2017, "price": 30300}, {"year": 2018, "price": 30000}, {"year": 2019, "price": 30000}, {"year": 2020, "price": 30000}, {"year": 2021, "price": 30000}, {"year": 2022, "price": 30000}, {"year": 2023, "price": 30000}, {"year": 2024, "price": 30100}, {"year": 2025, "price": 30300}]}}, {"type": "Feature", "geometry": {"type": "Point", "coordinates": [131.19215810000003, 34.37264]}, "properties": {"id": "35211-000-001", "city": "長門", "address": "山口県　長門市東深川字堤山１００７８番５３", "residence_display": "_", "area_m2": 302, "usage": "住宅", "price_2025": 19500, "change_rate": -0.5, "nearest_station": "長門市", "station_distance_m": 1600, "road_width_m": 4.0, "building_coverage": 50, "floor_area_ratio": 80, "surroundings": "中規模一般住宅が多い区画整然とした住宅地域", "history": [{"year": 1983, "price": 32000}, {"year": 1984, "price": 33200}, {"year": 1985, "price": 34100}, {"year": 1986, "price": 34900}, {"year": 1987, "price": 35300}, {"year": 1988, "price": 35600}, {"year": 1989, "price": 35900}, {"year": 1990, "price": 36400}, {"year": 1991, "price": 37400}, {"year": 1992, "price": 38700}, {"year": 1993, "price": 39000}, {"year": 1994, "price": 39000}, {"year": 1995, "price": 39000}, {"year": 1996, "price": 39000}, {"year": 1997, "price": 39000}, {"year": 1998, "price": 39000}, {"year": 1999, "price": 39000}, {"year": 2000, "price": 39000}, {"year": 2001, "price": 39000}, {"year": 2002, "price": 38600}, {"year": 2003, "price": 37200}, {"year": 2004, "price": 36000}, {"year": 2005, "price": 34900}, {"year": 2006, "price": 34000}, {"year": 2007, "price": 33200}, {"year": 2008, "price": 32500}, {"year": 2009, "price": 30700}, {"year": 2010, "price": 28600}, {"year": 2011, "price": 26900}, {"year": 2012, "price": 25500}, {"year": 2013, "price": 24300}, {"year": 2014, "price": 23500}, {"year": 2015, "price": 22700}, {"year": 2016, "price": 22000}, {"year": 2017, "price": 21400}, {"year": 2018, "price": 20900}, {"year": 2019, "price": 20600}, {"year": 2020, "price": 20300}, {"year": 2021, "price": 20000}, {"year": 2022, "price": 19800}, {"year": 2023, "price": 19700}, {"year": 2024, "price": 19600}, {"year": 2025, "price": 19500}]}}, {"type": "Feature", "geometry": {"type": "Point", "coordinates": [131.2000769000001, 34.38723]}, "properties": {"id": "35211-000-002", "city": "長門", "address": "山口県　長門市仙崎字南原１０３１番３８", "residence_display": "_", "area_m2": 197, "usage": "住宅", "price_2025": 19200, "change_rate": 0.0, "nearest_station": "仙崎", "station_distance_m": 250, "road_width_m": 4.0, "building_coverage": 60, "floor_area_ratio": 200, "surroundings": "中規模一般住宅が多い既成住宅地域", "history": [{"year": 1983, "price": 38000}, {"year": 1984, "price": 39400}, {"year": 1985, "price": 40400}, {"year": 1986, "price": 41300}, {"year": 1987, "price": 41700}, {"year": 1988, "price": 41800}, {"year": 1989, "price": 41900}, {"year": 1990, "price": 42400}, {"year": 1991, "price": 43400}, {"year": 1992, "price": 44400}, {"year": 1993, "price": 44600}, {"year": 1994, "price": 44600}, {"year": 1995, "price": 44600}, {"year": 1996, "price": 44600}, {"year": 1997, "price": 44600}, {"year": 1998, "price": 44600}, {"year": 1999, "price": 44600}, {"year": 2000, "price": 44000}, {"year": 2001, "price": 43000}, {"year": 2002, "price": 41700}, {"year": 2003, "price": 39800}, {"year": 2004, "price": 38000}, {"year": 2005, "price": 36400}, {"year": 2006, "price": 35100}, {"year": 2007, "price": 34000}, {"year": 2008, "price": 33100}, {"year": 2009, "price": 31200}, {"year": 2010, "price": 29000}, {"year": 2011, "price": 26900}, {"year": 2012, "price": 25300}, {"year": 2013, "price": 24100}, {"year": 2014, "price": 23200}, {"year": 2015, "price": 22300}, {"year": 2016, "price": 21500}, {"year": 2017, "price": 20900}, {"year": 2018, "price": 20500}, {"year": 2019, "price": 20200}, {"year": 2020, "price": 19900}, {"year": 2021, "price": 19600}, {"year": 2022, "price": 19400}, {"year": 2023, "price": 19300}, {"year": 2024, "price": 19200}, {"year": 2025, "price": 19200}]}}, {"type": "Feature", "geometry": {"type": "Point", "coordinates": [131.18589610000004, 34.36341806000007]}, "properties": {"id": "35211-000-003", "city": "長門", "address": "山口県　長門市東深川字中江良上２７３６番４", "residence_display": "_", "area_m2": 272, "usage": "住宅", "price_2025": 21000, "change_rate": 0.0, "nearest_station": "長門市", "station_distance_m": 1900, "road_width_m": 6.0, "building_coverage": 50, "floor_area_ratio": 80, "surroundings": "中規模一般住宅が多い区画整然とした住宅地域", "history": [{"year": 1995, "price": 42000}, {"year": 1996, "price": 42000}, {"year": 1997, "price": 42200}, {"year": 1998, "price": 42200}, {"year": 1999, "price": 42200}, {"year": 2000, "price": 42200}, {"year": 2001, "price": 42200}, {"year": 2002, "price": 41600}, {"year": 2003, "price": 40200}, {"year": 2004, "price": 38900}, {"year": 2005, "price": 37600}, {"year": 2006, "price": 36600}, {"year": 2007, "price": 35600}, {"year": 2008, "price": 34700}, {"year": 2009, "price": 32700}, {"year": 2010, "price": 30500}, {"year": 2011, "price": 28800}, {"year": 2012, "price": 27300}, {"year": 2013, "price": 25900}, {"year": 2014, "price": 25000}, {"year": 2015, "price": 24100}, {"year": 2016, "price": 23300}, {"year": 2017, "price": 22600}, {"year": 2018, "price": 22200}, {"year": 2019, "price": 21900}, {"year": 2020, "price": 21600}, {"year": 2021, "price": 21300}, {"year": 2022, "price": 21100}, {"year": 2023, "price": 21000}, {"year": 2024, "price": 21000}, {"year": 2025, "price": 21000}]}}, {"type": "Feature", "geometry": {"type": "Point", "coordinates": [131.25207000000012, 34.36028611000006]}, "properties": {"id": "35211-000-004", "city": "長門", "address": "山口県　長門市三隅中字西中村１２６５番", "residence_display": "_", "area_m2": 530, "usage": "住宅", "price_2025": 7000, "change_rate": -0.7, "nearest_station": "長門三隅", "station_distance_m": 2200, "road_width_m": 4.5, "building_coverage": 70, "floor_area_ratio": 200, "surroundings": "農家住宅の中に農地も見られる住宅地域", "history": [{"year": 1994, "price": 14000}, {"year": 1995, "price": 14000}, {"year": 1996, "price": 14000}, {"year": 1997, "price": 14000}, {"year": 1998, "price": 14000}, {"year": 1999, "price": 14000}, {"year": 2000, "price": 14000}, {"year": 2001, "price": 14000}, {"year": 2002, "price": 13900}, {"year": 2003, "price": 13600}, {"year": 2004, "price": 13300}, {"year": 2005, "price": 12900}, {"year": 2006, "price": 12600}, {"year": 2007, "price": 12300}, {"year": 2008, "price": 12000}, {"year": 2009, "price": 11500}, {"year": 2010, "price": 10600}, {"year": 2011, "price": 10000}, {"year": 2012, "price": 9500}, {"year": 2013, "price": 9100}, {"year": 2014, "price": 8800}, {"year": 2015, "price": 8500}, {"year": 2016, "price": 8200}, {"year": 2017, "price": 8000}, {"year": 2018, "price": 7800}, {"year": 2019, "price": 7650}, {"year": 2020, "price": 7500}, {"year": 2021, "price": 7330}, {"year": 2022, "price": 7200}, {"year": 2023, "price": 7100}, {"year": 2024, "price": 7050}, {"year": 2025, "price": 7000}]}}, {"type": "Feature", "geometry": {"type": "Point", "coordinates": [131.187015, 34.372761110000056]}, "properties": {"id": "35211-005-001", "city": "長門", "address": "山口県　長門市東深川字榎田１４０８番６", "residence_display": "_", "area_m2": 1134, "usage": "商業地", "price_2025": 33900, "change_rate": -0.3, "nearest_station": "長門市", "station_distance_m": 550, "road_width_m": 23.0, "building_coverage": 80, "floor_area_ratio": 400, "surroundings": "店舗、沿道サービス業が多い商業地域", "history": [{"year": 2014, "price": 45500}, {"year": 2015, "price": 42800}, {"year": 2016, "price": 40600}, {"year": 2017, "price": 39000}, {"year": 2018, "price": 38100}, {"year": 2019, "price": 37300}, {"year": 2020, "price": 36500}, {"year": 2021, "price": 35700}, {"year": 2022, "price": 35000}, {"year": 2023, "price": 34300}, {"year": 2024, "price": 34000}, {"year": 2025, "price": 33900}]}}, {"type": "Feature", "geometry": {"type": "Point", "coordinates": [132.1063481000001, 33.97201806000004]}, "properties": {"id": "35212-000-001", "city": "柳井", "address": "山口県　柳井市柳井字尾尻３７９７番１外", "residence_display": "_", "area_m2": 369, "usage": "住宅", "price_2025": 31300, "change_rate": 1.3, "nearest_station": "柳井", "station_distance_m": 1100, "road_width_m": 5.0, "building_coverage": 60, "floor_area_ratio": 200, "surroundings": "中規模一般住宅が多い既成住宅地域", "history": [{"year": 2012, "price": 33900}, {"year": 2013, "price": 32500}, {"year": 2014, "price": 31600}, {"year": 2015, "price": 30900}, {"year": 2016, "price": 30500}, {"year": 2017, "price": 30400}, {"year": 2018, "price": 30400}, {"year": 2019, "price": 30500}, {"year": 2020, "price": 30600}, {"year": 2021, "price": 30600}, {"year": 2022, "price": 30600}, {"year": 2023, "price": 30700}, {"year": 2024, "price": 30900}, {"year": 2025, "price": 31300}]}}, {"type": "Feature", "geometry": {"type": "Point", "coordinates": [132.09784690000004, 33.970628060000024]}, "properties": {"id": "35212-000-002", "city": "柳井", "address": "山口県　柳井市古開作字広瀬４５０番８", "residence_display": "_", "area_m2": 142, "usage": "住宅", "price_2025": 29000, "change_rate": 0.3, "nearest_station": "柳井", "station_distance_m": 1300, "road_width_m": 4.5, "building_coverage": 60, "floor_area_ratio": 200, "surroundings": "中規模一般住宅が建ち並ぶ住宅地域", "history": [{"year": 1983, "price": 39500}, {"year": 1984, "price": 40800}, {"year": 1985, "price": 41900}, {"year": 1986, "price": 42800}, {"year": 1987, "price": 43400}, {"year": 1988, "price": 44000}, {"year": 1989, "price": 44800}, {"year": 1990, "price": 45900}, {"year": 1991, "price": 47700}, {"year": 1992, "price": 49500}, {"year": 1993, "price": 50900}, {"year": 1994, "price": 51700}, {"year": 1995, "price": 52200}, {"year": 1996, "price": 52700}, {"year": 1997, "price": 53100}, {"year": 1998, "price": 53600}, {"year": 1999, "price": 53800}, {"year": 2000, "price": 53800}, {"year": 2001, "price": 53300}, {"year": 2002, "price": 52500}, {"year": 2003, "price": 51100}, {"year": 2004, "price": 49000}, {"year": 2005, "price": 47000}, {"year": 2006, "price": 45700}, {"year": 2007, "price": 44800}, {"year": 2008, "price": 44100}, {"year": 2009, "price": 42400}, {"year": 2010, "price": 39000}, {"year": 2011, "price": 36200}, {"year": 2012, "price": 33800}, {"year": 2013, "price": 31500}, {"year": 2014, "price": 30300}, {"year": 2015, "price": 29400}, {"year": 2016, "price": 28900}, {"year": 2017, "price": 28700}, {"year": 2018, "price": 28600}, {"year": 2019, "price": 28600}, {"year": 2020, "price": 28600}, {"year": 2021, "price": 28600}, {"year": 2022, "price": 28700}, {"year": 2023, "price": 28800}, {"year": 2024, "price": 28900}, {"year": 2025, "price": 29000}]}}, {"type": "Feature", "geometry": {"type": "Point", "coordinates": [132.1035700000001, 33.98045306000006]}, "properties": {"id": "35212-000-003", "city": "柳井", "address": "山口県　柳井市柳井字明音寺４３０３番１１", "residence_display": "_", "area_m2": 167, "usage": "住宅", "price_2025": 26200, "change_rate": 0.4, "nearest_station": "柳井", "station_distance_m": 1900, "road_width_m": 5.0, "building_coverage": 60, "floor_area_ratio": 200, "surroundings": "中規模一般住宅が建ち並ぶ既成住宅地域", "history": [{"year": 1995, "price": 41500}, {"year": 1996, "price": 41900}, {"year": 1997, "price": 42300}, {"year": 1998, "price": 42700}, {"year": 1999, "price": 42800}, {"year": 2000, "price": 42800}, {"year": 2001, "price": 42400}, {"year": 2002, "price": 41800}, {"year": 2003, "price": 40700}, {"year": 2004, "price": 39000}, {"year": 2005, "price": 37400}, {"year": 2006, "price": 36600}, {"year": 2007, "price": 36000}, {"year": 2008, "price": 35600}, {"year": 2009, "price": 34300}, {"year": 2010, "price": 32900}, {"year": 2011, "price": 31600}, {"year": 2012, "price": 30400}, {"year": 2013, "price": 28700}, {"year": 2014, "price": 27700}, {"year": 2015, "price": 26900}, {"year": 2016, "price": 26400}, {"year": 2017, "price": 26100}, {"year": 2018, "price": 25900}, {"year": 2019, "price": 25800}, {"year": 2020, "price": 25800}, {"year": 2021, "price": 25900}, {"year": 2022, "price": 26000}, {"year": 2023, "price": 26000}, {"year": 2024, "price": 26100}, {"year": 2025, "price": 26200}]}}, {"type": "Feature", "geometry": {"type": "Point", "coordinates": [132.10780810000006, 33.96698194000004]}, "properties": {"id": "35212-005-001", "city": "柳井", "address": "山口県　柳井市中央２丁目２０７番２", "residence_display": "中央２－７－３０", "area_m2": 304, "usage": "商業地", "price_2025": 54700, "change_rate": -0.2, "nearest_station": "柳井", "station_distance_m": 170, "road_width_m": 20.0, "building_coverage": 80, "floor_area_ratio": 400, "surroundings": "小売店舗、事務所等が建ち並ぶ商業地域", "history": [{"year": 2003, "price": 127000}, {"year": 2004, "price": 118000}, {"year": 2005, "price": 106000}, {"year": 2006, "price": 100000}, {"year": 2007, "price": 95000}, {"year": 2008, "price": 91200}, {"year": 2009, "price": 86200}, {"year": 2010, "price": 80400}, {"year": 2011, "price": 75100}, {"year": 2012, "price": 70700}, {"year": 2013, "price": 66300}, {"year": 2014, "price": 62700}, {"year": 2015, "price": 59800}, {"year": 2016, "price": 57900}, {"year": 2017, "price": 57000}, {"year": 2018, "price": 56500}, {"year": 2019, "price": 56100}, {"year": 2020, "price": 55800}, {"year": 2021, "price": 55500}, {"year": 2022, "price": 55200}, {"year": 2023, "price": 54900}, {"year": 2024, "price": 54800}, {"year": 2025, "price": 54700}]}}, {"type": "Feature", "geometry": {"type": "Point", "coordinates": [132.12826, 33.95895194000008]}, "properties": {"id": "35212-005-002", "city": "柳井", "address": "山口県　柳井市柳井字三本松１０００番５３外", "residence_display": "_", "area_m2": 2715, "usage": "商業地", "price_2025": 29500, "change_rate": 0.0, "nearest_station": "柳井港", "station_distance_m": 600, "road_width_m": 13.0, "building_coverage": 60, "floor_area_ratio": 200, "surroundings": "店舗、営業所、住宅等が建ち並ぶ路線商業地域", "history": [{"year": 2011, "price": 34400}, {"year": 2012, "price": 33300}, {"year": 2013, "price": 32200}, {"year": 2014, "price": 31400}, {"year": 2015, "price": 30700}, {"year": 2016, "price": 30200}, {"year": 2017, "price": 30000}, {"year": 2018, "price": 29900}, {"year": 2019, "price": 29900}, {"year": 2020, "price": 29900}, {"year": 2021, "price": 29800}, {"year": 2022, "price": 29700}, {"year": 2023, "price": 29600}, {"year": 2024, "price": 29500}, {"year": 2025, "price": 29500}]}}, {"type": "Feature", "geometry": {"type": "Point", "coordinates": [132.11174610000012, 33.96318611000004]}, "properties": {"id": "35212-005-003", "city": "柳井", "address": "山口県　柳井市南浜１丁目６９９番４１外", "residence_display": "南浜１－３－３", "area_m2": 2026, "usage": "商業地", "price_2025": 31500, "change_rate": 0.0, "nearest_station": "柳井", "station_distance_m": 1100, "road_width_m": 20.0, "building_coverage": 60, "floor_area_ratio": 200, "surroundings": "店舗、事務所、工場等が建ち並ぶ路線商業地域", "history": [{"year": 2017, "price": 31600}, {"year": 2018, "price": 31500}, {"year": 2019, "price": 31500}, {"year": 2020, "price": 31500}, {"year": 2021, "price": 31500}, {"year": 2022, "price": 31500}, {"year": 2023, "price": 31500}, {"year": 2024, "price": 31500}, {"year": 2025, "price": 31500}]}}, {"type": "Feature", "geometry": {"type": "Point", "coordinates": [131.20023390000006, 34.16519]}, "properties": {"id": "35213-000-001", "city": "美祢", "address": "山口県　美祢市大嶺町東分字山下２９１２番１３", "residence_display": "_", "area_m2": 299, "usage": "住宅", "price_2025": 13700, "change_rate": -0.7, "nearest_station": "美祢", "station_distance_m": 850, "road_width_m": 4.0, "building_coverage": 60, "floor_area_ratio": 200, "surroundings": "一般住宅のほか官舎も見られる住宅地域", "history": [{"year": 1998, "price": 27500}, {"year": 1999, "price": 27500}, {"year": 2000, "price": 27500}, {"year": 2001, "price": 27500}, {"year": 2002, "price": 27000}, {"year": 2003, "price": 25900}, {"year": 2004, "price": 24600}, {"year": 2005, "price": 22700}, {"year": 2006, "price": 21600}, {"year": 2007, "price": 20900}, {"year": 2008, "price": 20300}, {"year": 2009, "price": 19600}, {"year": 2010, "price": 18400}, {"year": 2011, "price": 17300}, {"year": 2012, "price": 16600}, {"year": 2013, "price": 16200}, {"year": 2014, "price": 15900}, {"year": 2015, "price": 15700}, {"year": 2016, "price": 15500}, {"year": 2017, "price": 15300}, {"year": 2018, "price": 15100}, {"year": 2019, "price": 14900}, {"year": 2020, "price": 14700}, {"year": 2021, "price": 14500}, {"year": 2022, "price": 14300}, {"year": 2023, "price": 14200}, {"year": 2024, "price": 13800}, {"year": 2025, "price": 13700}]}}, {"type": "Feature", "geometry": {"type": "Point", "coordinates": [131.23102890000007, 34.167423890000066]}, "properties": {"id": "35213-000-002", "city": "美祢", "address": "山口県　美祢市伊佐町伊佐字一ノ万倉地３９９２番３", "residence_display": "_", "area_m2": 560, "usage": "住宅", "price_2025": 8450, "change_rate": -0.6, "nearest_station": "美祢", "station_distance_m": 2700, "road_width_m": 3.5, "building_coverage": 60, "floor_area_ratio": 200, "surroundings": "農家、一般住宅の中に農地も介在する住宅地域", "history": [{"year": 1983, "price": 16000}, {"year": 1984, "price": 16500}, {"year": 1985, "price": 16900}, {"year": 1986, "price": 17200}, {"year": 1987, "price": 17400}, {"year": 1988, "price": 17400}, {"year": 1989, "price": 17400}, {"year": 1990, "price": 17500}, {"year": 1991, "price": 17900}, {"year": 1992, "price": 18400}, {"year": 1993, "price": 18500}, {"year": 1994, "price": 18500}, {"year": 1995, "price": 18500}, {"year": 1996, "price": 18500}, {"year": 1997, "price": 18500}, {"year": 1998, "price": 18500}, {"year": 1999, "price": 18500}, {"year": 2000, "price": 18500}, {"year": 2001, "price": 18500}, {"year": 2002, "price": 18100}, {"year": 2003, "price": 17400}, {"year": 2004, "price": 16600}, {"year": 2005, "price": 15700}, {"year": 2006, "price": 15000}, {"year": 2007, "price": 14500}, {"year": 2008, "price": 14000}, {"year": 2009, "price": 13400}, {"year": 2010, "price": 12500}, {"year": 2011, "price": 11700}, {"year": 2012, "price": 11200}, {"year": 2013, "price": 10800}, {"year": 2014, "price": 10500}, {"year": 2015, "price": 10200}, {"year": 2016, "price": 10000}, {"year": 2017, "price": 9800}, {"year": 2018, "price": 9600}, {"year": 2019, "price": 9400}, {"year": 2020, "price": 9200}, {"year": 2021, "price": 9000}, {"year": 2022, "price": 8800}, {"year": 2023, "price": 8650}, {"year": 2024, "price": 8500}, {"year": 2025, "price": 8450}]}}, {"type": "Feature", "geometry": {"type": "Point", "coordinates": [131.20579310000005, 34.18070806000003]}, "properties": {"id": "35213-000-003", "city": "美祢", "address": "山口県　美祢市大嶺町東分字上領１６４４番４外", "residence_display": "_", "area_m2": 345, "usage": "住宅", "price_2025": 12400, "change_rate": -0.8, "nearest_station": "美祢", "station_distance_m": 1400, "road_width_m": 9.0, "building_coverage": 60, "floor_area_ratio": 200, "surroundings": "新旧の中規模一般住宅が多い住宅地域", "history": [{"year": 1995, "price": 21000}, {"year": 1996, "price": 21400}, {"year": 1997, "price": 21400}, {"year": 1998, "price": 21400}, {"year": 1999, "price": 21400}, {"year": 2000, "price": 21400}, {"year": 2001, "price": 21400}, {"year": 2002, "price": 21000}, {"year": 2003, "price": 20200}, {"year": 2004, "price": 19300}, {"year": 2005, "price": 18800}, {"year": 2006, "price": 18400}, {"year": 2007, "price": 18100}, {"year": 2008, "price": 17800}, {"year": 2009, "price": 17200}, {"year": 2010, "price": 16200}, {"year": 2011, "price": 15400}, {"year": 2012, "price": 14800}, {"year": 2013, "price": 14500}, {"year": 2014, "price": 14300}, {"year": 2015, "price": 14100}, {"year": 2016, "price": 13900}, {"year": 2017, "price": 13700}, {"year": 2018, "price": 13500}, {"year": 2019, "price": 13300}, {"year": 2020, "price": 13100}, {"year": 2021, "price": 12900}, {"year": 2022, "price": 12700}, {"year": 2023, "price": 12600}, {"year": 2024, "price": 12500}, {"year": 2025, "price": 12400}]}}, {"type": "Feature", "geometry": {"type": "Point", "coordinates": [131.27955190000011, 34.20142111000007]}, "properties": {"id": "35213-000-004", "city": "美祢", "address": "山口県　美祢市秋芳町岩永本郷字下泉１６１６番外", "residence_display": "_", "area_m2": 963, "usage": "住宅", "price_2025": 3280, "change_rate": -1.5, "nearest_station": "美祢", "station_distance_m": 9900, "road_width_m": 6.0, "building_coverage": 70, "floor_area_ratio": 200, "surroundings": "農家住宅が建ち並ぶ既成住宅地域", "history": [{"year": 1994, "price": 7400}, {"year": 1995, "price": 7400}, {"year": 1996, "price": 7400}, {"year": 1997, "price": 7400}, {"year": 1998, "price": 7400}, {"year": 1999, "price": 7400}, {"year": 2000, "price": 7400}, {"year": 2001, "price": 7400}, {"year": 2002, "price": 7300}, {"year": 2003, "price": 7200}, {"year": 2004, "price": 7000}, {"year": 2005, "price": 6800}, {"year": 2006, "price": 6600}, {"year": 2007, "price": 6400}, {"year": 2008, "price": 6200}, {"year": 2009, "price": 6000}, {"year": 2010, "price": 5600}, {"year": 2011, "price": 5200}, {"year": 2012, "price": 4900}, {"year": 2013, "price": 4700}, {"year": 2014, "price": 4500}, {"year": 2015, "price": 4300}, {"year": 2016, "price": 4150}, {"year": 2017, "price": 4000}, {"year": 2018, "price": 3900}, {"year": 2019, "price": 3800}, {"year": 2020, "price": 3700}, {"year": 2021, "price": 3600}, {"year": 2022, "price": 3500}, {"year": 2023, "price": 3400}, {"year": 2024, "price": 3330}, {"year": 2025, "price": 3280}]}}, {"type": "Feature", "geometry": {"type": "Point", "coordinates": [131.20333610000012, 34.166585]}, "properties": {"id": "35213-005-001", "city": "美祢", "address": "山口県　美祢市大嶺町東分字沖田３４３７番８", "residence_display": "_", "area_m2": 368, "usage": "商業地", "price_2025": 20900, "change_rate": -0.5, "nearest_station": "美祢", "station_distance_m": 400, "road_width_m": 17.0, "building_coverage": 80, "floor_area_ratio": 400, "surroundings": "低層事務所、店舗等が多い古くからの商業地域", "history": [{"year": 1983, "price": 36500}, {"year": 1984, "price": 37500}, {"year": 1985, "price": 38200}, {"year": 1986, "price": 38800}, {"year": 1987, "price": 39500}, {"year": 1988, "price": 39700}, {"year": 1989, "price": 39900}, {"year": 1990, "price": 40400}, {"year": 1991, "price": 41400}, {"year": 1992, "price": 42900}, {"year": 1993, "price": 43400}, {"year": 1994, "price": 43400}, {"year": 1995, "price": 43400}, {"year": 1996, "price": 43400}, {"year": 1997, "price": 43400}, {"year": 1998, "price": 43400}, {"year": 1999, "price": 43400}, {"year": 2000, "price": 43400}, {"year": 2001, "price": 42600}, {"year": 2002, "price": 40900}, {"year": 2003, "price": 38500}, {"year": 2004, "price": 36000}, {"year": 2005, "price": 34000}, {"year": 2006, "price": 32500}, {"year": 2007, "price": 31500}, {"year": 2008, "price": 30600}, {"year": 2009, "price": 29500}, {"year": 2010, "price": 27800}, {"year": 2011, "price": 26400}, {"year": 2012, "price": 25100}, {"year": 2013, "price": 24200}, {"year": 2014, "price": 23700}, {"year": 2015, "price": 23200}, {"year": 2016, "price": 22800}, {"year": 2017, "price": 22500}, {"year": 2018, "price": 22300}, {"year": 2019, "price": 22100}, {"year": 2020, "price": 21900}, {"year": 2021, "price": 21600}, {"year": 2022, "price": 21300}, {"year": 2023, "price": 21100}, {"year": 2024, "price": 21000}, {"year": 2025, "price": 20900}]}}, {"type": "Feature", "geometry": {"type": "Point", "coordinates": [131.21122690000004, 34.18089]}, "properties": {"id": "35213-005-002", "city": "美祢", "address": "山口県　美祢市大嶺町東分字沖田１２２２番１", "residence_display": "_", "area_m2": 433, "usage": "商業地", "price_2025": 16600, "change_rate": -0.6, "nearest_station": "重安", "station_distance_m": 1600, "road_width_m": 13.5, "building_coverage": 70, "floor_area_ratio": 200, "surroundings": "ス－パ－等の低層店舗が多い国道沿いの商業地域", "history": [{"year": 2015, "price": 18000}, {"year": 2016, "price": 17800}, {"year": 2017, "price": 17700}, {"year": 2018, "price": 17600}, {"year": 2019, "price": 17500}, {"year": 2020, "price": 17400}, {"year": 2021, "price": 17200}, {"year": 2022, "price": 17000}, {"year": 2023, "price": 16800}, {"year": 2024, "price": 16700}, {"year": 2025, "price": 16600}]}}, {"type": "Feature", "geometry": {"type": "Point", "coordinates": [131.93097390000003, 34.029088890000025]}, "properties": {"id": "35215-000-001", "city": "周南", "address": "山口県　周南市大字大河内字熊毛幸が丘２１００番４６", "residence_display": "_", "area_m2": 253, "usage": "住宅", "price_2025": 15100, "change_rate": -0.7, "nearest_station": "大河内", "station_distance_m": 550, "road_width_m": 6.0, "building_coverage": 50, "floor_area_ratio": 80, "surroundings": "一般住宅が建ち並ぶ区画整然とした住宅地域", "history": [{"year": 1994, "price": 26000}, {"year": 1995, "price": 26200}, {"year": 1996, "price": 26400}, {"year": 1997, "price": 26700}, {"year": 1998, "price": 27000}, {"year": 1999, "price": 27000}, {"year": 2000, "price": 27000}, {"year": 2001, "price": 27000}, {"year": 2002, "price": 26800}, {"year": 2003, "price": 25600}, {"year": 2004, "price": 24400}, {"year": 2005, "price": 23300}, {"year": 2006, "price": 22400}, {"year": 2007, "price": 21700}, {"year": 2008, "price": 21100}, {"year": 2009, "price": 20100}, {"year": 2010, "price": 19200}, {"year": 2011, "price": 18400}, {"year": 2012, "price": 17700}, {"year": 2013, "price": 17100}, {"year": 2014, "price": 16600}, {"year": 2015, "price": 16300}, {"year": 2016, "price": 16000}, {"year": 2017, "price": 15800}, {"year": 2018, "price": 15700}, {"year": 2019, "price": 15600}, {"year": 2020, "price": 15600}, {"year": 2021, "price": 15500}, {"year": 2022, "price": 15400}, {"year": 2023, "price": 15300}, {"year": 2024, "price": 15200}, {"year": 2025, "price": 15100}]}}, {"type": "Feature", "geometry": {"type": "Point", "coordinates": [131.84883890000003, 34.038795]}, "properties": {"id": "35215-000-002", "city": "周南", "address": "山口県　周南市大字久米字貞宗７９３番６", "residence_display": "_", "area_m2": 171, "usage": "住宅", "price_2025": 33200, "change_rate": 1.2, "nearest_station": "櫛ケ浜", "station_distance_m": 3500, "road_width_m": 4.7, "building_coverage": 50, "floor_area_ratio": 80, "surroundings": "中規模一般住宅が建ち並ぶ高台住宅地域", "history": [{"year": 1983, "price": 50000}, {"year": 1984, "price": 51700}, {"year": 1985, "price": 53200}, {"year": 1986, "price": 54500}, {"year": 1987, "price": 55600}, {"year": 1988, "price": 56600}, {"year": 1989, "price": 57700}, {"year": 1990, "price": 59900}, {"year": 1991, "price": 65300}, {"year": 1992, "price": 69200}, {"year": 1993, "price": 70500}, {"year": 1994, "price": 71600}, {"year": 1995, "price": 72500}, {"year": 1996, "price": 73400}, {"year": 1997, "price": 74000}, {"year": 1998, "price": 74500}, {"year": 1999, "price": 74500}, {"year": 2000, "price": 73300}, {"year": 2001, "price": 71600}, {"year": 2002, "price": 68200}, {"year": 2003, "price": 62000}, {"year": 2004, "price": 56500}, {"year": 2005, "price": 52000}, {"year": 2006, "price": 48200}, {"year": 2007, "price": 45700}, {"year": 2008, "price": 44000}, {"year": 2009, "price": 41800}, {"year": 2010, "price": 39300}, {"year": 2011, "price": 36900}, {"year": 2012, "price": 35000}, {"year": 2013, "price": 33600}, {"year": 2014, "price": 32700}, {"year": 2015, "price": 32100}, {"year": 2016, "price": 31900}, {"year": 2017, "price": 31800}, {"year": 2018, "price": 31800}, {"year": 2019, "price": 31800}, {"year": 2020, "price": 31800}, {"year": 2021, "price": 31800}, {"year": 2022, "price": 32000}, {"year": 2023, "price": 32400}, {"year": 2024, "price": 32800}, {"year": 2025, "price": 33200}]}}, {"type": "Feature", "geometry": {"type": "Point", "coordinates": [131.82420610000008, 34.04157111000006]}, "properties": {"id": "35215-000-003", "city": "周南", "address": "山口県　周南市遠石２丁目６５０番４０", "residence_display": "遠石２－１２－２８", "area_m2": 240, "usage": "住宅", "price_2025": 51700, "change_rate": 1.4, "nearest_station": "徳山", "station_distance_m": 2600, "road_width_m": 6.0, "building_coverage": 60, "floor_area_ratio": 200, "surroundings": "中規模一般住宅が多い高台に開発された住宅地域", "history": [{"year": 1992, "price": 110000}, {"year": 1993, "price": 112000}, {"year": 1994, "price": 114000}, {"year": 1995, "price": 115000}, {"year": 1996, "price": 116000}, {"year": 1997, "price": 117000}, {"year": 1998, "price": 117000}, {"year": 1999, "price": 116000}, {"year": 2000, "price": 115000}, {"year": 2001, "price": 111000}, {"year": 2002, "price": 103000}, {"year": 2003, "price": 92100}, {"year": 2004, "price": 82300}, {"year": 2005, "price": 76000}, {"year": 2006, "price": 72300}, {"year": 2007, "price": 69000}, {"year": 2008, "price": 66300}, {"year": 2009, "price": 63000}, {"year": 2010, "price": 58600}, {"year": 2011, "price": 54900}, {"year": 2012, "price": 51800}, {"year": 2013, "price": 49900}, {"year": 2014, "price": 49000}, {"year": 2015, "price": 48800}, {"year": 2016, "price": 48700}, {"year": 2017, "price": 48700}, {"year": 2018, "price": 48700}, {"year": 2019, "price": 48900}, {"year": 2020, "price": 49500}, {"year": 2021, "price": 49700}, {"year": 2022, "price": 50000}, {"year": 2023, "price": 50400}, {"year": 2024, "price": 51000}, {"year": 2025, "price": 51700}]}}, {"type": "Feature", "geometry": {"type": "Point", "coordinates": [131.77405690000012, 34.10111111000003]}, "properties": {"id": "35215-000-005", "city": "周南", "address": "山口県　周南市大字四熊字諏訪前２１７番", "residence_display": "_", "area_m2": 522, "usage": "住宅", "price_2025": 8900, "change_rate": -1.9, "nearest_station": "新南陽", "station_distance_m": 5700, "road_width_m": 5.0, "building_coverage": 70, "floor_area_ratio": 200, "surroundings": "農家住宅が見られる既成住宅地域", "history": [{"year": 1985, "price": 17100}, {"year": 1986, "price": 17300}, {"year": 1987, "price": 17500}, {"year": 1988, "price": 17700}, {"year": 1989, "price": 17900}, {"year": 1990, "price": 18100}, {"year": 1991, "price": 18400}, {"year": 1992, "price": 18700}, {"year": 1993, "price": 18700}, {"year": 1994, "price": 18700}, {"year": 1995, "price": 18700}, {"year": 1996, "price": 18700}, {"year": 1997, "price": 18700}, {"year": 1998, "price": 18700}, {"year": 1999, "price": 18700}, {"year": 2000, "price": 18700}, {"year": 2001, "price": 18600}, {"year": 2002, "price": 18400}, {"year": 2003, "price": 18100}, {"year": 2004, "price": 17700}, {"year": 2005, "price": 17200}, {"year": 2006, "price": 16800}, {"year": 2007, "price": 16500}, {"year": 2008, "price": 16200}, {"year": 2009, "price": 15100}, {"year": 2010, "price": 14100}, {"year": 2011, "price": 13200}, {"year": 2012, "price": 12300}, {"year": 2013, "price": 11500}, {"year": 2014, "price": 10900}, {"year": 2015, "price": 10400}, {"year": 2016, "price": 10100}, {"year": 2017, "price": 9900}, {"year": 2018, "price": 9750}, {"year": 2019, "price": 9630}, {"year": 2020, "price": 9510}, {"year": 2021, "price": 9400}, {"year": 2022, "price": 9290}, {"year": 2023, "price": 9180}, {"year": 2024, "price": 9070}, {"year": 2025, "price": 8900}]}}, {"type": "Feature", "geometry": {"type": "Point", "coordinates": [131.822295, 34.056821110000044]}, "properties": {"id": "35215-000-006", "city": "周南", "address": "山口県　周南市楠木１丁目８６番", "residence_display": "楠木１－９－２２", "area_m2": 357, "usage": "住宅", "price_2025": 62400, "change_rate": 2.0, "nearest_station": "徳山", "station_distance_m": 2600, "road_width_m": 6.0, "building_coverage": 60, "floor_area_ratio": 200, "surroundings": "中規模一般住宅を中心とした住宅地域", "history": [{"year": 1983, "price": 87000}, {"year": 1984, "price": 90100}, {"year": 1985, "price": 92800}, {"year": 1986, "price": 95100}, {"year": 1987, "price": 97000}, {"year": 1988, "price": 98900}, {"year": 1989, "price": 101000}, {"year": 1990, "price": 105000}, {"year": 1991, "price": 115000}, {"year": 1992, "price": 121000}, {"year": 1993, "price": 123000}, {"year": 1994, "price": 125000}, {"year": 1995, "price": 126000}, {"year": 1996, "price": 127000}, {"year": 1997, "price": 128000}, {"year": 1998, "price": 129000}, {"year": 1999, "price": 127000}, {"year": 2000, "price": 125000}, {"year": 2001, "price": 120000}, {"year": 2002, "price": 110000}, {"year": 2003, "price": 98500}, {"year": 2004, "price": 88000}, {"year": 2005, "price": 81000}, {"year": 2006, "price": 77000}, {"year": 2007, "price": 73000}, {"year": 2008, "price": 70000}, {"year": 2009, "price": 66500}, {"year": 2010, "price": 62000}, {"year": 2011, "price": 59200}, {"year": 2012, "price": 57200}, {"year": 2013, "price": 56600}, {"year": 2014, "price": 56600}, {"year": 2015, "price": 56600}, {"year": 2016, "price": 56600}, {"year": 2017, "price": 56600}, {"year": 2018, "price": 56600}, {"year": 2019, "price": 56900}, {"year": 2020, "price": 57600}, {"year": 2021, "price": 58000}, {"year": 2022, "price": 58800}, {"year": 2023, "price": 60000}, {"year": 2024, "price": 61200}, {"year": 2025, "price": 62400}]}}, {"type": "Feature", "geometry": {"type": "Point", "coordinates": [131.80298690000006, 34.048553060000074]}, "properties": {"id": "35215-000-007", "city": "周南", "address": "山口県　周南市住崎町１２７番１外", "residence_display": "住崎町７－５", "area_m2": 132, "usage": "住宅", "price_2025": 43000, "change_rate": 1.4, "nearest_station": "徳山", "station_distance_m": 300, "road_width_m": 6.0, "building_coverage": 80, "floor_area_ratio": 400, "surroundings": "徳山駅近くの店舗等も混在する住宅地域", "history": [{"year": 2013, "price": 42000}, {"year": 2014, "price": 41000}, {"year": 2015, "price": 40600}, {"year": 2016, "price": 40400}, {"year": 2017, "price": 40400}, {"year": 2018, "price": 40600}, {"year": 2019, "price": 40800}, {"year": 2020, "price": 41000}, {"year": 2021, "price": 41100}, {"year": 2022, "price": 41400}, {"year": 2023, "price": 41800}, {"year": 2024, "price": 42400}, {"year": 2025, "price": 43000}]}}, {"type": "Feature", "geometry": {"type": "Point", "coordinates": [131.81003610000005, 34.057823890000066]}, "properties": {"id": "35215-000-008", "city": "周南", "address": "山口県　周南市児玉町３丁目１７番", "residence_display": "_", "area_m2": 266, "usage": "住宅", "price_2025": 83200, "change_rate": 2.5, "nearest_station": "徳山", "station_distance_m": 1000, "road_width_m": 5.8, "building_coverage": 60, "floor_area_ratio": 200, "surroundings": "中規模一般住宅が多い区画整然とした住宅地域", "history": [{"year": 1983, "price": 135000}, {"year": 1984, "price": 139000}, {"year": 1985, "price": 143000}, {"year": 1986, "price": 146000}, {"year": 1987, "price": 148000}, {"year": 1988, "price": 151000}, {"year": 1989, "price": 155000}, {"year": 1990, "price": 161000}, {"year": 1991, "price": 176000}, {"year": 1992, "price": 188000}, {"year": 1993, "price": 193000}, {"year": 1994, "price": 196000}, {"year": 1995, "price": 197000}, {"year": 1996, "price": 198000}, {"year": 1997, "price": 199000}, {"year": 1998, "price": 200000}, {"year": 1999, "price": 196000}, {"year": 2000, "price": 191000}, {"year": 2001, "price": 181000}, {"year": 2002, "price": 164000}, {"year": 2003, "price": 144000}, {"year": 2004, "price": 123000}, {"year": 2005, "price": 106000}, {"year": 2006, "price": 98000}, {"year": 2007, "price": 91700}, {"year": 2008, "price": 87000}, {"year": 2009, "price": 82200}, {"year": 2010, "price": 77200}, {"year": 2011, "price": 72800}, {"year": 2012, "price": 70500}, {"year": 2013, "price": 70000}, {"year": 2014, "price": 70000}, {"year": 2015, "price": 70000}, {"year": 2016, "price": 70800}, {"year": 2017, "price": 71500}, {"year": 2018, "price": 72200}, {"year": 2019, "price": 72900}, {"year": 2020, "price": 74600}, {"year": 2021, "price": 76100}, {"year": 2022, "price": 77600}, {"year": 2023, "price": 79300}, {"year": 2024, "price": 81200}, {"year": 2025, "price": 83200}]}}, {"type": "Feature", "geometry": {"type": "Point", "coordinates": [131.862985, 34.11588389000008]}, "properties": {"id": "35215-000-009", "city": "周南", "address": "山口県　周南市大字須々万本郷字桜久保３２８番２０", "residence_display": "_", "area_m2": 220, "usage": "住宅", "price_2025": 14700, "change_rate": -1.3, "nearest_station": "徳山", "station_distance_m": 12000, "road_width_m": 5.0, "building_coverage": 0, "floor_area_ratio": 0, "surroundings": "中規模一般住宅が建ち並ぶ郊外の住宅地域", "history": [{"year": 2006, "price": 26500}, {"year": 2007, "price": 25700}, {"year": 2008, "price": 25000}, {"year": 2009, "price": 24000}, {"year": 2010, "price": 22300}, {"year": 2011, "price": 20700}, {"year": 2012, "price": 19400}, {"year": 2013, "price": 18500}, {"year": 2014, "price": 17800}, {"year": 2015, "price": 17200}, {"year": 2016, "price": 16700}, {"year": 2017, "price": 16400}, {"year": 2018, "price": 16100}, {"year": 2019, "price": 15900}, {"year": 2020, "price": 15700}, {"year": 2021, "price": 15500}, {"year": 2022, "price": 15300}, {"year": 2023, "price": 15100}, {"year": 2024, "price": 14900}, {"year": 2025, "price": 14700}]}}, {"type": "Feature", "geometry": {"type": "Point", "coordinates": [131.75255690000006, 34.07200806000003]}, "properties": {"id": "35215-000-010", "city": "周南", "address": "山口県　周南市平野１丁目４３６５番", "residence_display": "平野１－１－１５", "area_m2": 140, "usage": "住宅", "price_2025": 39100, "change_rate": 0.5, "nearest_station": "新南陽", "station_distance_m": 1600, "road_width_m": 6.0, "building_coverage": 60, "floor_area_ratio": 200, "surroundings": "中規模一般住宅が多い既成住宅地域", "history": [{"year": 1995, "price": 81000}, {"year": 1996, "price": 81700}, {"year": 1997, "price": 82500}, {"year": 1998, "price": 83000}, {"year": 1999, "price": 83000}, {"year": 2000, "price": 82000}, {"year": 2001, "price": 81000}, {"year": 2002, "price": 78500}, {"year": 2003, "price": 73000}, {"year": 2004, "price": 66500}, {"year": 2005, "price": 61500}, {"year": 2006, "price": 58700}, {"year": 2007, "price": 56200}, {"year": 2008, "price": 54300}, {"year": 2009, "price": 51600}, {"year": 2010, "price": 48800}, {"year": 2011, "price": 46300}, {"year": 2012, "price": 44000}, {"year": 2013, "price": 41900}, {"year": 2014, "price": 40400}, {"year": 2015, "price": 39500}, {"year": 2016, "price": 39100}, {"year": 2017, "price": 38900}, {"year": 2018, "price": 38900}, {"year": 2019, "price": 38900}, {"year": 2020, "price": 38900}, {"year": 2021, "price": 38900}, {"year": 2022, "price": 38900}, {"year": 2023, "price": 38900}, {"year": 2024, "price": 38900}, {"year": 2025, "price": 39100}]}}, {"type": "Feature", "geometry": {"type": "Point", "coordinates": [131.8159819000001, 34.04739194000007]}, "properties": {"id": "35215-000-011", "city": "周南", "address": "山口県　周南市東山町１９２２番９", "residence_display": "東山町８－２２", "area_m2": 244, "usage": "住宅", "price_2025": 54800, "change_rate": 1.5, "nearest_station": "徳山", "station_distance_m": 1600, "road_width_m": 4.3, "building_coverage": 60, "floor_area_ratio": 200, "surroundings": "中規模一般住宅が多い閑静な住宅地域", "history": [{"year": 2011, "price": 55000}, {"year": 2012, "price": 53100}, {"year": 2013, "price": 51500}, {"year": 2014, "price": 50900}, {"year": 2015, "price": 50600}, {"year": 2016, "price": 50600}, {"year": 2017, "price": 50600}, {"year": 2018, "price": 51000}, {"year": 2019, "price": 51400}, {"year": 2020, "price": 51900}, {"year": 2021, "price": 52100}, {"year": 2022, "price": 52600}, {"year": 2023, "price": 53200}, {"year": 2024, "price": 54000}, {"year": 2025, "price": 54800}]}}, {"type": "Feature", "geometry": {"type": "Point", "coordinates": [131.83216890000006, 34.029385]}, "properties": {"id": "35215-000-012", "city": "周南", "address": "山口県　周南市大字久米字町田３１４２番２", "residence_display": "_", "area_m2": 320, "usage": "住宅", "price_2025": 35600, "change_rate": 1.4, "nearest_station": "櫛ケ浜", "station_distance_m": 500, "road_width_m": 5.5, "building_coverage": 60, "floor_area_ratio": 200, "surroundings": "中規模一般住宅、アパート等が混在する住宅地域", "history": [{"year": 1983, "price": 49400}, {"year": 1984, "price": 51200}, {"year": 1985, "price": 52600}, {"year": 1986, "price": 53900}, {"year": 1987, "price": 55100}, {"year": 1988, "price": 56200}, {"year": 1989, "price": 57500}, {"year": 1990, "price": 59700}, {"year": 1991, "price": 65100}, {"year": 1992, "price": 68700}, {"year": 1993, "price": 70000}, {"year": 1994, "price": 71000}, {"year": 1995, "price": 71700}, {"year": 1996, "price": 72500}, {"year": 1997, "price": 73100}, {"year": 1998, "price": 73700}, {"year": 1999, "price": 73700}, {"year": 2000, "price": 72500}, {"year": 2001, "price": 71300}, {"year": 2002, "price": 67900}, {"year": 2003, "price": 62700}, {"year": 2004, "price": 57300}, {"year": 2005, "price": 53100}, {"year": 2006, "price": 49500}, {"year": 2007, "price": 47100}, {"year": 2008, "price": 45400}, {"year": 2009, "price": 43200}, {"year": 2010, "price": 40900}, {"year": 2011, "price": 38800}, {"year": 2012, "price": 37100}, {"year": 2013, "price": 35700}, {"year": 2014, "price": 34800}, {"year": 2015, "price": 34300}, {"year": 2016, "price": 34100}, {"year": 2017, "price": 34000}, {"year": 2018, "price": 34000}, {"year": 2019, "price": 34100}, {"year": 2020, "price": 34300}, {"year": 2021, "price": 34300}, {"year": 2022, "price": 34400}, {"year": 2023, "price": 34700}, {"year": 2024, "price": 35100}, {"year": 2025, "price": 35600}]}}, {"type": "Feature", "geometry": {"type": "Point", "coordinates": [131.76261610000006, 34.08191389000007]}, "properties": {"id": "35215-000-013", "city": "周南", "address": "山口県　周南市大神１丁目１０３１２番１６", "residence_display": "大神１－１４－１４", "area_m2": 221, "usage": "住宅", "price_2025": 38100, "change_rate": 1.6, "nearest_station": "新南陽", "station_distance_m": 2300, "road_width_m": 4.8, "building_coverage": 60, "floor_area_ratio": 200, "surroundings": "一般住宅等が建ち並ぶ区画整然とした住宅地域", "history": [{"year": 1994, "price": 75000}, {"year": 1995, "price": 75700}, {"year": 1996, "price": 76400}, {"year": 1997, "price": 77500}, {"year": 1998, "price": 78300}, {"year": 1999, "price": 78300}, {"year": 2000, "price": 78300}, {"year": 2001, "price": 77500}, {"year": 2002, "price": 75000}, {"year": 2003, "price": 71000}, {"year": 2004, "price": 65000}, {"year": 2005, "price": 60500}, {"year": 2006, "price": 56800}, {"year": 2007, "price": 53800}, {"year": 2008, "price": 50900}, {"year": 2009, "price": 48000}, {"year": 2010, "price": 44500}, {"year": 2011, "price": 42100}, {"year": 2012, "price": 40100}, {"year": 2013, "price": 38600}, {"year": 2014, "price": 37500}, {"year": 2015, "price": 37000}, {"year": 2016, "price": 36700}, {"year": 2017, "price": 36500}, {"year": 2018, "price": 36500}, {"year": 2019, "price": 36500}, {"year": 2020, "price": 36500}, {"year": 2021, "price": 36500}, {"year": 2022, "price": 36700}, {"year": 2023, "price": 37100}, {"year": 2024, "price": 37500}, {"year": 2025, "price": 38100}]}}, {"type": "Feature", "geometry": {"type": "Point", "coordinates": [131.78366110000002, 34.091143060000036]}, "properties": {"id": "35215-000-014", "city": "周南", "address": "山口県　周南市大字下上字西蔵掛７７番１０外", "residence_display": "_", "area_m2": 198, "usage": "空地", "price_2025": 32900, "change_rate": 1.2, "nearest_station": "新南陽", "station_distance_m": 3000, "road_width_m": 4.0, "building_coverage": 60, "floor_area_ratio": 200, "surroundings": "中規模一般住宅の多い郊外の住宅地域", "history": [{"year": 1985, "price": 60000}, {"year": 1986, "price": 61300}, {"year": 1987, "price": 61900}, {"year": 1988, "price": 63000}, {"year": 1989, "price": 64300}, {"year": 1990, "price": 66500}, {"year": 1991, "price": 68000}, {"year": 1992, "price": 70000}, {"year": 1993, "price": 70700}, {"year": 1994, "price": 71400}, {"year": 1995, "price": 72000}, {"year": 1996, "price": 72600}, {"year": 1997, "price": 73500}, {"year": 1998, "price": 73800}, {"year": 1999, "price": 73800}, {"year": 2000, "price": 72800}, {"year": 2001, "price": 71500}, {"year": 2002, "price": 68000}, {"year": 2003, "price": 63000}, {"year": 2004, "price": 58000}, {"year": 2005, "price": 53400}, {"year": 2006, "price": 49700}, {"year": 2007, "price": 46800}, {"year": 2008, "price": 44600}, {"year": 2009, "price": 42400}, {"year": 2010, "price": 40200}, {"year": 2011, "price": 38500}, {"year": 2012, "price": 36900}, {"year": 2013, "price": 35600}, {"year": 2014, "price": 34500}, {"year": 2015, "price": 33700}, {"year": 2016, "price": 33100}, {"year": 2017, "price": 32700}, {"year": 2018, "price": 32400}, {"year": 2019, "price": 32200}, {"year": 2020, "price": 32100}, {"year": 2021, "price": 32000}, {"year": 2022, "price": 32000}, {"year": 2023, "price": 32200}, {"year": 2024, "price": 32500}, {"year": 2025, "price": 32900}]}}, {"type": "Feature", "geometry": {"type": "Point", "coordinates": [131.70273310000005, 34.07404194000003]}, "properties": {"id": "35215-000-015", "city": "周南", "address": "山口県　周南市大字夜市字西ケ浴３３２５番７", "residence_display": "_", "area_m2": 249, "usage": "住宅", "price_2025": 25400, "change_rate": 0.0, "nearest_station": "戸田", "station_distance_m": 300, "road_width_m": 4.0, "building_coverage": 50, "floor_area_ratio": 80, "surroundings": "一般住宅の中に農家住宅等が見られる住宅地域", "history": [{"year": 1994, "price": 55000}, {"year": 1995, "price": 55700}, {"year": 1996, "price": 56400}, {"year": 1997, "price": 57000}, {"year": 1998, "price": 57500}, {"year": 1999, "price": 57500}, {"year": 2000, "price": 56800}, {"year": 2001, "price": 56000}, {"year": 2002, "price": 54500}, {"year": 2003, "price": 50500}, {"year": 2004, "price": 46400}, {"year": 2005, "price": 42500}, {"year": 2006, "price": 40400}, {"year": 2007, "price": 38900}, {"year": 2008, "price": 37000}, {"year": 2009, "price": 35100}, {"year": 2010, "price": 33600}, {"year": 2011, "price": 32100}, {"year": 2012, "price": 30700}, {"year": 2013, "price": 29500}, {"year": 2014, "price": 28600}, {"year": 2015, "price": 27900}, {"year": 2016, "price": 27500}, {"year": 2017, "price": 27200}, {"year": 2018, "price": 26800}, {"year": 2019, "price": 26500}, {"year": 2020, "price": 26200}, {"year": 2021, "price": 25900}, {"year": 2022, "price": 25700}, {"year": 2023, "price": 25500}, {"year": 2024, "price": 25400}, {"year": 2025, "price": 25400}]}}, {"type": "Feature", "geometry": {"type": "Point", "coordinates": [131.8430800000001, 34.042956110000034]}, "properties": {"id": "35215-000-016", "city": "周南", "address": "山口県　周南市城ケ丘３丁目３８番３", "residence_display": "城ケ丘３－１２－２４", "area_m2": 313, "usage": "住宅", "price_2025": 54000, "change_rate": 1.7, "nearest_station": "徳山", "station_distance_m": 5300, "road_width_m": 6.0, "building_coverage": 60, "floor_area_ratio": 200, "surroundings": "一般住宅等が建ち並ぶ区画整然とした住宅地域", "history": [{"year": 1994, "price": 120000}, {"year": 1995, "price": 121000}, {"year": 1996, "price": 122000}, {"year": 1997, "price": 123000}, {"year": 1998, "price": 123000}, {"year": 1999, "price": 122000}, {"year": 2000, "price": 120000}, {"year": 2001, "price": 117000}, {"year": 2002, "price": 107000}, {"year": 2003, "price": 94200}, {"year": 2004, "price": 82500}, {"year": 2005, "price": 75800}, {"year": 2006, "price": 72000}, {"year": 2007, "price": 68600}, {"year": 2008, "price": 65900}, {"year": 2009, "price": 62600}, {"year": 2010, "price": 58800}, {"year": 2011, "price": 55300}, {"year": 2012, "price": 52500}, {"year": 2013, "price": 51000}, {"year": 2014, "price": 50200}, {"year": 2015, "price": 50100}, {"year": 2016, "price": 50100}, {"year": 2017, "price": 50100}, {"year": 2018, "price": 50100}, {"year": 2019, "price": 50200}, {"year": 2020, "price": 50600}, {"year": 2021, "price": 51000}, {"year": 2022, "price": 51600}, {"year": 2023, "price": 52300}, {"year": 2024, "price": 53100}, {"year": 2025, "price": 54000}]}}, {"type": "Feature", "geometry": {"type": "Point", "coordinates": [131.80779690000008, 34.06585111000004]}, "properties": {"id": "35215-000-017", "city": "周南", "address": "山口県　周南市蓮ヶ浴１丁目６８１９番８", "residence_display": "蓮ヶ浴１－５－８", "area_m2": 153, "usage": "住宅", "price_2025": 35300, "change_rate": 0.3, "nearest_station": "徳山", "station_distance_m": 2200, "road_width_m": 4.0, "building_coverage": 60, "floor_area_ratio": 200, "surroundings": "一般住宅が建ち並ぶ緩傾斜地の住宅地域", "history": [{"year": 1994, "price": 88000}, {"year": 1995, "price": 88700}, {"year": 1996, "price": 89500}, {"year": 1997, "price": 90200}, {"year": 1998, "price": 91000}, {"year": 1999, "price": 91000}, {"year": 2000, "price": 90400}, {"year": 2001, "price": 88400}, {"year": 2002, "price": 83500}, {"year": 2003, "price": 77000}, {"year": 2004, "price": 70000}, {"year": 2005, "price": 64400}, {"year": 2006, "price": 59800}, {"year": 2007, "price": 55600}, {"year": 2008, "price": 52300}, {"year": 2009, "price": 49000}, {"year": 2010, "price": 45000}, {"year": 2011, "price": 41200}, {"year": 2012, "price": 38800}, {"year": 2013, "price": 37200}, {"year": 2014, "price": 36100}, {"year": 2015, "price": 35400}, {"year": 2016, "price": 35100}, {"year": 2017, "price": 34900}, {"year": 2018, "price": 34800}, {"year": 2019, "price": 34800}, {"year": 2020, "price": 34900}, {"year": 2021, "price": 34900}, {"year": 2022, "price": 35000}, {"year": 2023, "price": 35100}, {"year": 2024, "price": 35200}, {"year": 2025, "price": 35300}]}}, {"type": "Feature", "geometry": {"type": "Point", "coordinates": [131.77339690000008, 34.07226694000008]}, "properties": {"id": "35215-000-018", "city": "周南", "address": "山口県　周南市政所３丁目２番９", "residence_display": "政所３－２－８", "area_m2": 189, "usage": "住宅", "price_2025": 72500, "change_rate": 2.4, "nearest_station": "新南陽", "station_distance_m": 650, "road_width_m": 8.0, "building_coverage": 60, "floor_area_ratio": 200, "surroundings": "一般住宅が多い利便性のよい住宅地域", "history": [{"year": 2015, "price": 62000}, {"year": 2016, "price": 62000}, {"year": 2017, "price": 62000}, {"year": 2018, "price": 63000}, {"year": 2019, "price": 64600}, {"year": 2020, "price": 66500}, {"year": 2021, "price": 67100}, {"year": 2022, "price": 67700}, {"year": 2023, "price": 69200}, {"year": 2024, "price": 70800}, {"year": 2025, "price": 72500}]}}, {"type": "Feature", "geometry": {"type": "Point", "coordinates": [131.75719890000005, 34.07552111000007]}, "properties": {"id": "35215-000-019", "city": "周南", "address": "山口県　周南市大字富田字楠本３０１８番７", "residence_display": "_", "area_m2": 228, "usage": "住宅", "price_2025": 49500, "change_rate": 2.1, "nearest_station": "新南陽", "station_distance_m": 1900, "road_width_m": 6.0, "building_coverage": 60, "floor_area_ratio": 200, "surroundings": "中規模一般住宅を中心とした住宅地域", "history": [{"year": 2012, "price": 49400}, {"year": 2013, "price": 47900}, {"year": 2014, "price": 46900}, {"year": 2015, "price": 46500}, {"year": 2016, "price": 46200}, {"year": 2017, "price": 46100}, {"year": 2018, "price": 46100}, {"year": 2019, "price": 46300}, {"year": 2020, "price": 46600}, {"year": 2021, "price": 46800}, {"year": 2022, "price": 47200}, {"year": 2023, "price": 47800}, {"year": 2024, "price": 48500}, {"year": 2025, "price": 49500}]}}, {"type": "Feature", "geometry": {"type": "Point", "coordinates": [131.98111390000008, 34.034201110000026]}, "properties": {"id": "35215-000-020", "city": "周南", "address": "山口県　周南市大字安田字下天王５９４番５", "residence_display": "_", "area_m2": 330, "usage": "住宅", "price_2025": 13500, "change_rate": -1.5, "nearest_station": "高水", "station_distance_m": 3100, "road_width_m": 6.0, "building_coverage": 60, "floor_area_ratio": 200, "surroundings": "一般住宅の中に空地等が見られる住宅地域", "history": [{"year": 1994, "price": 25500}, {"year": 1995, "price": 25600}, {"year": 1996, "price": 25800}, {"year": 1997, "price": 26000}, {"year": 1998, "price": 26200}, {"year": 1999, "price": 26200}, {"year": 2000, "price": 26200}, {"year": 2001, "price": 26200}, {"year": 2002, "price": 26000}, {"year": 2003, "price": 24800}, {"year": 2004, "price": 23500}, {"year": 2005, "price": 22400}, {"year": 2006, "price": 21500}, {"year": 2007, "price": 20800}, {"year": 2008, "price": 20200}, {"year": 2009, "price": 19100}, {"year": 2010, "price": 18200}, {"year": 2011, "price": 17300}, {"year": 2012, "price": 16500}, {"year": 2013, "price": 16000}, {"year": 2014, "price": 15600}, {"year": 2015, "price": 15300}, {"year": 2016, "price": 15100}, {"year": 2017, "price": 14900}, {"year": 2018, "price": 14700}, {"year": 2019, "price": 14600}, {"year": 2020, "price": 14500}, {"year": 2021, "price": 14300}, {"year": 2022, "price": 14100}, {"year": 2023, "price": 13900}, {"year": 2024, "price": 13700}, {"year": 2025, "price": 13500}]}}, {"type": "Feature", "geometry": {"type": "Point", "coordinates": [131.73516890000008, 34.06517889000003]}, "properties": {"id": "35215-000-021", "city": "周南", "address": "山口県　周南市新田１丁目２６１２番５５", "residence_display": "新田１－９－２０", "area_m2": 230, "usage": "住宅", "price_2025": 29200, "change_rate": 0.3, "nearest_station": "福川", "station_distance_m": 1400, "road_width_m": 6.0, "building_coverage": 60, "floor_area_ratio": 200, "surroundings": "中規模一般住宅が区画整然と建ち並ぶ住宅地域", "history": [{"year": 1983, "price": 45500}, {"year": 1984, "price": 47100}, {"year": 1985, "price": 48600}, {"year": 1986, "price": 49500}, {"year": 1987, "price": 50400}, {"year": 1988, "price": 51200}, {"year": 1989, "price": 51900}, {"year": 1990, "price": 53500}, {"year": 1991, "price": 55400}, {"year": 1992, "price": 60000}, {"year": 1993, "price": 61000}, {"year": 1994, "price": 61800}, {"year": 1995, "price": 62400}, {"year": 1996, "price": 62900}, {"year": 1997, "price": 63300}, {"year": 1998, "price": 64000}, {"year": 1999, "price": 64000}, {"year": 2000, "price": 64000}, {"year": 2001, "price": 63500}, {"year": 2002, "price": 62000}, {"year": 2003, "price": 58800}, {"year": 2004, "price": 54600}, {"year": 2005, "price": 50500}, {"year": 2006, "price": 47000}, {"year": 2007, "price": 44500}, {"year": 2008, "price": 42300}, {"year": 2009, "price": 40000}, {"year": 2010, "price": 37700}, {"year": 2011, "price": 35500}, {"year": 2012, "price": 33600}, {"year": 2013, "price": 31900}, {"year": 2014, "price": 30600}, {"year": 2015, "price": 29900}, {"year": 2016, "price": 29400}, {"year": 2017, "price": 29200}, {"year": 2018, "price": 29000}, {"year": 2019, "price": 29000}, {"year": 2020, "price": 29000}, {"year": 2021, "price": 29000}, {"year": 2022, "price": 29000}, {"year": 2023, "price": 29000}, {"year": 2024, "price": 29100}, {"year": 2025, "price": 29200}]}}, {"type": "Feature", "geometry": {"type": "Point", "coordinates": [131.73746690000007, 34.07405111000003]}, "properties": {"id": "35215-000-022", "city": "周南", "address": "山口県　周南市福川３丁目６１５番２２", "residence_display": "福川３－９－３６", "area_m2": 164, "usage": "住宅", "price_2025": 36700, "change_rate": 0.0, "nearest_station": "福川", "station_distance_m": 280, "road_width_m": 4.6, "building_coverage": 60, "floor_area_ratio": 200, "surroundings": "中小規模一般住宅が建ち並ぶ既存の住宅地域", "history": [{"year": 2025, "price": 36700}]}}, {"type": "Feature", "geometry": {"type": "Point", "coordinates": [131.70418310000002, 34.069925]}, "properties": {"id": "35215-000-023", "city": "周南", "address": "山口県　周南市大字夜市字中村３５１６番４", "residence_display": "_", "area_m2": 231, "usage": "住宅", "price_2025": 17600, "change_rate": -1.1, "nearest_station": "戸田", "station_distance_m": 450, "road_width_m": 5.0, "building_coverage": 60, "floor_area_ratio": 100, "surroundings": "一般住宅、農家住宅等が混在する郊外の住宅地域", "history": [{"year": 2001, "price": 39500}, {"year": 2002, "price": 39000}, {"year": 2003, "price": 38300}, {"year": 2004, "price": 37200}, {"year": 2005, "price": 36000}, {"year": 2006, "price": 34900}, {"year": 2007, "price": 33900}, {"year": 2008, "price": 32200}, {"year": 2009, "price": 30600}, {"year": 2010, "price": 28600}, {"year": 2011, "price": 26600}, {"year": 2012, "price": 24600}, {"year": 2013, "price": 22800}, {"year": 2014, "price": 21500}, {"year": 2015, "price": 20500}, {"year": 2016, "price": 19900}, {"year": 2017, "price": 19600}, {"year": 2018, "price": 19300}, {"year": 2019, "price": 19000}, {"year": 2020, "price": 18700}, {"year": 2021, "price": 18400}, {"year": 2022, "price": 18200}, {"year": 2023, "price": 18000}, {"year": 2024, "price": 17800}, {"year": 2025, "price": 17600}]}}, {"type": "Feature", "geometry": {"type": "Point", "coordinates": [131.80049110000004, 34.094191110000054]}, "properties": {"id": "35215-000-024", "city": "周南", "address": "山口県　周南市大字上村字別所２０８８番４外", "residence_display": "_", "area_m2": 283, "usage": "住宅", "price_2025": 17000, "change_rate": -1.7, "nearest_station": "新南陽", "station_distance_m": 4800, "road_width_m": 6.0, "building_coverage": 70, "floor_area_ratio": 200, "surroundings": "農家住宅が散在する既成住宅地域", "history": [{"year": 1983, "price": 25000}, {"year": 1984, "price": 25500}, {"year": 1985, "price": 26000}, {"year": 1986, "price": 26400}, {"year": 1987, "price": 26600}, {"year": 1988, "price": 26900}, {"year": 1989, "price": 27300}, {"year": 1990, "price": 27800}, {"year": 1991, "price": 28700}, {"year": 1992, "price": 29800}, {"year": 1993, "price": 30200}, {"year": 1994, "price": 30200}, {"year": 1995, "price": 30200}, {"year": 1996, "price": 30200}, {"year": 1997, "price": 30200}, {"year": 1998, "price": 30200}, {"year": 1999, "price": 30200}, {"year": 2000, "price": 30200}, {"year": 2001, "price": 30000}, {"year": 2002, "price": 29700}, {"year": 2003, "price": 29200}, {"year": 2004, "price": 28600}, {"year": 2005, "price": 28000}, {"year": 2006, "price": 27500}, {"year": 2007, "price": 27100}, {"year": 2008, "price": 26600}, {"year": 2009, "price": 25800}, {"year": 2010, "price": 24700}, {"year": 2011, "price": 23600}, {"year": 2012, "price": 22400}, {"year": 2013, "price": 21300}, {"year": 2014, "price": 20500}, {"year": 2015, "price": 20000}, {"year": 2016, "price": 19700}, {"year": 2017, "price": 19400}, {"year": 2018, "price": 19100}, {"year": 2019, "price": 18800}, {"year": 2020, "price": 18500}, {"year": 2021, "price": 18200}, {"year": 2022, "price": 17900}, {"year": 2023, "price": 17600}, {"year": 2024, "price": 17300}, {"year": 2025, "price": 17000}]}}, {"type": "Feature", "geometry": {"type": "Point", "coordinates": [131.674105, 34.089556110000046]}, "properties": {"id": "35215-000-025", "city": "周南", "address": "山口県　周南市大字湯野字下中４６４４番３外", "residence_display": "_", "area_m2": 362, "usage": "住宅", "price_2025": 14000, "change_rate": -2.1, "nearest_station": "戸田", "station_distance_m": 4300, "road_width_m": 7.0, "building_coverage": 70, "floor_area_ratio": 200, "surroundings": "中規模一般住宅が建ち並ぶ住宅地域", "history": [{"year": 1983, "price": 22000}, {"year": 1984, "price": 22500}, {"year": 1985, "price": 23000}, {"year": 1986, "price": 23400}, {"year": 1987, "price": 23700}, {"year": 1988, "price": 24000}, {"year": 1989, "price": 24300}, {"year": 1990, "price": 24700}, {"year": 1991, "price": 25500}, {"year": 1992, "price": 26300}, {"year": 1993, "price": 26800}, {"year": 1994, "price": 27000}, {"year": 1995, "price": 27000}, {"year": 1996, "price": 27000}, {"year": 1997, "price": 27100}, {"year": 1998, "price": 27600}, {"year": 1999, "price": 27600}, {"year": 2000, "price": 27600}, {"year": 2001, "price": 27600}, {"year": 2002, "price": 27300}, {"year": 2003, "price": 27000}, {"year": 2004, "price": 26300}, {"year": 2005, "price": 25500}, {"year": 2006, "price": 25000}, {"year": 2007, "price": 24500}, {"year": 2008, "price": 24000}, {"year": 2009, "price": 23000}, {"year": 2010, "price": 22000}, {"year": 2011, "price": 21000}, {"year": 2012, "price": 19800}, {"year": 2013, "price": 18700}, {"year": 2014, "price": 17800}, {"year": 2015, "price": 17200}, {"year": 2016, "price": 16700}, {"year": 2017, "price": 16400}, {"year": 2018, "price": 16100}, {"year": 2019, "price": 15800}, {"year": 2020, "price": 15500}, {"year": 2021, "price": 15200}, {"year": 2022, "price": 14900}, {"year": 2023, "price": 14600}, {"year": 2024, "price": 14300}, {"year": 2025, "price": 14000}]}}, {"type": "Feature", "geometry": {"type": "Point", "coordinates": [131.85177190000002, 34.04768111000004]}, "properties": {"id": "35215-000-026", "city": "周南", "address": "山口県　周南市大字久米字久保１６７８番", "residence_display": "_", "area_m2": 429, "usage": "住宅", "price_2025": 19200, "change_rate": -0.5, "nearest_station": "櫛ケ浜", "station_distance_m": 3400, "road_width_m": 3.0, "building_coverage": 70, "floor_area_ratio": 200, "surroundings": "農家住宅、一般住宅等が散在する郊外の住宅地域", "history": [{"year": 2014, "price": 21300}, {"year": 2015, "price": 20700}, {"year": 2016, "price": 20300}, {"year": 2017, "price": 20100}, {"year": 2018, "price": 19900}, {"year": 2019, "price": 19800}, {"year": 2020, "price": 19700}, {"year": 2021, "price": 19600}, {"year": 2022, "price": 19500}, {"year": 2023, "price": 19400}, {"year": 2024, "price": 19300}, {"year": 2025, "price": 19200}]}}, {"type": "Feature", "geometry": {"type": "Point", "coordinates": [131.78039080000008, 34.07180250000005]}, "properties": {"id": "35215-000-027", "city": "周南", "address": "山口県　周南市川崎２丁目２８６番４", "residence_display": "川崎２－１２－１２", "area_m2": 152, "usage": "住宅", "price_2025": 38600, "change_rate": 1.0, "nearest_station": "新南陽", "station_distance_m": 1400, "road_width_m": 5.0, "building_coverage": 60, "floor_area_ratio": 200, "surroundings": "中規模一般住宅が多い既成の住宅地域", "history": [{"year": 2016, "price": 39500}, {"year": 2017, "price": 38800}, {"year": 2018, "price": 38400}, {"year": 2019, "price": 38200}, {"year": 2020, "price": 38100}, {"year": 2021, "price": 38000}, {"year": 2022, "price": 38000}, {"year": 2023, "price": 38100}, {"year": 2024, "price": 38200}, {"year": 2025, "price": 38600}]}}, {"type": "Feature", "geometry": {"type": "Point", "coordinates": [131.7810489000001, 34.091578060000074]}, "properties": {"id": "35215-003-001", "city": "周南", "address": "山口県　周南市大字下上字岩屋２１９２番", "residence_display": "_", "area_m2": 538, "usage": "農地", "price_2025": 7490, "change_rate": 0.0, "nearest_station": "新南陽", "station_distance_m": 3000, "road_width_m": 1.0, "building_coverage": 60, "floor_area_ratio": 200, "surroundings": "周辺には一般住宅団地が見られる宅地見込地域", "history": [{"year": 2022, "price": 7500}, {"year": 2023, "price": 7490}, {"year": 2024, "price": 7490}, {"year": 2025, "price": 7490}]}}, {"type": "Feature", "geometry": {"type": "Point", "coordinates": [131.8047789000001, 34.05218528000006]}, "properties": {"id": "35215-005-001", "city": "周南", "address": "山口県　周南市御幸通２丁目１５番", "residence_display": "_", "area_m2": 743, "usage": "商業地", "price_2025": 145000, "change_rate": 4.3, "nearest_station": "徳山", "station_distance_m": 180, "road_width_m": 50.0, "building_coverage": 80, "floor_area_ratio": 600, "surroundings": "銀行、事務所等が建ち並ぶ駅前の商業地域", "history": [{"year": 2016, "price": 132000}, {"year": 2017, "price": 131000}, {"year": 2018, "price": 131000}, {"year": 2019, "price": 131000}, {"year": 2020, "price": 131000}, {"year": 2021, "price": 131000}, {"year": 2022, "price": 132000}, {"year": 2023, "price": 135000}, {"year": 2024, "price": 139000}, {"year": 2025, "price": 145000}]}}, {"type": "Feature", "geometry": {"type": "Point", "coordinates": [131.80818890000012, 34.05327889000006]}, "properties": {"id": "35215-005-002", "city": "周南", "address": "山口県　周南市桜馬場通１丁目１３番外", "residence_display": "_", "area_m2": 394, "usage": "商業地", "price_2025": 80100, "change_rate": 1.0, "nearest_station": "徳山", "station_distance_m": 650, "road_width_m": 36.0, "building_coverage": 80, "floor_area_ratio": 400, "surroundings": "事務所、店舗等が見られる県道沿いの商業地域", "history": [{"year": 2019, "price": 77600}, {"year": 2020, "price": 77600}, {"year": 2021, "price": 77600}, {"year": 2022, "price": 78000}, {"year": 2023, "price": 78600}, {"year": 2024, "price": 79300}, {"year": 2025, "price": 80100}]}}, {"type": "Feature", "geometry": {"type": "Point", "coordinates": [131.80096390000006, 34.055935]}, "properties": {"id": "35215-005-003", "city": "周南", "address": "山口県　周南市野上町１丁目２８番", "residence_display": "_", "area_m2": 140, "usage": "商業地", "price_2025": 55000, "change_rate": 2.0, "nearest_station": "徳山", "station_distance_m": 600, "road_width_m": 15.0, "building_coverage": 80, "floor_area_ratio": 400, "surroundings": "店舗、事務所等が建ち並ぶ既成商業地域", "history": [{"year": 1985, "price": 181000}, {"year": 1986, "price": 184000}, {"year": 1987, "price": 187000}, {"year": 1988, "price": 190000}, {"year": 1989, "price": 195000}, {"year": 1990, "price": 202000}, {"year": 1991, "price": 219000}, {"year": 1992, "price": 233000}, {"year": 1993, "price": 237000}, {"year": 1994, "price": 237000}, {"year": 1995, "price": 237000}, {"year": 1996, "price": 237000}, {"year": 1997, "price": 234000}, {"year": 1998, "price": 231000}, {"year": 1999, "price": 214000}, {"year": 2000, "price": 198000}, {"year": 2001, "price": 182000}, {"year": 2002, "price": 160000}, {"year": 2003, "price": 137000}, {"year": 2004, "price": 118000}, {"year": 2005, "price": 107000}, {"year": 2006, "price": 100000}, {"year": 2007, "price": 96000}, {"year": 2008, "price": 92100}, {"year": 2009, "price": 86500}, {"year": 2010, "price": 79600}, {"year": 2011, "price": 72900}, {"year": 2012, "price": 67800}, {"year": 2013, "price": 62300}, {"year": 2014, "price": 57900}, {"year": 2015, "price": 55700}, {"year": 2016, "price": 54600}, {"year": 2017, "price": 53800}, {"year": 2018, "price": 53200}, {"year": 2019, "price": 53100}, {"year": 2020, "price": 53100}, {"year": 2021, "price": 53100}, {"year": 2022, "price": 53200}, {"year": 2023, "price": 53400}, {"year": 2024, "price": 53900}, {"year": 2025, "price": 55000}]}}, {"type": "Feature", "geometry": {"type": "Point", "coordinates": [131.86218310000004, 34.116598890000034]}, "properties": {"id": "35215-005-004", "city": "周南", "address": "山口県　周南市大字須々万本郷字宮の前３０５番６", "residence_display": "_", "area_m2": 331, "usage": "商業地", "price_2025": 18400, "change_rate": -1.1, "nearest_station": "徳山", "station_distance_m": 11000, "road_width_m": 10.0, "building_coverage": 0, "floor_area_ratio": 0, "surroundings": "小売店舗、住宅等が混在する山間部の商業地域", "history": [{"year": 2006, "price": 34500}, {"year": 2007, "price": 33600}, {"year": 2008, "price": 33100}, {"year": 2009, "price": 32000}, {"year": 2010, "price": 29400}, {"year": 2011, "price": 27000}, {"year": 2012, "price": 25000}, {"year": 2013, "price": 23500}, {"year": 2014, "price": 22400}, {"year": 2015, "price": 21400}, {"year": 2016, "price": 20500}, {"year": 2017, "price": 20000}, {"year": 2018, "price": 19700}, {"year": 2019, "price": 19500}, {"year": 2020, "price": 19400}, {"year": 2021, "price": 19200}, {"year": 2022, "price": 19000}, {"year": 2023, "price": 18800}, {"year": 2024, "price": 18600}, {"year": 2025, "price": 18400}]}}, {"type": "Feature", "geometry": {"type": "Point", "coordinates": [131.80851110000003, 34.05174111000008]}, "properties": {"id": "35215-005-005", "city": "周南", "address": "山口県　周南市平和通１丁目１９番", "residence_display": "_", "area_m2": 248, "usage": "商業地", "price_2025": 115000, "change_rate": 2.7, "nearest_station": "徳山", "station_distance_m": 600, "road_width_m": 25.0, "building_coverage": 80, "floor_area_ratio": 600, "surroundings": "中低層建店舗、事務所ビル等が建ち並ぶ商業地域", "history": [{"year": 2009, "price": 165000}, {"year": 2010, "price": 154000}, {"year": 2011, "price": 144000}, {"year": 2012, "price": 135000}, {"year": 2013, "price": 127000}, {"year": 2014, "price": 120000}, {"year": 2015, "price": 116000}, {"year": 2016, "price": 114000}, {"year": 2017, "price": 113000}, {"year": 2018, "price": 112000}, {"year": 2019, "price": 112000}, {"year": 2020, "price": 112000}, {"year": 2021, "price": 111000}, {"year": 2022, "price": 110000}, {"year": 2023, "price": 110000}, {"year": 2024, "price": 112000}, {"year": 2025, "price": 115000}]}}, {"type": "Feature", "geometry": {"type": "Point", "coordinates": [131.8290231000001, 34.049318060000076]}, "properties": {"id": "35215-005-006", "city": "周南", "address": "山口県　周南市周陽１丁目１番５外", "residence_display": "周陽１－１－２５", "area_m2": 4291, "usage": "商業地", "price_2025": 75000, "change_rate": 1.9, "nearest_station": "徳山", "station_distance_m": 3600, "road_width_m": 32.0, "building_coverage": 80, "floor_area_ratio": 200, "surroundings": "店舗、共同住宅等が建ち並ぶ国道沿いの商業地域", "history": [{"year": 2016, "price": 73000}, {"year": 2017, "price": 73000}, {"year": 2018, "price": 73000}, {"year": 2019, "price": 73000}, {"year": 2020, "price": 73000}, {"year": 2021, "price": 72800}, {"year": 2022, "price": 72700}, {"year": 2023, "price": 72700}, {"year": 2024, "price": 73600}, {"year": 2025, "price": 75000}]}}, {"type": "Feature", "geometry": {"type": "Point", "coordinates": [131.802845, 34.05362]}, "properties": {"id": "35215-005-007", "city": "周南", "address": "山口県　周南市本町１丁目２０番", "residence_display": "_", "area_m2": 169, "usage": "商業地", "price_2025": 77000, "change_rate": 2.4, "nearest_station": "徳山", "station_distance_m": 300, "road_width_m": 20.0, "building_coverage": 80, "floor_area_ratio": 600, "surroundings": "事務所、小売店舗、ホテル等が建ち並ぶ商業地域", "history": [{"year": 2012, "price": 93000}, {"year": 2013, "price": 85600}, {"year": 2014, "price": 78400}, {"year": 2015, "price": 74700}, {"year": 2016, "price": 73100}, {"year": 2017, "price": 72300}, {"year": 2018, "price": 72200}, {"year": 2019, "price": 72200}, {"year": 2020, "price": 72200}, {"year": 2021, "price": 72200}, {"year": 2022, "price": 72400}, {"year": 2023, "price": 73600}, {"year": 2024, "price": 75200}, {"year": 2025, "price": 77000}]}}, {"type": "Feature", "geometry": {"type": "Point", "coordinates": [131.81066810000004, 34.04598389000006]}, "properties": {"id": "35215-005-008", "city": "周南", "address": "山口県　周南市速玉町２０９５番４", "residence_display": "速玉町４－１２", "area_m2": 140, "usage": "商業地", "price_2025": 61500, "change_rate": 2.0, "nearest_station": "徳山", "station_distance_m": 1000, "road_width_m": 20.0, "building_coverage": 80, "floor_area_ratio": 400, "surroundings": "店舗、営業所等が建ち並ぶ商業地域", "history": [{"year": 1994, "price": 250000}, {"year": 1995, "price": 245000}, {"year": 1996, "price": 240000}, {"year": 1997, "price": 235000}, {"year": 1998, "price": 228000}, {"year": 1999, "price": 220000}, {"year": 2000, "price": 212000}, {"year": 2001, "price": 200000}, {"year": 2002, "price": 175000}, {"year": 2003, "price": 145000}, {"year": 2004, "price": 125000}, {"year": 2005, "price": 111000}, {"year": 2006, "price": 105000}, {"year": 2007, "price": 99500}, {"year": 2008, "price": 96200}, {"year": 2009, "price": 90000}, {"year": 2010, "price": 83800}, {"year": 2011, "price": 77900}, {"year": 2012, "price": 72400}, {"year": 2013, "price": 66600}, {"year": 2014, "price": 61800}, {"year": 2015, "price": 59500}, {"year": 2016, "price": 58400}, {"year": 2017, "price": 58000}, {"year": 2018, "price": 57800}, {"year": 2019, "price": 57800}, {"year": 2020, "price": 57800}, {"year": 2021, "price": 57800}, {"year": 2022, "price": 58200}, {"year": 2023, "price": 59200}, {"year": 2024, "price": 60300}, {"year": 2025, "price": 61500}]}}, {"type": "Feature", "geometry": {"type": "Point", "coordinates": [131.80924190000007, 34.04897389000007]}, "properties": {"id": "35215-005-009", "city": "周南", "address": "山口県　周南市柳町１３番２外", "residence_display": "_", "area_m2": 138, "usage": "商業地", "price_2025": 52600, "change_rate": 1.0, "nearest_station": "徳山", "station_distance_m": 900, "road_width_m": 6.0, "building_coverage": 80, "floor_area_ratio": 400, "surroundings": "中小規模の飲食店舗等が建ち並ぶ既存の商業地域", "history": [{"year": 1995, "price": 230000}, {"year": 1996, "price": 225000}, {"year": 1997, "price": 220000}, {"year": 1998, "price": 216000}, {"year": 1999, "price": 203000}, {"year": 2000, "price": 186000}, {"year": 2001, "price": 169000}, {"year": 2002, "price": 149000}, {"year": 2003, "price": 130000}, {"year": 2004, "price": 116000}, {"year": 2005, "price": 105000}, {"year": 2006, "price": 100000}, {"year": 2007, "price": 96200}, {"year": 2008, "price": 92500}, {"year": 2009, "price": 86700}, {"year": 2010, "price": 79700}, {"year": 2011, "price": 73100}, {"year": 2012, "price": 66900}, {"year": 2013, "price": 60400}, {"year": 2014, "price": 55500}, {"year": 2015, "price": 53300}, {"year": 2016, "price": 52100}, {"year": 2017, "price": 51400}, {"year": 2018, "price": 51200}, {"year": 2019, "price": 51200}, {"year": 2020, "price": 51200}, {"year": 2021, "price": 51100}, {"year": 2022, "price": 51200}, {"year": 2023, "price": 51600}, {"year": 2024, "price": 52100}, {"year": 2025, "price": 52600}]}}, {"type": "Feature", "geometry": {"type": "Point", "coordinates": [131.769785, 34.072068890000025]}, "properties": {"id": "35215-005-010", "city": "周南", "address": "山口県　周南市政所２丁目１４３１番１", "residence_display": "政所２－３－５", "area_m2": 396, "usage": "商業地", "price_2025": 82000, "change_rate": 0.6, "nearest_station": "新南陽", "station_distance_m": 270, "road_width_m": 16.0, "building_coverage": 80, "floor_area_ratio": 400, "surroundings": "中低層の店舗、事務所等が建ち並ぶ商業地域", "history": [{"year": 1983, "price": 213000}, {"year": 1984, "price": 218000}, {"year": 1985, "price": 221000}, {"year": 1986, "price": 224000}, {"year": 1987, "price": 227000}, {"year": 1988, "price": 232000}, {"year": 1989, "price": 237000}, {"year": 1990, "price": 243000}, {"year": 1991, "price": 273000}, {"year": 1992, "price": 282000}, {"year": 1993, "price": 290000}, {"year": 1994, "price": 295000}, {"year": 1995, "price": 295000}, {"year": 1996, "price": 290000}, {"year": 1997, "price": 285000}, {"year": 1998, "price": 280000}, {"year": 1999, "price": 272000}, {"year": 2000, "price": 257000}, {"year": 2001, "price": 242000}, {"year": 2002, "price": 225000}, {"year": 2003, "price": 200000}, {"year": 2004, "price": 173000}, {"year": 2005, "price": 155000}, {"year": 2006, "price": 144000}, {"year": 2007, "price": 136000}, {"year": 2008, "price": 131000}, {"year": 2009, "price": 122000}, {"year": 2010, "price": 113000}, {"year": 2011, "price": 105000}, {"year": 2012, "price": 98200}, {"year": 2013, "price": 92200}, {"year": 2014, "price": 87700}, {"year": 2015, "price": 84500}, {"year": 2016, "price": 82800}, {"year": 2017, "price": 81600}, {"year": 2018, "price": 80900}, {"year": 2019, "price": 80600}, {"year": 2020, "price": 80600}, {"year": 2021, "price": 80600}, {"year": 2022, "price": 80600}, {"year": 2023, "price": 81000}, {"year": 2024, "price": 81500}, {"year": 2025, "price": 82000}]}}, {"type": "Feature", "geometry": {"type": "Point", "coordinates": [131.7658739000001, 34.06695694000007]}, "properties": {"id": "35215-005-011", "city": "周南", "address": "山口県　周南市古泉１丁目１０７３番４", "residence_display": "_", "area_m2": 661, "usage": "商業地", "price_2025": 34800, "change_rate": 0.6, "nearest_station": "新南陽", "station_distance_m": 800, "road_width_m": 16.0, "building_coverage": 60, "floor_area_ratio": 200, "surroundings": "事業所、店舗、住宅等が混在する県道沿いの地域", "history": [{"year": 1983, "price": 60200}, {"year": 1984, "price": 62300}, {"year": 1985, "price": 64000}, {"year": 1986, "price": 65300}, {"year": 1987, "price": 66200}, {"year": 1988, "price": 67200}, {"year": 1989, "price": 68300}, {"year": 1990, "price": 69500}, {"year": 1991, "price": 72000}, {"year": 1992, "price": 73900}, {"year": 1993, "price": 74600}, {"year": 1994, "price": 75000}, {"year": 1995, "price": 75000}, {"year": 1996, "price": 75000}, {"year": 1997, "price": 75000}, {"year": 1998, "price": 75700}, {"year": 1999, "price": 75000}, {"year": 2000, "price": 74000}, {"year": 2001, "price": 73000}, {"year": 2002, "price": 71600}, {"year": 2003, "price": 69300}, {"year": 2004, "price": 66200}, {"year": 2005, "price": 62800}, {"year": 2006, "price": 59400}, {"year": 2007, "price": 56300}, {"year": 2008, "price": 54300}, {"year": 2009, "price": 51100}, {"year": 2010, "price": 47000}, {"year": 2011, "price": 43300}, {"year": 2012, "price": 40300}, {"year": 2013, "price": 38200}, {"year": 2014, "price": 36900}, {"year": 2015, "price": 35800}, {"year": 2016, "price": 35200}, {"year": 2017, "price": 34800}, {"year": 2018, "price": 34500}, {"year": 2019, "price": 34300}, {"year": 2020, "price": 34300}, {"year": 2021, "price": 34300}, {"year": 2022, "price": 34300}, {"year": 2023, "price": 34400}, {"year": 2024, "price": 34600}, {"year": 2025, "price": 34800}]}}, {"type": "Feature", "geometry": {"type": "Point", "coordinates": [131.83090110000012, 34.03605389000006]}, "properties": {"id": "35215-005-012", "city": "周南", "address": "山口県　周南市五月町７３番１", "residence_display": "五月町１０－５２", "area_m2": 540, "usage": "商業地", "price_2025": 51200, "change_rate": 0.8, "nearest_station": "櫛ケ浜", "station_distance_m": 1200, "road_width_m": 24.0, "building_coverage": 60, "floor_area_ratio": 200, "surroundings": "低層店舗、事務所の多い県道沿いの路線商業地域", "history": [{"year": 2003, "price": 92000}, {"year": 2004, "price": 80000}, {"year": 2005, "price": 73000}, {"year": 2006, "price": 70000}, {"year": 2007, "price": 68600}, {"year": 2008, "price": 67200}, {"year": 2009, "price": 64500}, {"year": 2010, "price": 61300}, {"year": 2011, "price": 58400}, {"year": 2012, "price": 56000}, {"year": 2013, "price": 54100}, {"year": 2014, "price": 52500}, {"year": 2015, "price": 51500}, {"year": 2016, "price": 50900}, {"year": 2017, "price": 50600}, {"year": 2018, "price": 50500}, {"year": 2019, "price": 50500}, {"year": 2020, "price": 50500}, {"year": 2021, "price": 50400}, {"year": 2022, "price": 50400}, {"year": 2023, "price": 50500}, {"year": 2024, "price": 50800}, {"year": 2025, "price": 51200}]}}, {"type": "Feature", "geometry": {"type": "Point", "coordinates": [131.96521810000002, 34.04964667000007]}, "properties": {"id": "35215-005-013", "city": "周南", "address": "山口県　周南市大字呼坂字西町６２６番１", "residence_display": "_", "area_m2": 579, "usage": "商業地", "price_2025": 15900, "change_rate": -1.2, "nearest_station": "高水", "station_distance_m": 1000, "road_width_m": 6.0, "building_coverage": 80, "floor_area_ratio": 300, "surroundings": "小売店舗、一般住宅等が混在する既成商業地域", "history": [{"year": 2016, "price": 18500}, {"year": 2017, "price": 18200}, {"year": 2018, "price": 17900}, {"year": 2019, "price": 17600}, {"year": 2020, "price": 17300}, {"year": 2021, "price": 17000}, {"year": 2022, "price": 16700}, {"year": 2023, "price": 16400}, {"year": 2024, "price": 16100}, {"year": 2025, "price": 15900}]}}, {"type": "Feature", "geometry": {"type": "Point", "coordinates": [131.79317390000006, 34.04110111000006]}, "properties": {"id": "35215-009-001", "city": "周南", "address": "山口県　周南市晴海町７番２２内", "residence_display": "_", "area_m2": 8874, "usage": "調整区域内宅地", "price_2025": 18300, "change_rate": 2.2, "nearest_station": "徳山", "station_distance_m": 1800, "road_width_m": 20.0, "building_coverage": 60, "floor_area_ratio": 200, "surroundings": "大中規模工場が建ち並ぶ臨海型の工業地域", "history": [{"year": 1993, "price": 40000}, {"year": 1994, "price": 40000}, {"year": 1995, "price": 40000}, {"year": 1996, "price": 40000}, {"year": 1997, "price": 40000}, {"year": 1998, "price": 40000}, {"year": 1999, "price": 40000}, {"year": 2000, "price": 39600}, {"year": 2001, "price": 39100}, {"year": 2002, "price": 38400}, {"year": 2003, "price": 37000}, {"year": 2004, "price": 35500}, {"year": 2005, "price": 34000}, {"year": 2006, "price": 33000}, {"year": 2007, "price": 32000}, {"year": 2008, "price": 31300}, {"year": 2009, "price": 30100}, {"year": 2010, "price": 28800}, {"year": 2011, "price": 27300}, {"year": 2012, "price": 25600}, {"year": 2013, "price": 23800}, {"year": 2014, "price": 22200}, {"year": 2015, "price": 20900}, {"year": 2016, "price": 20100}, {"year": 2017, "price": 19500}, {"year": 2018, "price": 19100}, {"year": 2019, "price": 18700}, {"year": 2020, "price": 18400}, {"year": 2021, "price": 18100}, {"year": 2022, "price": 17900}, {"year": 2023, "price": 17800}, {"year": 2024, "price": 17900}, {"year": 2025, "price": 18300}]}}, {"type": "Feature", "geometry": {"type": "Point", "coordinates": [131.8113389, 34.01271194000003]}, "properties": {"id": "35215-009-002", "city": "周南", "address": "山口県　周南市大字栗屋字奈切５０番５", "residence_display": "_", "area_m2": 6797, "usage": "調整区域内宅地", "price_2025": 15800, "change_rate": -0.6, "nearest_station": "櫛ケ浜", "station_distance_m": 3800, "road_width_m": 10.0, "building_coverage": 60, "floor_area_ratio": 200, "surroundings": "中小規模工場が建ち並ぶ工業団地", "history": [{"year": 1993, "price": 38000}, {"year": 1994, "price": 38000}, {"year": 1995, "price": 38000}, {"year": 1996, "price": 38000}, {"year": 1997, "price": 38000}, {"year": 1998, "price": 38000}, {"year": 1999, "price": 38000}, {"year": 2000, "price": 38000}, {"year": 2001, "price": 37500}, {"year": 2002, "price": 36500}, {"year": 2003, "price": 35000}, {"year": 2004, "price": 32800}, {"year": 2005, "price": 30600}, {"year": 2006, "price": 28700}, {"year": 2007, "price": 27400}, {"year": 2008, "price": 26400}, {"year": 2009, "price": 25000}, {"year": 2010, "price": 23500}, {"year": 2011, "price": 22000}, {"year": 2012, "price": 20600}, {"year": 2013, "price": 19400}, {"year": 2014, "price": 18500}, {"year": 2015, "price": 17800}, {"year": 2016, "price": 17300}, {"year": 2017, "price": 16900}, {"year": 2018, "price": 16600}, {"year": 2019, "price": 16400}, {"year": 2020, "price": 16300}, {"year": 2021, "price": 16200}, {"year": 2022, "price": 16100}, {"year": 2023, "price": 16000}, {"year": 2024, "price": 15900}, {"year": 2025, "price": 15800}]}}, {"type": "Feature", "geometry": {"type": "Point", "coordinates": [131.74118, 34.066458890000035]}, "properties": {"id": "35215-009-003", "city": "周南", "address": "山口県　周南市福川南町２５９２番１５外", "residence_display": "福川南町１－２１", "area_m2": 16382, "usage": "調整区域内宅地", "price_2025": 16200, "change_rate": 1.3, "nearest_station": "福川", "station_distance_m": 1000, "road_width_m": 9.5, "building_coverage": 60, "floor_area_ratio": 200, "surroundings": "中規模の工場等が建ち並ぶ臨海工業地域", "history": [{"year": 2021, "price": 15800}, {"year": 2022, "price": 15800}, {"year": 2023, "price": 15900}, {"year": 2024, "price": 16000}, {"year": 2025, "price": 16200}]}}, {"type": "Feature", "geometry": {"type": "Point", "coordinates": [131.788405, 34.06486389000003]}, "properties": {"id": "35215-009-004", "city": "周南", "address": "山口県　周南市江口３丁目８２３１番４外", "residence_display": "江口３－１－８", "area_m2": 4188, "usage": "調整区域内宅地", "price_2025": 21000, "change_rate": 0.0, "nearest_station": "徳山", "station_distance_m": 2600, "road_width_m": 10.0, "building_coverage": 60, "floor_area_ratio": 200, "surroundings": "大中規模工場が建ち並ぶ徳山港に近い工業地域", "history": [{"year": 1995, "price": 49000}, {"year": 1996, "price": 49000}, {"year": 1997, "price": 49000}, {"year": 1998, "price": 49000}, {"year": 1999, "price": 49000}, {"year": 2000, "price": 49000}, {"year": 2001, "price": 48500}, {"year": 2002, "price": 47700}, {"year": 2003, "price": 45600}, {"year": 2004, "price": 43200}, {"year": 2005, "price": 40500}, {"year": 2006, "price": 39000}, {"year": 2007, "price": 37600}, {"year": 2008, "price": 36400}, {"year": 2009, "price": 34600}, {"year": 2010, "price": 32600}, {"year": 2011, "price": 30600}, {"year": 2012, "price": 28800}, {"year": 2013, "price": 27100}, {"year": 2014, "price": 25700}, {"year": 2015, "price": 24600}, {"year": 2016, "price": 23700}, {"year": 2017, "price": 23000}, {"year": 2018, "price": 22500}, {"year": 2019, "price": 22100}, {"year": 2020, "price": 21800}, {"year": 2021, "price": 21500}, {"year": 2022, "price": 21300}, {"year": 2023, "price": 21100}, {"year": 2024, "price": 21000}, {"year": 2025, "price": 21000}]}}, {"type": "Feature", "geometry": {"type": "Point", "coordinates": [131.82072890000006, 34.02105889000006]}, "properties": {"id": "35215-009-005", "city": "周南", "address": "山口県　周南市鼓海２丁目１１８番５９", "residence_display": "_", "area_m2": 2020, "usage": "調整区域内宅地", "price_2025": 24100, "change_rate": 0.4, "nearest_station": "櫛ケ浜", "station_distance_m": 1900, "road_width_m": 16.0, "building_coverage": 60, "floor_area_ratio": 200, "surroundings": "事務所、工場、倉庫等が建ち並ぶ地域", "history": [{"year": 1995, "price": 54800}, {"year": 1996, "price": 54800}, {"year": 1997, "price": 54800}, {"year": 1998, "price": 54800}, {"year": 1999, "price": 54800}, {"year": 2000, "price": 54800}, {"year": 2001, "price": 54100}, {"year": 2002, "price": 51400}, {"year": 2003, "price": 47800}, {"year": 2004, "price": 45000}, {"year": 2005, "price": 42100}, {"year": 2006, "price": 40200}, {"year": 2007, "price": 38700}, {"year": 2008, "price": 37300}, {"year": 2009, "price": 35600}, {"year": 2010, "price": 33600}, {"year": 2011, "price": 31500}, {"year": 2012, "price": 29700}, {"year": 2013, "price": 28200}, {"year": 2014, "price": 27000}, {"year": 2015, "price": 26100}, {"year": 2016, "price": 25400}, {"year": 2017, "price": 24900}, {"year": 2018, "price": 24500}, {"year": 2019, "price": 24200}, {"year": 2020, "price": 24100}, {"year": 2021, "price": 24000}, {"year": 2022, "price": 23900}, {"year": 2023, "price": 23900}, {"year": 2024, "price": 24000}, {"year": 2025, "price": 24100}]}}, {"type": "Feature", "geometry": {"type": "Point", "coordinates": [131.1787819000001, 33.970206940000025]}, "properties": {"id": "35216-000-001", "city": "山陽小野田", "address": "山口県　山陽小野田市須恵２丁目５７１５番１４", "residence_display": "須恵２－１３－３", "area_m2": 231, "usage": "住宅", "price_2025": 23300, "change_rate": 0.4, "nearest_station": "小野田港", "station_distance_m": 500, "road_width_m": 5.0, "building_coverage": 60, "floor_area_ratio": 200, "surroundings": "中規模一般住宅が多い区画整然とした住宅地域", "history": [{"year": 1993, "price": 32000}, {"year": 1994, "price": 32500}, {"year": 1995, "price": 34000}, {"year": 1996, "price": 34900}, {"year": 1997, "price": 35500}, {"year": 1998, "price": 35900}, {"year": 1999, "price": 36300}, {"year": 2000, "price": 36300}, {"year": 2001, "price": 36300}, {"year": 2002, "price": 36200}, {"year": 2003, "price": 35800}, {"year": 2004, "price": 34600}, {"year": 2005, "price": 33500}, {"year": 2006, "price": 32600}, {"year": 2007, "price": 31900}, {"year": 2008, "price": 31200}, {"year": 2009, "price": 30200}, {"year": 2010, "price": 28100}, {"year": 2011, "price": 26500}, {"year": 2012, "price": 25300}, {"year": 2013, "price": 24400}, {"year": 2014, "price": 23800}, {"year": 2015, "price": 23300}, {"year": 2016, "price": 22900}, {"year": 2017, "price": 22700}, {"year": 2018, "price": 22600}, {"year": 2019, "price": 22700}, {"year": 2020, "price": 22900}, {"year": 2021, "price": 22900}, {"year": 2022, "price": 23000}, {"year": 2023, "price": 23100}, {"year": 2024, "price": 23200}, {"year": 2025, "price": 23300}]}}, {"type": "Feature", "geometry": {"type": "Point", "coordinates": [131.17905610000003, 34.017303060000074]}, "properties": {"id": "35216-000-002", "city": "山陽小野田", "address": "山口県　山陽小野田市柿の木坂２丁目４８６番８", "residence_display": "柿の木坂２－２１－４", "area_m2": 199, "usage": "住宅", "price_2025": 23200, "change_rate": 1.3, "nearest_station": "小野田", "station_distance_m": 1900, "road_width_m": 5.0, "building_coverage": 50, "floor_area_ratio": 80, "surroundings": "中規模一般住宅が建ち並ぶ高台の住宅地域", "history": [{"year": 1996, "price": 34100}, {"year": 1997, "price": 34300}, {"year": 1998, "price": 34500}, {"year": 1999, "price": 34700}, {"year": 2000, "price": 34900}, {"year": 2001, "price": 34900}, {"year": 2002, "price": 34700}, {"year": 2003, "price": 34100}, {"year": 2004, "price": 32700}, {"year": 2005, "price": 31300}, {"year": 2006, "price": 30200}, {"year": 2007, "price": 29900}, {"year": 2008, "price": 29400}, {"year": 2009, "price": 28500}, {"year": 2010, "price": 26400}, {"year": 2011, "price": 24900}, {"year": 2012, "price": 23800}, {"year": 2013, "price": 23000}, {"year": 2014, "price": 22500}, {"year": 2015, "price": 22100}, {"year": 2016, "price": 21900}, {"year": 2017, "price": 21800}, {"year": 2018, "price": 21700}, {"year": 2019, "price": 21800}, {"year": 2020, "price": 22000}, {"year": 2021, "price": 22200}, {"year": 2022, "price": 22400}, {"year": 2023, "price": 22600}, {"year": 2024, "price": 22900}, {"year": 2025, "price": 23200}]}}, {"type": "Feature", "geometry": {"type": "Point", "coordinates": [131.1750019000001, 33.98492806000007]}, "properties": {"id": "35216-000-003", "city": "山陽小野田", "address": "山口県　山陽小野田市高栄１丁目６６０２番７", "residence_display": "高栄１－７－２６", "area_m2": 339, "usage": "住宅", "price_2025": 35500, "change_rate": 1.1, "nearest_station": "南中川", "station_distance_m": 550, "road_width_m": 6.0, "building_coverage": 60, "floor_area_ratio": 200, "surroundings": "大型ＳＣに近い一般住宅が建ち並ぶ住宅地域", "history": [{"year": 1995, "price": 55000}, {"year": 1996, "price": 55200}, {"year": 1997, "price": 55800}, {"year": 1998, "price": 56400}, {"year": 1999, "price": 57000}, {"year": 2000, "price": 57000}, {"year": 2001, "price": 57000}, {"year": 2002, "price": 56600}, {"year": 2003, "price": 55000}, {"year": 2004, "price": 52500}, {"year": 2005, "price": 50000}, {"year": 2006, "price": 48100}, {"year": 2007, "price": 46800}, {"year": 2008, "price": 45800}, {"year": 2009, "price": 44200}, {"year": 2010, "price": 41000}, {"year": 2011, "price": 38700}, {"year": 2012, "price": 37200}, {"year": 2013, "price": 35900}, {"year": 2014, "price": 35000}, {"year": 2015, "price": 34500}, {"year": 2016, "price": 34100}, {"year": 2017, "price": 34000}, {"year": 2018, "price": 33900}, {"year": 2019, "price": 34100}, {"year": 2020, "price": 34300}, {"year": 2021, "price": 34400}, {"year": 2022, "price": 34600}, {"year": 2023, "price": 34800}, {"year": 2024, "price": 35100}, {"year": 2025, "price": 35500}]}}, {"type": "Feature", "geometry": {"type": "Point", "coordinates": [131.0779331000001, 34.04331806000005]}, "properties": {"id": "35216-000-004", "city": "山陽小野田", "address": "山口県　山陽小野田市大字埴生字糸根２０７８番１８", "residence_display": "_", "area_m2": 193, "usage": "住宅", "price_2025": 17900, "change_rate": -0.6, "nearest_station": "埴生", "station_distance_m": 1400, "road_width_m": 6.0, "building_coverage": 60, "floor_area_ratio": 200, "surroundings": "中規模住宅が建ち並ぶ区画整理済の住宅地域", "history": [{"year": 1994, "price": 28000}, {"year": 1995, "price": 28900}, {"year": 1996, "price": 29800}, {"year": 1997, "price": 30500}, {"year": 1998, "price": 31000}, {"year": 1999, "price": 31500}, {"year": 2000, "price": 31900}, {"year": 2001, "price": 32000}, {"year": 2002, "price": 31800}, {"year": 2003, "price": 31100}, {"year": 2004, "price": 29700}, {"year": 2005, "price": 28600}, {"year": 2006, "price": 27900}, {"year": 2007, "price": 27200}, {"year": 2008, "price": 26600}, {"year": 2009, "price": 25900}, {"year": 2010, "price": 24300}, {"year": 2011, "price": 22900}, {"year": 2012, "price": 21800}, {"year": 2013, "price": 20900}, {"year": 2014, "price": 20300}, {"year": 2015, "price": 19900}, {"year": 2016, "price": 19600}, {"year": 2017, "price": 19300}, {"year": 2018, "price": 19100}, {"year": 2019, "price": 18900}, {"year": 2020, "price": 18700}, {"year": 2021, "price": 18500}, {"year": 2022, "price": 18300}, {"year": 2023, "price": 18100}, {"year": 2024, "price": 18000}, {"year": 2025, "price": 17900}]}}, {"type": "Feature", "geometry": {"type": "Point", "coordinates": [131.17886110000006, 34.00440194000004]}, "properties": {"id": "35216-005-001", "city": "山陽小野田", "address": "山口県　山陽小野田市日の出２丁目１６６０番２", "residence_display": "日の出２－７－１５", "area_m2": 2039, "usage": "商業地", "price_2025": 47400, "change_rate": 1.1, "nearest_station": "小野田", "station_distance_m": 1000, "road_width_m": 26.0, "building_coverage": 60, "floor_area_ratio": 200, "surroundings": "大規模店舗等が建ち並ぶ国道沿いの路線商業地域", "history": [{"year": 2013, "price": 53500}, {"year": 2014, "price": 50800}, {"year": 2015, "price": 48900}, {"year": 2016, "price": 47600}, {"year": 2017, "price": 47000}, {"year": 2018, "price": 46700}, {"year": 2019, "price": 46600}, {"year": 2020, "price": 46600}, {"year": 2021, "price": 46400}, {"year": 2022, "price": 46400}, {"year": 2023, "price": 46600}, {"year": 2024, "price": 46900}, {"year": 2025, "price": 47400}]}}, {"type": "Feature", "geometry": {"type": "Point", "coordinates": [131.16087890000006, 34.05490806000006]}, "properties": {"id": "35216-005-002", "city": "山陽小野田", "address": "山口県　山陽小野田市大字厚狭字沖田１２番４５外", "residence_display": "_", "area_m2": 143, "usage": "商業地", "price_2025": 27800, "change_rate": -0.7, "nearest_station": "厚狭", "station_distance_m": 80, "road_width_m": 20.0, "building_coverage": 80, "floor_area_ratio": 400, "surroundings": "低層の店舗併用住宅や店舗が建ち並ぶ商業地域", "history": [{"year": 2002, "price": 98500}, {"year": 2003, "price": 86600}, {"year": 2004, "price": 74500}, {"year": 2005, "price": 65500}, {"year": 2006, "price": 60000}, {"year": 2007, "price": 57000}, {"year": 2008, "price": 54600}, {"year": 2009, "price": 51800}, {"year": 2010, "price": 48000}, {"year": 2011, "price": 43200}, {"year": 2012, "price": 39700}, {"year": 2013, "price": 36700}, {"year": 2014, "price": 34700}, {"year": 2015, "price": 33200}, {"year": 2016, "price": 32100}, {"year": 2017, "price": 31300}, {"year": 2018, "price": 30700}, {"year": 2019, "price": 30200}, {"year": 2020, "price": 29800}, {"year": 2021, "price": 29300}, {"year": 2022, "price": 28800}, {"year": 2023, "price": 28300}, {"year": 2024, "price": 28000}, {"year": 2025, "price": 27800}]}}, {"type": "Feature", "geometry": {"type": "Point", "coordinates": [131.17344690000004, 33.98406722000004]}, "properties": {"id": "35216-005-003", "city": "山陽小野田", "address": "山口県　山陽小野田市高栄１丁目６５５１番３", "residence_display": "高栄１－１１－２３", "area_m2": 995, "usage": "商業地", "price_2025": 36600, "change_rate": 0.3, "nearest_station": "南中川", "station_distance_m": 800, "road_width_m": 16.0, "building_coverage": 60, "floor_area_ratio": 200, "surroundings": "大型ＳＣ周辺の低層店舗を主とする商業地域", "history": [{"year": 2016, "price": 37000}, {"year": 2017, "price": 36700}, {"year": 2018, "price": 36500}, {"year": 2019, "price": 36500}, {"year": 2020, "price": 36500}, {"year": 2021, "price": 36400}, {"year": 2022, "price": 36400}, {"year": 2023, "price": 36400}, {"year": 2024, "price": 36500}, {"year": 2025, "price": 36600}]}}, {"type": "Feature", "geometry": {"type": "Point", "coordinates": [132.1980311000001, 33.92708]}, "properties": {"id": "35305-000-001", "city": "周防大島", "address": "山口県　大島郡周防大島町大字西屋代字国木田２６１９番３", "residence_display": "_", "area_m2": 344, "usage": "住宅", "price_2025": 16600, "change_rate": -2.9, "nearest_station": "大畠", "station_distance_m": 5600, "road_width_m": 5.0, "building_coverage": 70, "floor_area_ratio": 200, "surroundings": "中規模一般住宅、農家住宅等が混在する住宅地域", "history": [{"year": 1994, "price": 21500}, {"year": 1995, "price": 21600}, {"year": 1996, "price": 21700}, {"year": 1997, "price": 21900}, {"year": 1998, "price": 22000}, {"year": 1999, "price": 22000}, {"year": 2000, "price": 22000}, {"year": 2001, "price": 22000}, {"year": 2002, "price": 21900}, {"year": 2003, "price": 21800}, {"year": 2004, "price": 21600}, {"year": 2005, "price": 21400}, {"year": 2006, "price": 21200}, {"year": 2007, "price": 21000}, {"year": 2008, "price": 20900}, {"year": 2009, "price": 20800}, {"year": 2010, "price": 20600}, {"year": 2011, "price": 20400}, {"year": 2012, "price": 20200}, {"year": 2013, "price": 20000}, {"year": 2014, "price": 19800}, {"year": 2015, "price": 19600}, {"year": 2016, "price": 19400}, {"year": 2017, "price": 19200}, {"year": 2018, "price": 19000}, {"year": 2019, "price": 18800}, {"year": 2020, "price": 18600}, {"year": 2021, "price": 18300}, {"year": 2022, "price": 18000}, {"year": 2023, "price": 17600}, {"year": 2024, "price": 17100}, {"year": 2025, "price": 16600}]}}, {"type": "Feature", "geometry": {"type": "Point", "coordinates": [132.19812690000003, 33.883841940000025]}, "properties": {"id": "35305-000-002", "city": "周防大島", "address": "山口県　大島郡周防大島町大字戸田字浜１７８８番", "residence_display": "_", "area_m2": 168, "usage": "住宅", "price_2025": 9500, "change_rate": -3.1, "nearest_station": "大畠", "station_distance_m": 13000, "road_width_m": 4.5, "building_coverage": 70, "floor_area_ratio": 200, "surroundings": "中規模一般住宅と漁家住宅が混在する住宅地域", "history": [{"year": 1994, "price": 13000}, {"year": 1995, "price": 13100}, {"year": 1996, "price": 13100}, {"year": 1997, "price": 13200}, {"year": 1998, "price": 13200}, {"year": 1999, "price": 13200}, {"year": 2000, "price": 13200}, {"year": 2001, "price": 13200}, {"year": 2002, "price": 13200}, {"year": 2003, "price": 13100}, {"year": 2004, "price": 12900}, {"year": 2005, "price": 12800}, {"year": 2006, "price": 12700}, {"year": 2007, "price": 12600}, {"year": 2008, "price": 12500}, {"year": 2009, "price": 12400}, {"year": 2010, "price": 12300}, {"year": 2011, "price": 12200}, {"year": 2012, "price": 12000}, {"year": 2013, "price": 11800}, {"year": 2014, "price": 11600}, {"year": 2015, "price": 11400}, {"year": 2016, "price": 11300}, {"year": 2017, "price": 11200}, {"year": 2018, "price": 11100}, {"year": 2019, "price": 11000}, {"year": 2020, "price": 10900}, {"year": 2021, "price": 10700}, {"year": 2022, "price": 10400}, {"year": 2023, "price": 10100}, {"year": 2024, "price": 9800}, {"year": 2025, "price": 9500}]}}, {"type": "Feature", "geometry": {"type": "Point", "coordinates": [132.20920890000002, 33.947625]}, "properties": {"id": "35305-005-001", "city": "周防大島", "address": "山口県　大島郡周防大島町大字西三蒲字山下１６９８番４", "residence_display": "_", "area_m2": 426, "usage": "商業地", "price_2025": 18300, "change_rate": -3.2, "nearest_station": "大畠", "station_distance_m": 4500, "road_width_m": 13.0, "building_coverage": 70, "floor_area_ratio": 200, "surroundings": "中小規模の店舗、住宅等の存する路線商業地域", "history": [{"year": 2011, "price": 23300}, {"year": 2012, "price": 22900}, {"year": 2013, "price": 22600}, {"year": 2014, "price": 22300}, {"year": 2015, "price": 22000}, {"year": 2016, "price": 21800}, {"year": 2017, "price": 21600}, {"year": 2018, "price": 21400}, {"year": 2019, "price": 21200}, {"year": 2020, "price": 21000}, {"year": 2021, "price": 20600}, {"year": 2022, "price": 20100}, {"year": 2023, "price": 19500}, {"year": 2024, "price": 18900}, {"year": 2025, "price": 18300}]}}, {"type": "Feature", "geometry": {"type": "Point", "coordinates": [132.21402190000003, 34.197978060000025]}, "properties": {"id": "35321-000-001", "city": "和木", "address": "山口県　玖珂郡和木町瀬田２丁目９３８番７外", "residence_display": "瀬田２－６－７", "area_m2": 351, "usage": "住宅", "price_2025": 55000, "change_rate": 1.9, "nearest_station": "和木", "station_distance_m": 2000, "road_width_m": 5.0, "building_coverage": 60, "floor_area_ratio": 200, "surroundings": "一般住宅のほかに社宅等が見られる住宅地域", "history": [{"year": 1983, "price": 54000}, {"year": 1984, "price": 55700}, {"year": 1985, "price": 57100}, {"year": 1986, "price": 58200}, {"year": 1987, "price": 59000}, {"year": 1988, "price": 59900}, {"year": 1989, "price": 61200}, {"year": 1990, "price": 64100}, {"year": 1991, "price": 73700}, {"year": 1992, "price": 81000}, {"year": 1993, "price": 82500}, {"year": 1994, "price": 83700}, {"year": 1995, "price": 85000}, {"year": 1996, "price": 85900}, {"year": 1997, "price": 86900}, {"year": 1998, "price": 87500}, {"year": 1999, "price": 85800}, {"year": 2000, "price": 85500}, {"year": 2001, "price": 85400}, {"year": 2002, "price": 85000}, {"year": 2003, "price": 82100}, {"year": 2004, "price": 78100}, {"year": 2005, "price": 72700}, {"year": 2006, "price": 68100}, {"year": 2007, "price": 65300}, {"year": 2008, "price": 64200}, {"year": 2009, "price": 64200}, {"year": 2010, "price": 63500}, {"year": 2011, "price": 60800}, {"year": 2012, "price": 58300}, {"year": 2013, "price": 56200}, {"year": 2014, "price": 54700}, {"year": 2015, "price": 53200}, {"year": 2016, "price": 51900}, {"year": 2017, "price": 51000}, {"year": 2018, "price": 51000}, {"year": 2019, "price": 51200}, {"year": 2020, "price": 51700}, {"year": 2021, "price": 52200}, {"year": 2022, "price": 52700}, {"year": 2023, "price": 53300}, {"year": 2024, "price": 54000}, {"year": 2025, "price": 55000}]}}, {"type": "Feature", "geometry": {"type": "Point", "coordinates": [132.2191600000001, 34.20511611000006]}, "properties": {"id": "35321-000-002", "city": "和木", "address": "山口県　玖珂郡和木町和木１丁目３２３番４", "residence_display": "和木１－８－２６－４", "area_m2": 155, "usage": "住宅", "price_2025": 78100, "change_rate": 2.1, "nearest_station": "和木", "station_distance_m": 1100, "road_width_m": 4.0, "building_coverage": 60, "floor_area_ratio": 200, "surroundings": "一般住宅等が建ち並ぶ利便性の良い住宅地域", "history": [{"year": 1983, "price": 72500}, {"year": 1984, "price": 75500}, {"year": 1985, "price": 77600}, {"year": 1986, "price": 79200}, {"year": 1987, "price": 80400}, {"year": 1988, "price": 81700}, {"year": 1989, "price": 83600}, {"year": 1990, "price": 87800}, {"year": 1991, "price": 100000}, {"year": 1992, "price": 110000}, {"year": 1993, "price": 112000}, {"year": 1994, "price": 114000}, {"year": 1995, "price": 116000}, {"year": 1996, "price": 117000}, {"year": 1997, "price": 119000}, {"year": 1998, "price": 120000}, {"year": 1999, "price": 117000}, {"year": 2000, "price": 116000}, {"year": 2001, "price": 115000}, {"year": 2002, "price": 111000}, {"year": 2003, "price": 105000}, {"year": 2004, "price": 97700}, {"year": 2005, "price": 92700}, {"year": 2006, "price": 87900}, {"year": 2007, "price": 85100}, {"year": 2008, "price": 85100}, {"year": 2009, "price": 85100}, {"year": 2010, "price": 84200}, {"year": 2011, "price": 80400}, {"year": 2012, "price": 77000}, {"year": 2013, "price": 74200}, {"year": 2014, "price": 72400}, {"year": 2015, "price": 71300}, {"year": 2016, "price": 70600}, {"year": 2017, "price": 70500}, {"year": 2018, "price": 70700}, {"year": 2019, "price": 71100}, {"year": 2020, "price": 72000}, {"year": 2021, "price": 72900}, {"year": 2022, "price": 73800}, {"year": 2023, "price": 75100}, {"year": 2024, "price": 76500}, {"year": 2025, "price": 78100}]}}, {"type": "Feature", "geometry": {"type": "Point", "coordinates": [132.22663110000008, 34.20392806000007]}, "properties": {"id": "35321-000-003", "city": "和木", "address": "山口県　玖珂郡和木町和木４丁目７３０番１０外", "residence_display": "和木４－１－１３", "area_m2": 313, "usage": "住宅", "price_2025": 78300, "change_rate": 1.8, "nearest_station": "和木", "station_distance_m": 140, "road_width_m": 8.0, "building_coverage": 60, "floor_area_ratio": 200, "surroundings": "住宅、アパート等が建ち並ぶ町道沿いの住宅地域", "history": [{"year": 1997, "price": 121000}, {"year": 1998, "price": 122000}, {"year": 1999, "price": 119000}, {"year": 2000, "price": 118000}, {"year": 2001, "price": 117000}, {"year": 2002, "price": 113000}, {"year": 2003, "price": 106000}, {"year": 2004, "price": 99200}, {"year": 2005, "price": 94100}, {"year": 2006, "price": 89200}, {"year": 2007, "price": 86500}, {"year": 2008, "price": 86500}, {"year": 2009, "price": 86500}, {"year": 2010, "price": 85800}, {"year": 2011, "price": 82700}, {"year": 2012, "price": 79900}, {"year": 2013, "price": 77300}, {"year": 2014, "price": 75500}, {"year": 2015, "price": 74400}, {"year": 2016, "price": 73700}, {"year": 2017, "price": 73400}, {"year": 2018, "price": 73600}, {"year": 2019, "price": 74000}, {"year": 2020, "price": 74600}, {"year": 2021, "price": 75000}, {"year": 2022, "price": 75400}, {"year": 2023, "price": 76100}, {"year": 2024, "price": 76900}, {"year": 2025, "price": 78300}]}}, {"type": "Feature", "geometry": {"type": "Point", "coordinates": [132.21983190000003, 34.205146110000044]}, "properties": {"id": "35321-005-001", "city": "和木", "address": "山口県　玖珂郡和木町和木１丁目３２８番２", "residence_display": "_", "area_m2": 193, "usage": "商業地", "price_2025": 81300, "change_rate": 1.1, "nearest_station": "和木", "station_distance_m": 1100, "road_width_m": 16.0, "building_coverage": 60, "floor_area_ratio": 200, "surroundings": "店舗、銀行、住宅等が混在する近隣商業地域", "history": [{"year": 2004, "price": 120000}, {"year": 2005, "price": 113000}, {"year": 2006, "price": 102000}, {"year": 2007, "price": 97400}, {"year": 2008, "price": 97400}, {"year": 2009, "price": 97400}, {"year": 2010, "price": 96400}, {"year": 2011, "price": 91500}, {"year": 2012, "price": 86900}, {"year": 2013, "price": 83700}, {"year": 2014, "price": 81700}, {"year": 2015, "price": 80300}, {"year": 2016, "price": 79500}, {"year": 2017, "price": 79100}, {"year": 2018, "price": 79100}, {"year": 2019, "price": 79300}, {"year": 2020, "price": 79500}, {"year": 2021, "price": 79500}, {"year": 2022, "price": 79500}, {"year": 2023, "price": 79900}, {"year": 2024, "price": 80400}, {"year": 2025, "price": 81300}]}}, {"type": "Feature", "geometry": {"type": "Point", "coordinates": [132.05437890000007, 33.95989694000008]}, "properties": {"id": "35343-000-001", "city": "田布施", "address": "山口県　熊毛郡田布施町大字波野字塩坪２１６９番２２", "residence_display": "_", "area_m2": 222, "usage": "住宅", "price_2025": 20700, "change_rate": 0.0, "nearest_station": "田布施", "station_distance_m": 1200, "road_width_m": 5.0, "building_coverage": 60, "floor_area_ratio": 200, "surroundings": "一般住宅のほかにアパート等が見られる住宅地域", "history": [{"year": 1994, "price": 39500}, {"year": 1995, "price": 40000}, {"year": 1996, "price": 40500}, {"year": 1997, "price": 41000}, {"year": 1998, "price": 41400}, {"year": 1999, "price": 41600}, {"year": 2000, "price": 41400}, {"year": 2001, "price": 41100}, {"year": 2002, "price": 40300}, {"year": 2003, "price": 38300}, {"year": 2004, "price": 34900}, {"year": 2005, "price": 31800}, {"year": 2006, "price": 29400}, {"year": 2007, "price": 27400}, {"year": 2008, "price": 26500}, {"year": 2009, "price": 25600}, {"year": 2010, "price": 24600}, {"year": 2011, "price": 23600}, {"year": 2012, "price": 22700}, {"year": 2013, "price": 22000}, {"year": 2014, "price": 21400}, {"year": 2015, "price": 21000}, {"year": 2016, "price": 20800}, {"year": 2017, "price": 20700}, {"year": 2018, "price": 20700}, {"year": 2019, "price": 20700}, {"year": 2020, "price": 20700}, {"year": 2021, "price": 20700}, {"year": 2022, "price": 20700}, {"year": 2023, "price": 20700}, {"year": 2024, "price": 20700}, {"year": 2025, "price": 20700}]}}, {"type": "Feature", "geometry": {"type": "Point", "coordinates": [132.0496389000001, 33.936481110000045]}, "properties": {"id": "35343-000-002", "city": "田布施", "address": "山口県　熊毛郡田布施町麻郷団地７０番", "residence_display": "_", "area_m2": 260, "usage": "住宅", "price_2025": 15500, "change_rate": 0.0, "nearest_station": "田布施", "station_distance_m": 3000, "road_width_m": 6.0, "building_coverage": 50, "floor_area_ratio": 80, "surroundings": "中規模一般住宅が区画整然と建ち並ぶ住宅地域", "history": [{"year": 1994, "price": 26200}, {"year": 1995, "price": 26400}, {"year": 1996, "price": 26800}, {"year": 1997, "price": 27100}, {"year": 1998, "price": 27300}, {"year": 1999, "price": 27400}, {"year": 2000, "price": 27400}, {"year": 2001, "price": 27400}, {"year": 2002, "price": 27300}, {"year": 2003, "price": 26200}, {"year": 2004, "price": 24800}, {"year": 2005, "price": 23600}, {"year": 2006, "price": 22600}, {"year": 2007, "price": 21900}, {"year": 2008, "price": 21500}, {"year": 2009, "price": 20500}, {"year": 2010, "price": 19500}, {"year": 2011, "price": 18500}, {"year": 2012, "price": 17700}, {"year": 2013, "price": 17100}, {"year": 2014, "price": 16600}, {"year": 2015, "price": 16300}, {"year": 2016, "price": 16100}, {"year": 2017, "price": 15900}, {"year": 2018, "price": 15800}, {"year": 2019, "price": 15800}, {"year": 2020, "price": 15700}, {"year": 2021, "price": 15600}, {"year": 2022, "price": 15500}, {"year": 2023, "price": 15500}, {"year": 2024, "price": 15500}, {"year": 2025, "price": 15500}]}}, {"type": "Feature", "geometry": {"type": "Point", "coordinates": [132.0436489000001, 33.95642306000008]}, "properties": {"id": "35343-005-001", "city": "田布施", "address": "山口県　熊毛郡田布施町大字下田布施字飾り８９９番１５", "residence_display": "_", "area_m2": 445, "usage": "商業地", "price_2025": 33500, "change_rate": 0.0, "nearest_station": "田布施", "station_distance_m": 250, "road_width_m": 16.0, "building_coverage": 80, "floor_area_ratio": 400, "surroundings": "店舗のほか一般住宅も介在する駅に近い商業地域", "history": [{"year": 1995, "price": 74000}, {"year": 1996, "price": 74300}, {"year": 1997, "price": 74500}, {"year": 1998, "price": 74600}, {"year": 1999, "price": 74600}, {"year": 2000, "price": 73100}, {"year": 2001, "price": 71200}, {"year": 2002, "price": 68700}, {"year": 2003, "price": 64200}, {"year": 2004, "price": 59700}, {"year": 2005, "price": 55400}, {"year": 2006, "price": 51700}, {"year": 2007, "price": 49000}, {"year": 2008, "price": 47200}, {"year": 2009, "price": 45300}, {"year": 2010, "price": 43300}, {"year": 2011, "price": 41100}, {"year": 2012, "price": 39200}, {"year": 2013, "price": 37400}, {"year": 2014, "price": 36200}, {"year": 2015, "price": 35300}, {"year": 2016, "price": 34700}, {"year": 2017, "price": 34300}, {"year": 2018, "price": 34000}, {"year": 2019, "price": 33800}, {"year": 2020, "price": 33700}, {"year": 2021, "price": 33600}, {"year": 2022, "price": 33500}, {"year": 2023, "price": 33500}, {"year": 2024, "price": 33500}, {"year": 2025, "price": 33500}]}}, {"type": "Feature", "geometry": {"type": "Point", "coordinates": [132.092365, 33.95515806000003]}, "properties": {"id": "35344-000-001", "city": "平生", "address": "山口県　熊毛郡平生町大字宇佐木字下猿田１０３１０番６", "residence_display": "_", "area_m2": 285, "usage": "住宅", "price_2025": 18300, "change_rate": -2.1, "nearest_station": "柳井", "station_distance_m": 2200, "road_width_m": 5.0, "building_coverage": 50, "floor_area_ratio": 100, "surroundings": "中規模一般住宅が建ち並ぶ高台の住宅地域", "history": [{"year": 1994, "price": 27000}, {"year": 1995, "price": 27300}, {"year": 1996, "price": 27700}, {"year": 1997, "price": 28100}, {"year": 1998, "price": 28500}, {"year": 1999, "price": 28900}, {"year": 2000, "price": 28900}, {"year": 2001, "price": 28700}, {"year": 2002, "price": 28200}, {"year": 2003, "price": 27300}, {"year": 2004, "price": 26400}, {"year": 2005, "price": 25900}, {"year": 2006, "price": 25600}, {"year": 2007, "price": 25300}, {"year": 2008, "price": 25100}, {"year": 2009, "price": 24800}, {"year": 2010, "price": 23800}, {"year": 2011, "price": 22800}, {"year": 2012, "price": 22200}, {"year": 2013, "price": 21700}, {"year": 2014, "price": 21300}, {"year": 2015, "price": 21000}, {"year": 2016, "price": 20800}, {"year": 2017, "price": 20600}, {"year": 2018, "price": 20400}, {"year": 2019, "price": 20200}, {"year": 2020, "price": 20000}, {"year": 2021, "price": 19800}, {"year": 2022, "price": 19500}, {"year": 2023, "price": 19100}, {"year": 2024, "price": 18700}, {"year": 2025, "price": 18300}]}}, {"type": "Feature", "geometry": {"type": "Point", "coordinates": [132.07720310000002, 33.935441110000056]}, "properties": {"id": "35344-000-002", "city": "平生", "address": "山口県　熊毛郡平生町大字大野北字水越３０番８", "residence_display": "_", "area_m2": 352, "usage": "住宅", "price_2025": 20800, "change_rate": -0.5, "nearest_station": "柳井", "station_distance_m": 5300, "road_width_m": 3.5, "building_coverage": 60, "floor_area_ratio": 200, "surroundings": "中規模一般住宅が建ち並ぶ既成住宅地域", "history": [{"year": 1994, "price": 30000}, {"year": 1995, "price": 30200}, {"year": 1996, "price": 30600}, {"year": 1997, "price": 31000}, {"year": 1998, "price": 31500}, {"year": 1999, "price": 31900}, {"year": 2000, "price": 31900}, {"year": 2001, "price": 31600}, {"year": 2002, "price": 31000}, {"year": 2003, "price": 29900}, {"year": 2004, "price": 28800}, {"year": 2005, "price": 28200}, {"year": 2006, "price": 27900}, {"year": 2007, "price": 27600}, {"year": 2008, "price": 27400}, {"year": 2009, "price": 27100}, {"year": 2010, "price": 25800}, {"year": 2011, "price": 24700}, {"year": 2012, "price": 24000}, {"year": 2013, "price": 23400}, {"year": 2014, "price": 22900}, {"year": 2015, "price": 22500}, {"year": 2016, "price": 22200}, {"year": 2017, "price": 22000}, {"year": 2018, "price": 21800}, {"year": 2019, "price": 21600}, {"year": 2020, "price": 21400}, {"year": 2021, "price": 21200}, {"year": 2022, "price": 21100}, {"year": 2023, "price": 21000}, {"year": 2024, "price": 20900}, {"year": 2025, "price": 20800}]}}, {"type": "Feature", "geometry": {"type": "Point", "coordinates": [132.07427, 33.93851]}, "properties": {"id": "35344-005-001", "city": "平生", "address": "山口県　熊毛郡平生町大字平生町字東浜１９７番７０", "residence_display": "_", "area_m2": 403, "usage": "商業地", "price_2025": 29000, "change_rate": -0.3, "nearest_station": "柳井", "station_distance_m": 4700, "road_width_m": 19.0, "building_coverage": 80, "floor_area_ratio": 400, "surroundings": "店舗、営業所等が建ち並ぶ県道沿いの商業地域", "history": [{"year": 2011, "price": 32800}, {"year": 2012, "price": 32200}, {"year": 2013, "price": 31700}, {"year": 2014, "price": 31200}, {"year": 2015, "price": 30800}, {"year": 2016, "price": 30500}, {"year": 2017, "price": 30300}, {"year": 2018, "price": 30100}, {"year": 2019, "price": 29900}, {"year": 2020, "price": 29700}, {"year": 2021, "price": 29500}, {"year": 2022, "price": 29400}, {"year": 2023, "price": 29300}, {"year": 2024, "price": 29100}, {"year": 2025, "price": 29000}]}}]}